signer_id,video_file,gloss,asl_lex_code,split,zip_name,video_id,file_size,gloss_base,ok,fps,n_frames,width,height,duration,motion_diff,det_rate,two_hand_rate,motion_wrist
P1,7316392299762329-WATERDROP.mp4,WATERDROP,H_01_019,train,ASL_Citizen/videos/7316392299762329-WATERDROP.mp4,7316392299762329-WATERDROP,525664,WATERDROP,True,29.996,77,640,480,2.567,9.632,0.25,0.0,1.4533
P1,9533248897839621-BETWEEN.mp4,BETWEEN,J_03_003,train,ASL_Citizen/videos/9533248897839621-BETWEEN.mp4,9533248897839621-BETWEEN,617999,BETWEEN,True,30.003,91,640,480,3.033,8.9614,0.375,0.0,3.0014
P1,44178831586926837-MOSQUITO.mp4,MOSQUITO,H_03_053,train,ASL_Citizen/videos/44178831586926837-MOSQUITO.mp4,44178831586926837-MOSQUITO,637674,MOSQUITO,True,30.0,93,640,480,3.1,12.6492,0.25,0.0,0.6221
P1,7054741400093962-WILL GO.mp4,WILLGO,J_01_095,train,ASL_Citizen/videos/7054741400093962-WILL GO.mp4,7054741400093962-WILL GO,621374,WILLGO,True,29.971,93,640,480,3.103,7.9457,0.25,0.0,0.4323
P1,03369501517929252-PROPOSE.mp4,PROPOSE,H_02_026,train,ASL_Citizen/videos/03369501517929252-PROPOSE.mp4,03369501517929252-PROPOSE,677930,PROPOSE,True,29.975,97,640,480,3.236,12.3619,0.25,0.125,2.3357
P1,038446216989295845-WIDE.mp4,WIDE,J_02_052,train,ASL_Citizen/videos/038446216989295845-WIDE.mp4,038446216989295845-WIDE,641654,WIDE,True,30.003,94,640,480,3.133,12.2643,0.25,0.125,2.2374
P1,010850214999561736-CELEBRATE.mp4,CELEBRATE,J_02_100,train,ASL_Citizen/videos/010850214999561736-CELEBRATE.mp4,010850214999561736-CELEBRATE,761263,CELEBRATE,True,30.003,112,640,480,3.733,16.5874,0.25,0.25,0.5164
P1,42981546208191546-SQUARE.mp4,SQUARE,J_01_060,train,ASL_Citizen/videos/42981546208191546-SQUARE.mp4,42981546208191546-SQUARE,695432,SQUARE,True,30.0,102,640,480,3.4,17.695,0.125,0.125,
P1,996512226187074-EASY TO_DO.mp4,EASYTODO,G_02_073,train,ASL_Citizen/videos/996512226187074-EASY TO_DO.mp4,996512226187074-EASY TO_DO,617487,EASYTODO,True,29.967,92,640,480,3.07,10.8348,0.375,0.25,2.0416
P1,15890366051589533-APPLE.mp4,APPLE,A_03_054,train,ASL_Citizen/videos/15890366051589533-APPLE.mp4,15890366051589533-APPLE,460121,APPLE,True,29.92,71,640,480,2.373,7.8503,0.375,0.0,0.4228
P1,4520498201410337-BACKPACK.mp4,BACKPACK1,G_03_091,train,ASL_Citizen/videos/4520498201410337-BACKPACK.mp4,4520498201410337-BACKPACK,511233,BACKPACK,True,30.004,76,640,480,2.533,10.4573,0.375,0.375,1.7036
P1,21344274764159632-ANYONE.mp4,ANYONE,H_01_059,train,ASL_Citizen/videos/21344274764159632-ANYONE.mp4,21344274764159632-ANYONE,517464,ANYONE,True,30.004,79,640,480,2.633,6.8524,0.375,0.0,2.8054
P1,031670126370264784-LICK ENVELOPE.mp4,LICKENVELOPE1,K_01_035,train,ASL_Citizen/videos/031670126370264784-LICK ENVELOPE.mp4,031670126370264784-LICK ENVELOPE,552869,LICKENVELOPE,True,29.996,80,640,480,2.667,12.6238,0.25,0.25,1.4744
P1,49288220098651747-DOG.mp4,DOG1,A_01_056,train,ASL_Citizen/videos/49288220098651747-DOG.mp4,49288220098651747-DOG,530679,DOG,True,30.0,81,640,480,2.7,5.9022,0.375,0.0,0.9879
P1,7809503445047001-BREAKFAST.mp4,BREAKFAST1,J_01_053,train,ASL_Citizen/videos/7809503445047001-BREAKFAST.mp4,7809503445047001-BREAKFAST,510822,BREAKFAST,True,29.996,77,640,480,2.567,6.5895,0.25,0.0,0.1525
P1,37542279833186454-STINK.mp4,STINK,H_01_064,train,ASL_Citizen/videos/37542279833186454-STINK.mp4,37542279833186454-STINK,574169,STINK,True,30.0,87,640,480,2.9,4.6472,0.375,0.0,0.4431
P1,5290373884784241-HATBRIM.mp4,HATBRIM,J_03_106,train,ASL_Citizen/videos/5290373884784241-HATBRIM.mp4,5290373884784241-HATBRIM,499670,HATBRIM,True,30.0,72,640,480,2.4,15.1146,0.5,0.0,4.2966
P1,44939873429204336-CEMETERY.mp4,CEMETERY,H_01_037,train,ASL_Citizen/videos/44939873429204336-CEMETERY.mp4,44939873429204336-CEMETERY,608357,CEMETERY,True,29.97,90,640,480,3.003,9.2575,0.375,0.25,4.9299
P1,02808154918358552-PEACOCK.mp4,PEACOCK,G_02_088,train,ASL_Citizen/videos/02808154918358552-PEACOCK.mp4,02808154918358552-PEACOCK,658124,PEACOCK,True,29.997,98,640,480,3.267,11.2847,0.25,0.0,0.2424
P1,7448818785190525-CAPTURE.mp4,CAPTURE,H_03_048,train,ASL_Citizen/videos/7448818785190525-CAPTURE.mp4,7448818785190525-CAPTURE,536977,CAPTURE,True,29.996,80,640,480,2.667,8.1137,0.375,0.25,2.6396
P1,6343693205934693-SHORT WORD.mp4,SHORTWORD,J_02_087,train,ASL_Citizen/videos/6343693205934693-SHORT WORD.mp4,6343693205934693-SHORT WORD,547763,SHORTWORD,True,29.996,80,640,480,2.667,15.2045,0.25,0.25,0.3093
P1,5880724478842327-PARANOID.mp4,PARANOID,J_02_021,train,ASL_Citizen/videos/5880724478842327-PARANOID.mp4,5880724478842327-PARANOID,730284,PARANOID,True,30.0,111,640,480,3.7,31.3448,0.375,0.375,1.4123
P1,8221969382671432-SCOLD.mp4,SCOLD,H_01_008,train,ASL_Citizen/videos/8221969382671432-SCOLD.mp4,8221969382671432-SCOLD,556491,SCOLD,True,30.004,85,640,480,2.833,9.0698,0.25,0.0,0.3882
P1,19749527870729988-CLIENT.mp4,CLIENT,J_01_031,train,ASL_Citizen/videos/19749527870729988-CLIENT.mp4,19749527870729988-CLIENT,654121,CLIENT,True,29.969,98,640,480,3.27,8.1045,0.125,0.125,
P1,1676037390807208-GREET.mp4,GREET1,J_01_042,train,ASL_Citizen/videos/1676037390807208-GREET.mp4,1676037390807208-GREET,743211,GREET,True,30.003,109,640,480,3.633,32.0075,0.375,0.25,2.358
P1,8212971647934255-SIGN PAPER.mp4,SIGNPAPER,H_03_094,train,ASL_Citizen/videos/8212971647934255-SIGN PAPER.mp4,8212971647934255-SIGN PAPER,553525,SIGNPAPER,True,30.0,81,640,480,2.7,12.203,0.25,0.25,0.2846
P1,23247991626849585-GYM.mp4,GYM,G_03_003,train,ASL_Citizen/videos/23247991626849585-GYM.mp4,23247991626849585-GYM,632086,GYM,True,30.003,91,640,480,3.033,17.406,0.375,0.25,2.7067
P1,001428415918161674-IMPROVE.mp4,IMPROVE,H_02_003,train,ASL_Citizen/videos/001428415918161674-IMPROVE.mp4,001428415918161674-IMPROVE,622372,IMPROVE,True,30.383,91,640,480,2.995,10.5922,0.375,0.0,1.4027
P10,7539638497657919-TOSS.mp4,TOSS,J_03_009,train,ASL_Citizen/videos/7539638497657919-TOSS.mp4,7539638497657919-TOSS,605349,TOSS,True,29.997,89,640,480,2.967,15.1736,0.375,0.0,1.7534
P10,021178261738775683-LICK ENVELOPE_2.mp4,LICKENVELOPE2,K_02_028,train,ASL_Citizen/videos/021178261738775683-LICK ENVELOPE_2.mp4,021178261738775683-LICK ENVELOPE_2,996570,LICKENVELOPE,True,29.839,146,640,480,4.893,25.9675,0.5,0.5,2.5501
P10,2814557853552391-PRECIOUS.mp4,PRECIOUS,H_02_071,train,ASL_Citizen/videos/2814557853552391-PRECIOUS.mp4,2814557853552391-PRECIOUS,587873,PRECIOUS,True,29.997,86,640,480,2.867,14.0093,0.5,0.5,1.0983
P10,5811864245474216-WHISPER.mp4,WHISPER,H_03_075,train,ASL_Citizen/videos/5811864245474216-WHISPER.mp4,5811864245474216-WHISPER,842116,WHISPER,True,30.0,120,640,480,4.0,34.2235,0.375,0.0,3.357
P10,8445853412817497-NOSE BLEED.mp4,NOSEBLEED,K_01_092,train,ASL_Citizen/videos/8445853412817497-NOSE BLEED.mp4,8445853412817497-NOSE BLEED,789890,NOSEBLEED,True,29.973,113,640,480,3.77,19.7495,0.5,0.375,4.2971
P10,555557057295545-RESIGN.mp4,RESIGN,J_01_084,train,ASL_Citizen/videos/555557057295545-RESIGN.mp4,555557057295545-RESIGN,564365,RESIGN,True,30.0,81,640,480,2.7,14.0546,0.375,0.375,0.4523
P10,3605583978799616-MINIMUM.mp4,MINIMUM2,J_03_077,train,ASL_Citizen/videos/3605583978799616-MINIMUM.mp4,3605583978799616-MINIMUM,602225,MINIMUM,True,29.976,86,640,480,2.869,20.18,0.5,0.25,3.789
P10,09828820324881482-PRACTICE.mp4,PRACTICE,F_03_002,train,ASL_Citizen/videos/09828820324881482-PRACTICE.mp4,09828820324881482-PRACTICE,570194,PRACTICE,True,30.335,86,640,480,2.835,31.141,0.25,0.0,0.2518
P10,305921157426585-BLOW.mp4,BLOW,E_02_096,train,ASL_Citizen/videos/305921157426585-BLOW.mp4,305921157426585-BLOW,501690,BLOW,True,29.972,74,640,480,2.469,29.6465,0.125,0.0,
P10,42092177013799237-CEMETERY.mp4,CEMETERY,H_01_037,train,ASL_Citizen/videos/42092177013799237-CEMETERY.mp4,42092177013799237-CEMETERY,637773,CEMETERY,True,29.968,95,640,480,3.17,14.7717,0.375,0.375,1.8395
P10,6095627327791597-EMPTY 2.mp4,EMPTY2,J_01_077,train,ASL_Citizen/videos/6095627327791597-EMPTY 2.mp4,6095627327791597-EMPTY 2,663834,EMPTY,True,29.975,97,640,480,3.236,19.9568,0.375,0.25,2.0712
P10,6287079618715046-BETWEEN.mp4,BETWEEN,J_03_003,train,ASL_Citizen/videos/6287079618715046-BETWEEN.mp4,6287079618715046-BETWEEN,526316,BETWEEN,True,29.996,74,640,480,2.467,28.7079,0.375,0.0,2.1253
P10,30558124517083196-LONG AGO.mp4,LONGAGO,J_01_026,train,ASL_Citizen/videos/30558124517083196-LONG AGO.mp4,30558124517083196-LONG AGO,672011,LONGAGO,True,30.366,102,640,480,3.359,14.3591,0.375,0.0,2.9878
P10,1904873815978978-PILLOW 3.mp4,PILLOW3,K_02_049,train,ASL_Citizen/videos/1904873815978978-PILLOW 3.mp4,1904873815978978-PILLOW 3,623945,PILLOW,True,29.997,86,640,480,2.867,22.481,0.5,0.25,2.517
P10,6790164094062809-SHAVE 4.mp4,SHAVE3,K_02_043,train,ASL_Citizen/videos/6790164094062809-SHAVE 4.mp4,6790164094062809-SHAVE 4,762233,SHAVE,True,30.003,106,640,480,3.533,18.8263,0.5,0.25,3.8816
P10,3666834642627286-ASTRONAUT.mp4,ASTRONAUT,F_02_013,train,ASL_Citizen/videos/3666834642627286-ASTRONAUT.mp4,3666834642627286-ASTRONAUT,601526,ASTRONAUT,True,30.0,87,640,480,2.9,16.0898,0.5,0.25,3.6513
P10,47546125188749744-SQUARE.mp4,SQUARE,J_01_060,train,ASL_Citizen/videos/47546125188749744-SQUARE.mp4,47546125188749744-SQUARE,928398,SQUARE,True,29.969,136,640,480,4.538,18.1246,0.625,0.375,1.94
P10,9888762305099419-DOUBLE.mp4,DOUBLE,H_03_084,train,ASL_Citizen/videos/9888762305099419-DOUBLE.mp4,9888762305099419-DOUBLE,636752,DOUBLE,True,30.003,91,640,480,3.033,15.1673,0.375,0.0,1.8141
P10,5117619310612302-MAPLE.mp4,MAPLE,H_03_064,train,ASL_Citizen/videos/5117619310612302-MAPLE.mp4,5117619310612302-MAPLE,1688160,MAPLE,True,29.919,250,640,480,8.356,40.964,0.75,0.375,5.1497
P10,06395508002745842-SNORKEL.mp4,SNORKEL,E_01_102,train,ASL_Citizen/videos/06395508002745842-SNORKEL.mp4,06395508002745842-SNORKEL,604927,SNORKEL,True,30.363,91,640,480,2.997,27.9524,0.375,0.0,3.455
P10,12044852047433174-INSTITUTE.mp4,INSTITUTE,J_02_047,train,ASL_Citizen/videos/12044852047433174-INSTITUTE.mp4,12044852047433174-INSTITUTE,671780,INSTITUTE,True,30.0,96,640,480,3.2,15.8952,0.375,0.375,1.134
P10,8843925372931778-FLASHLIGHT 3.mp4,FLASHLIGHT2,K_01_057,train,ASL_Citizen/videos/8843925372931778-FLASHLIGHT 3.mp4,8843925372931778-FLASHLIGHT 3,781878,FLASHLIGHT,True,29.97,109,640,480,3.637,20.597,0.75,0.25,7.2023
P10,9055897783856317-DIFFERENT.mp4,DIFFERENT,E_03_095,train,ASL_Citizen/videos/9055897783856317-DIFFERENT.mp4,9055897783856317-DIFFERENT,563526,DIFFERENT,True,29.975,83,640,480,2.769,18.3515,0.25,0.25,0.4701
P10,7292482367362085-STAND 2.mp4,STAND1,K_02_081,train,ASL_Citizen/videos/7292482367362085-STAND 2.mp4,7292482367362085-STAND 2,636058,STAND,True,30.0,90,640,480,3.0,13.0622,0.375,0.125,2.038
P10,5071931329705912-CHEW 2.mp4,CHEW1,J_02_027,train,ASL_Citizen/videos/5071931329705912-CHEW 2.mp4,5071931329705912-CHEW 2,645626,CHEW,True,29.971,93,640,480,3.103,25.2233,0.375,0.25,1.4155
P10,11495417287006338-PULL CONVINCE.mp4,PULLCONVINCE,G_03_069,train,ASL_Citizen/videos/11495417287006338-PULL CONVINCE.mp4,11495417287006338-PULL CONVINCE,997576,PULLCONVINCE,True,29.998,143,640,480,4.767,39.4669,0.5,0.5,2.5122
P10,21575808056407753-CORNER.mp4,CORNER,J_03_071,train,ASL_Citizen/videos/21575808056407753-CORNER.mp4,21575808056407753-CORNER,572619,CORNER,True,30.0,81,640,480,2.7,19.918,0.375,0.375,0.5412
P10,16264087730273102-REMOVE.mp4,REMOVE,J_02_092,train,ASL_Citizen/videos/16264087730273102-REMOVE.mp4,16264087730273102-REMOVE,463979,REMOVE,True,29.996,71,640,480,2.367,11.3497,0.375,0.0,2.0615
P11,13159646710732065-NAVY.mp4,NAVY,H_03_049,train,ASL_Citizen/videos/13159646710732065-NAVY.mp4,13159646710732065-NAVY,372952,NAVY,True,29.977,53,640,480,1.768,10.3071,0.25,0.25,1.1251
P11,09512172323348755-REMOVE.mp4,REMOVE,J_02_092,train,ASL_Citizen/videos/09512172323348755-REMOVE.mp4,09512172323348755-REMOVE,333519,REMOVE,True,30.0,45,640,480,1.5,12.1315,0.375,0.375,2.3672
P11,5497508630223635-ALL TOGETHER.mp4,ALLTOGETHER,J_01_044,train,ASL_Citizen/videos/5497508630223635-ALL TOGETHER.mp4,5497508630223635-ALL TOGETHER,443622,ALLTOGETHER,True,29.968,65,640,480,2.169,11.9653,0.25,0.125,1.3584
P11,34994625300305815-STAY.mp4,STAY,F_02_050,train,ASL_Citizen/videos/34994625300305815-STAY.mp4,34994625300305815-STAY,311220,STAY,True,29.932,44,640,480,1.47,8.4526,0.375,0.25,1.8044
P11,3784745408237076-MILK.mp4,MILK1,A_01_051,train,ASL_Citizen/videos/3784745408237076-MILK.mp4,3784745408237076-MILK,333292,MILK,True,29.969,49,640,480,1.635,5.9742,0.25,0.0,0.1271
P11,25714874269115295-BLOOM.mp4,BLOOM,G_03_014,train,ASL_Citizen/videos/25714874269115295-BLOOM.mp4,25714874269115295-BLOOM,389323,BLOOM,True,29.979,56,640,480,1.868,11.8002,0.25,0.25,0.956
P11,4747516197868804-SKIN.mp4,SKIN,F_01_091,train,ASL_Citizen/videos/4747516197868804-SKIN.mp4,4747516197868804-SKIN,374304,SKIN,True,29.971,52,640,480,1.735,8.7692,0.125,0.0,
P11,3056302859196467-STRAWBERRY 2.mp4,STRAWBERRY4,K_02_017,train,ASL_Citizen/videos/3056302859196467-STRAWBERRY 2.mp4,3056302859196467-STRAWBERRY 2,412909,STRAWBERRY,True,29.97,60,640,480,2.002,5.439,0.25,0.0,0.972
P11,38009642185937564-CURTSEY 2.mp4,CURTSEY1,K_03_038,train,ASL_Citizen/videos/38009642185937564-CURTSEY 2.mp4,38009642185937564-CURTSEY 2,444668,CURTSEY,True,29.971,63,640,480,2.102,5.2524,0.375,0.0,0.8246
P11,4565859971790316-WALL.mp4,WALL,E_01_089,train,ASL_Citizen/videos/4565859971790316-WALL.mp4,4565859971790316-WALL,305175,WALL,True,30.0,42,640,480,1.4,7.8962,0.375,0.25,2.5193
P11,8539244628879097-ABOUT 2.mp4,ABOUT2,B_02_003,train,ASL_Citizen/videos/8539244628879097-ABOUT 2.mp4,8539244628879097-ABOUT 2,421923,ABOUT,True,29.923,62,640,480,2.072,7.8324,0.25,0.0,0.1726
P11,010491997198803782-SEE SEE.mp4,SEESEE,J_03_004,train,ASL_Citizen/videos/010491997198803782-SEE SEE.mp4,010491997198803782-SEE SEE,513602,SEESEE,True,29.972,74,640,480,2.469,5.7741,0.25,0.0,0.1487
P11,6227924595575061-UPLOAD.mp4,UPLOAD,C_01_028,train,ASL_Citizen/videos/6227924595575061-UPLOAD.mp4,6227924595575061-UPLOAD,364992,UPLOAD,True,29.969,49,640,480,1.635,12.6322,0.25,0.25,1.4667
P11,9214405974294881-DREADLOCKS.mp4,DREADLOCKS,G_02_069,train,ASL_Citizen/videos/9214405974294881-DREADLOCKS.mp4,9214405974294881-DREADLOCKS,418268,DREADLOCKS,True,29.97,60,640,480,2.002,10.6384,0.5,0.25,5.6505
P11,34430075224246837-BAG 2.mp4,BAG2,K_02_015,train,ASL_Citizen/videos/34430075224246837-BAG 2.mp4,34430075224246837-BAG 2,409506,BAG,True,29.974,58,640,480,1.935,12.7303,0.375,0.125,3.262
P11,4586501986373326-HOME.mp4,HOME,B_03_063,train,ASL_Citizen/videos/4586501986373326-HOME.mp4,4586501986373326-HOME,421606,HOME,True,29.97,60,640,480,2.002,9.0634,0.25,0.0,0.523
P11,061750911557350685-ALCOHOL.mp4,ALCOHOL,E_03_012,train,ASL_Citizen/videos/061750911557350685-ALCOHOL.mp4,061750911557350685-ALCOHOL,379004,ALCOHOL,True,29.971,52,640,480,1.735,9.9941,0.375,0.25,1.9562
P11,7538688004095606-MISUNDERSTAND.mp4,MISUNDERSTAND,C_03_027,train,ASL_Citizen/videos/7538688004095606-MISUNDERSTAND.mp4,7538688004095606-MISUNDERSTAND,315877,MISUNDERSTAND,True,29.974,47,640,480,1.568,5.7671,0.375,0.0,1.7528
P11,5356590751985963-BRIGHT.mp4,BRIGHT,F_03_028,train,ASL_Citizen/videos/5356590751985963-BRIGHT.mp4,5356590751985963-BRIGHT,394178,BRIGHT,True,29.968,57,640,480,1.902,8.3791,0.25,0.25,0.4492
P11,5163303323951169-ROCK.mp4,ROCK,A_01_030,train,ASL_Citizen/videos/5163303323951169-ROCK.mp4,5163303323951169-ROCK,344076,ROCK,True,29.922,50,640,480,1.671,6.8966,0.375,0.125,3.7659
P11,09553222336557976-HANDSOME 3.mp4,HANDSOME4,E_03_041,train,ASL_Citizen/videos/09553222336557976-HANDSOME 3.mp4,09553222336557976-HANDSOME 3,492222,HANDSOME,True,29.996,74,640,480,2.467,8.7486,0.375,0.0,2.1811
P11,31550032829167884-TRUCK 2.mp4,TRUCK2,J_02_070,train,ASL_Citizen/videos/31550032829167884-TRUCK 2.mp4,31550032829167884-TRUCK 2,333103,TRUCK,True,29.967,46,640,480,1.535,10.7235,0.5,0.25,5.121
P11,20219847289059545-STUPID 1.mp4,STUPID1,C_01_058,train,ASL_Citizen/videos/20219847289059545-STUPID 1.mp4,20219847289059545-STUPID 1,337675,STUPID,True,29.925,48,640,480,1.604,8.1518,0.125,0.0,
P11,8736526627821839-EXPRESS.mp4,EXPRESS,J_01_009,train,ASL_Citizen/videos/8736526627821839-EXPRESS.mp4,8736526627821839-EXPRESS,338041,EXPRESS,True,29.963,48,640,480,1.602,6.3339,0.375,0.0,3.6357
P11,9229236586644618-SARCASTIC.mp4,SARCASTIC,E_01_005,train,ASL_Citizen/videos/9229236586644618-SARCASTIC.mp4,9229236586644618-SARCASTIC,358140,SARCASTIC,True,29.994,50,640,480,1.667,15.298,0.375,0.25,0.8817
P11,004863715759637621-HELMET.mp4,HELMET1,D_02_034,train,ASL_Citizen/videos/004863715759637621-HELMET.mp4,004863715759637621-HELMET,329706,HELMET,True,29.932,44,640,480,1.47,16.3458,0.375,0.25,4.9215
P11,04625975589048403-SOCCER 2.mp4,SOCCER2,F_03_032,train,ASL_Citizen/videos/04625975589048403-SOCCER 2.mp4,04625975589048403-SOCCER 2,312010,SOCCER,True,29.967,46,640,480,1.535,6.8868,0.5,0.25,4.9842
P11,26604528436164676-BOWLING 2.mp4,BOWLING2,K_01_067,train,ASL_Citizen/videos/26604528436164676-BOWLING 2.mp4,26604528436164676-BOWLING 2,341406,BOWLING,True,29.974,47,640,480,1.568,8.7497,0.25,0.0,0.4543
P12,6150062095177353-UPLOAD.mp4,UPLOAD,C_01_028,val,ASL_Citizen/videos/6150062095177353-UPLOAD.mp4,6150062095177353-UPLOAD,454053,UPLOAD,True,29.973,66,640,480,2.202,12.608,0.5,0.375,4.2936
P12,7502738277577992-ALARM.mp4,ALARM,C_01_085,val,ASL_Citizen/videos/7502738277577992-ALARM.mp4,7502738277577992-ALARM,375496,ALARM,True,29.977,53,640,480,1.768,7.0717,0.625,0.375,1.3669
P12,5087612535042978-FIGHT.mp4,FIGHT,B_03_058,val,ASL_Citizen/videos/5087612535042978-FIGHT.mp4,5087612535042978-FIGHT,421144,FIGHT,True,30.005,61,640,480,2.033,9.7358,0.5,0.0,4.5012
P12,7496447065789817-HOTEL.mp4,HOTEL,B_01_053,val,ASL_Citizen/videos/7496447065789817-HOTEL.mp4,7496447065789817-HOTEL,717107,HOTEL,True,30.003,109,640,480,3.633,9.5935,0.375,0.25,1.6673
P12,01290530886067165-PARENTS.mp4,PARENTS,B_03_044,val,ASL_Citizen/videos/01290530886067165-PARENTS.mp4,01290530886067165-PARENTS,424510,PARENTS,True,29.97,60,640,480,2.002,8.9803,0.5,0.0,2.5639
P12,3667327710276649-DEER.mp4,DEER,A_03_060,val,ASL_Citizen/videos/3667327710276649-DEER.mp4,3667327710276649-DEER,537769,DEER,True,30.004,76,640,480,2.533,15.4065,0.375,0.25,3.1119
P12,3539541476509367-SOAP.mp4,SOAP1,A_01_084,val,ASL_Citizen/videos/3539541476509367-SOAP.mp4,3539541476509367-SOAP,436108,SOAP,True,29.977,64,640,480,2.135,8.8899,0.375,0.375,0.3573
P12,48764434217377106-TEACHER.mp4,TEACHER,A_02_033,val,ASL_Citizen/videos/48764434217377106-TEACHER.mp4,48764434217377106-TEACHER,419260,TEACHER,True,29.975,61,640,480,2.035,12.0613,0.5,0.375,3.8791
P12,6029451769485379-GRAPES.mp4,GRAPES1,A_02_089,val,ASL_Citizen/videos/6029451769485379-GRAPES.mp4,6029451769485379-GRAPES,474861,GRAPES,True,29.978,67,640,480,2.235,10.6475,0.5,0.375,3.0057
P12,9670696859371226-BODY.mp4,BODY,B_01_047,val,ASL_Citizen/videos/9670696859371226-BODY.mp4,9670696859371226-BODY,444223,BODY,True,29.995,62,640,480,2.067,8.3331,0.25,0.25,0.1464
P12,9486655421389341-FIRST.mp4,FIRST,C_01_033,val,ASL_Citizen/videos/9486655421389341-FIRST.mp4,9486655421389341-FIRST,341287,FIRST,True,29.994,50,640,480,1.667,6.3023,0.375,0.0,1.3739
P12,7791424980867376-GOOD.mp4,GOOD,B_01_052,val,ASL_Citizen/videos/7791424980867376-GOOD.mp4,7791424980867376-GOOD,350064,GOOD,True,29.977,53,640,480,1.768,5.3742,0.375,0.0,1.7716
P12,40025411478786954-BOWTIE.mp4,BOWTIE,A_01_044,val,ASL_Citizen/videos/40025411478786954-BOWTIE.mp4,40025411478786954-BOWTIE,472358,BOWTIE,True,30.004,70,640,480,2.333,9.2792,0.375,0.0,1.7402
P12,02018925306549635-A LITTLE BIT.mp4,ALITTLEBIT,H_03_025,val,ASL_Citizen/videos/02018925306549635-A LITTLE BIT.mp4,02018925306549635-A LITTLE BIT,358122,ALITTLEBIT,True,29.927,53,640,480,1.771,8.7457,0.5,0.0,17.2571
P12,04054371959979797-CENTER.mp4,CENTER,C_01_027,val,ASL_Citizen/videos/04054371959979797-CENTER.mp4,04054371959979797-CENTER,355246,CENTER,True,30.0,51,640,480,1.7,7.8129,0.375,0.25,2.9364
P12,3406521362861936-DRYER.mp4,DRYER,C_01_007,val,ASL_Citizen/videos/3406521362861936-DRYER.mp4,3406521362861936-DRYER,522054,DRYER,True,30.004,76,640,480,2.533,7.494,0.625,0.0,3.1159
P12,30621099215646885-FLAG.mp4,FLAG1,B_01_036,val,ASL_Citizen/videos/30621099215646885-FLAG.mp4,30621099215646885-FLAG,441388,FLAG,True,29.995,62,640,480,2.067,12.0692,0.625,0.0,1.8331
P12,24758144482774802-WHO.mp4,WHO,C_01_041,val,ASL_Citizen/videos/24758144482774802-WHO.mp4,24758144482774802-WHO,336101,WHO,True,29.976,50,640,480,1.668,5.4976,0.5,0.0,1.2065
P12,5973578983221044-HAMSTER.mp4,HAMSTER,E_03_073,val,ASL_Citizen/videos/5973578983221044-HAMSTER.mp4,5973578983221044-HAMSTER,368455,HAMSTER,True,30.0,51,640,480,1.7,6.4704,0.375,0.0,0.4725
P12,19039558672419843-WHEN.mp4,WHEN,C_03_086,val,ASL_Citizen/videos/19039558672419843-WHEN.mp4,19039558672419843-WHEN,366995,WHEN,True,30.0,51,640,480,1.7,7.7846,0.5,0.375,2.554
P12,6286630509591475-CERTIFICATE.mp4,CERTIFICATE,B_01_080,val,ASL_Citizen/videos/6286630509591475-CERTIFICATE.mp4,6286630509591475-CERTIFICATE,397455,CERTIFICATE,True,30.589,55,640,480,1.798,9.2517,0.375,0.375,0.1719
P12,7477453605531588-FEEL.mp4,FEEL,C_02_001,val,ASL_Citizen/videos/7477453605531588-FEEL.mp4,7477453605531588-FEEL,361792,FEEL,True,29.919,52,640,480,1.738,6.4702,0.625,0.0,1.9526
P12,6956446129755143-FLIP SWITCH.mp4,FLIPSWITCH,E_01_066,val,ASL_Citizen/videos/6956446129755143-FLIP SWITCH.mp4,6956446129755143-FLIP SWITCH,342140,FLIPSWITCH,True,29.994,50,640,480,1.667,8.1473,0.375,0.0,0.8283
P12,23960171827240861-WHISTLE.mp4,WHISTLE1,A_02_046,val,ASL_Citizen/videos/23960171827240861-WHISTLE.mp4,23960171827240861-WHISTLE,385681,WHISTLE,True,30.569,59,640,480,1.93,8.4008,0.375,0.0,0.155
P12,19251166827026056-STRAWBERRY.mp4,STRAWBERRY1,A_01_068,val,ASL_Citizen/videos/19251166827026056-STRAWBERRY.mp4,19251166827026056-STRAWBERRY,391789,STRAWBERRY,True,29.974,58,640,480,1.935,9.3854,0.375,0.0,0.804
P12,35455702192899774-LEARN.mp4,LEARN,B_01_042,val,ASL_Citizen/videos/35455702192899774-LEARN.mp4,35455702192899774-LEARN,449365,LEARN,True,30.005,64,640,480,2.133,9.7902,0.375,0.0,2.805
P12,0837225606034755-WATER SKI.mp4,WATERSKI,F_03_022,val,ASL_Citizen/videos/0837225606034755-WATER SKI.mp4,0837225606034755-WATER SKI,520839,WATERSKI,True,29.996,77,640,480,2.567,8.8913,0.5,0.375,2.0646
P12,490309511901436-HONK.mp4,HONK,H_01_074,val,ASL_Citizen/videos/490309511901436-HONK.mp4,490309511901436-HONK,405423,HONK,True,29.995,62,640,480,2.067,9.4049,0.375,0.0,1.0229
P13,47254428321033815-NOT MIND.mp4,NOTMIND,G_01_060,val,ASL_Citizen/videos/47254428321033815-NOT MIND.mp4,47254428321033815-NOT MIND,876489,NOTMIND,True,30.0,132,640,480,4.4,11.1935,0.25,0.0,3.365
P13,022354983429386133-CHAMP.mp4,CHAMP,J_03_030,val,ASL_Citizen/videos/022354983429386133-CHAMP.mp4,022354983429386133-CHAMP,587462,CHAMP,True,15.003,75,640,480,4.999,7.9252,0.125,0.125,
P14,807497670016361-CAKE.mp4,CAKE,D_01_033,train,ASL_Citizen/videos/807497670016361-CAKE.mp4,807497670016361-CAKE,407225,CAKE,True,29.974,58,640,480,1.935,11.2027,0.375,0.0,0.9302
P14,03616283033219392-PHYSICS.mp4,PHYSICS,E_03_014,train,ASL_Citizen/videos/03616283033219392-PHYSICS.mp4,03616283033219392-PHYSICS,413304,PHYSICS,True,30.475,59,640,480,1.936,15.7249,0.5,0.375,3.006
P14,45271353642946033-PIZZA CUTTER.mp4,PIZZACUTTER,E_02_084,train,ASL_Citizen/videos/45271353642946033-PIZZA CUTTER.mp4,45271353642946033-PIZZA CUTTER,646544,PIZZACUTTER,True,29.917,94,640,480,3.142,14.9234,0.5,0.25,13.049
P14,5575092774239518-FEED 2.mp4,FEED1,K_02_035,train,ASL_Citizen/videos/5575092774239518-FEED 2.mp4,5575092774239518-FEED 2,452530,FEED,True,30.761,66,640,480,2.146,9.0888,0.25,0.0,0.3243
P14,7436623508280409-DIAPER.mp4,DIAPER,A_02_002,train,ASL_Citizen/videos/7436623508280409-DIAPER.mp4,7436623508280409-DIAPER,475558,DIAPER,True,30.635,67,640,480,2.187,11.6145,0.375,0.25,5.83
P14,26945502704397617-GIRAFFE.mp4,GIRAFFE,A_03_049,train,ASL_Citizen/videos/26945502704397617-GIRAFFE.mp4,26945502704397617-GIRAFFE,482115,GIRAFFE,True,30.468,67,640,480,2.199,16.8815,0.375,0.0,2.0141
P14,749256686029846-LEAVE.mp4,LEAVE,B_02_084,train,ASL_Citizen/videos/749256686029846-LEAVE.mp4,749256686029846-LEAVE,384873,LEAVE,True,30.454,55,640,480,1.806,13.1999,0.375,0.25,3.4369
P14,33927198866118635-SCRIPT.mp4,SCRIPT,H_03_081,train,ASL_Citizen/videos/33927198866118635-SCRIPT.mp4,33927198866118635-SCRIPT,489209,SCRIPT,True,30.502,65,640,480,2.131,14.8254,0.375,0.25,1.6234
P14,16793906083710386-LETTUCE 2.mp4,LETTUCE2,B_01_073,train,ASL_Citizen/videos/16793906083710386-LETTUCE 2.mp4,16793906083710386-LETTUCE 2,460088,LETTUCE,True,30.0,66,640,480,2.2,10.5684,0.375,0.0,0.4726
P14,6922066006329073-DANCER.mp4,DANCER,A_02_034,train,ASL_Citizen/videos/6922066006329073-DANCER.mp4,6922066006329073-DANCER,547007,DANCER,True,29.996,77,640,480,2.567,16.3211,0.25,0.0,4.7324
P14,9763122886582376-BIND.mp4,BIND,E_03_092,train,ASL_Citizen/videos/9763122886582376-BIND.mp4,9763122886582376-BIND,510808,BIND,True,30.004,73,640,480,2.433,8.8377,0.375,0.125,7.2631
P14,05000362015724513-TWO WEEKS.mp4,TWOWEEKS,J_03_066,train,ASL_Citizen/videos/05000362015724513-TWO WEEKS.mp4,05000362015724513-TWO WEEKS,481011,TWOWEEKS,True,30.0,69,640,480,2.3,12.0321,0.375,0.125,1.4428
P14,5785099037486217-CLOSE EYES.mp4,CLOSEEYES,E_01_068,train,ASL_Citizen/videos/5785099037486217-CLOSE EYES.mp4,5785099037486217-CLOSE EYES,438553,CLOSEEYES,True,30.005,61,640,480,2.033,15.4759,0.375,0.375,0.4245
P14,748383999888639-DINING ROOM.mp4,DININGROOM,F_02_049,train,ASL_Citizen/videos/748383999888639-DINING ROOM.mp4,748383999888639-DINING ROOM,526479,DININGROOM,True,30.004,79,640,480,2.633,8.819,0.625,0.125,5.3544
P14,9846111472715839-RIDE 2.mp4,RIDE1,J_03_026,train,ASL_Citizen/videos/9846111472715839-RIDE 2.mp4,9846111472715839-RIDE 2,432433,RIDE,True,29.912,59,640,480,1.972,7.281,0.375,0.0,0.4396
P14,755031246904718-LET KNOW.mp4,LETKNOW,D_02_028,train,ASL_Citizen/videos/755031246904718-LET KNOW.mp4,755031246904718-LET KNOW,392485,LETKNOW,True,30.534,56,640,480,1.834,16.0854,0.375,0.125,6.6028
P14,04233817642169213-DONT KNOW.mp4,DONTKNOW,E_03_049,train,ASL_Citizen/videos/04233817642169213-DONT KNOW.mp4,04233817642169213-DONT KNOW,464512,DONTKNOW,True,30.362,62,640,480,2.042,13.8843,0.375,0.125,5.7213
P14,17693535746396538-EITHER.mp4,EITHER,J_01_085,train,ASL_Citizen/videos/17693535746396538-EITHER.mp4,17693535746396538-EITHER,387334,EITHER,True,30.427,53,640,480,1.742,6.6336,0.125,0.0,
P14,10496504067219159-TOURNAMENT.mp4,TOURNAMENT,B_03_031,train,ASL_Citizen/videos/10496504067219159-TOURNAMENT.mp4,10496504067219159-TOURNAMENT,476129,TOURNAMENT,True,30.534,64,640,480,2.096,14.0728,0.5,0.0,4.5405
P14,5956139983741693-PLEASE.mp4,PLEASE,B_02_007,train,ASL_Citizen/videos/5956139983741693-PLEASE.mp4,5956139983741693-PLEASE,489510,PLEASE,True,29.975,72,640,480,2.402,12.2632,0.375,0.0,1.5073
P14,2849775584391827-DESSERT.mp4,DESSERT,F_01_094,train,ASL_Citizen/videos/2849775584391827-DESSERT.mp4,2849775584391827-DESSERT,465306,DESSERT,True,30.004,67,640,480,2.233,7.6821,0.375,0.375,1.4566
P14,4150910745199128-SCOOP.mp4,SCOOP,J_03_044,train,ASL_Citizen/videos/4150910745199128-SCOOP.mp4,4150910745199128-SCOOP,536944,SCOOP,True,29.964,77,640,480,2.57,10.4088,0.0,0.0,
P14,9743855332594995-MOP 2.mp4,MOP2,K_02_064,train,ASL_Citizen/videos/9743855332594995-MOP 2.mp4,9743855332594995-MOP 2,493644,MOP,True,29.97,71,640,480,2.369,12.6358,0.125,0.0,
P14,6880585805336716-FLAG 2.mp4,FLAG2,G_02_092,train,ASL_Citizen/videos/6880585805336716-FLAG 2.mp4,6880585805336716-FLAG 2,435173,FLAG,True,30.414,58,640,480,1.907,9.3551,0.5,0.0,2.3533
P14,5998700631365634-CAMERA.mp4,CAMERA,B_03_073,train,ASL_Citizen/videos/5998700631365634-CAMERA.mp4,5998700631365634-CAMERA,425304,CAMERA,True,29.925,60,640,480,2.005,13.3067,0.375,0.25,2.4013
P14,8082621375412273-SPIT OUT.mp4,SPITOUT,F_02_030,train,ASL_Citizen/videos/8082621375412273-SPIT OUT.mp4,8082621375412273-SPIT OUT,357336,SPITOUT,True,30.322,47,640,480,1.55,4.4487,0.5,0.0,1.2887
P14,6576010639886045-GIRL.mp4,GIRL,C_03_073,train,ASL_Citizen/videos/6576010639886045-GIRL.mp4,6576010639886045-GIRL,365668,GIRL,True,29.994,53,640,480,1.767,9.1115,0.25,0.0,0.6112
P14,7740108257847211-PRIDE.mp4,PRIDE,A_01_081,train,ASL_Citizen/videos/7740108257847211-PRIDE.mp4,7740108257847211-PRIDE,446948,PRIDE,True,30.418,64,640,480,2.104,10.0181,0.25,0.0,0.1532
P15,7950502065995313-FAULT.mp4,FAULT,C_01_051,test,ASL_Citizen/videos/7950502065995313-FAULT.mp4,7950502065995313-FAULT,584682,FAULT,True,29.976,86,640,480,2.869,6.9353,0.375,0.0,2.2267
P15,28645742627606263-AXE 2.mp4,AXE2,F_01_013,test,ASL_Citizen/videos/28645742627606263-AXE 2.mp4,28645742627606263-AXE 2,1343019,AXE,True,29.998,197,640,480,6.567,21.4938,0.625,0.25,10.3047
P15,052874934296611054-EUROPE.mp4,EUROPE,C_02_010,test,ASL_Citizen/videos/052874934296611054-EUROPE.mp4,052874934296611054-EUROPE,653162,EUROPE,True,29.917,94,640,480,3.142,9.9091,0.375,0.0,1.9261
P15,1343829873511997-CALIFORNIA.mp4,CALIFORNIA,H_02_038,test,ASL_Citizen/videos/1343829873511997-CALIFORNIA.mp4,1343829873511997-CALIFORNIA,1037375,CALIFORNIA,True,30.0,156,640,480,5.2,8.1942,0.375,0.0,2.3376
P15,5804474557706663-CHIN 2.mp4,CHIN,F_02_070,test,ASL_Citizen/videos/5804474557706663-CHIN 2.mp4,5804474557706663-CHIN 2,702563,CHIN,True,30.003,103,640,480,3.433,7.1623,0.375,0.0,0.3814
P15,18825624699541077-CRY 3.mp4,CRY4,K_02_040,test,ASL_Citizen/videos/18825624699541077-CRY 3.mp4,18825624699541077-CRY 3,1003329,CRY,True,29.973,146,640,480,4.871,16.6382,0.25,0.125,0.9011
P15,9740758611731273-LOOK LIKE.mp4,LOOKLIKE,G_03_029,test,ASL_Citizen/videos/9740758611731273-LOOK LIKE.mp4,9740758611731273-LOOK LIKE,749811,LOOKLIKE,True,30.0,108,640,480,3.6,15.6907,0.375,0.0,2.1256
P15,8040555041132331-TRIM 2.mp4,TRIM1,K_01_062,test,ASL_Citizen/videos/8040555041132331-TRIM 2.mp4,8040555041132331-TRIM 2,727926,TRIM,True,30.003,106,640,480,3.533,13.5572,0.375,0.375,1.6485
P15,6053145428088884-OPEN.mp4,OPEN,G_03_088,test,ASL_Citizen/videos/6053145428088884-OPEN.mp4,6053145428088884-OPEN,1159900,OPEN,True,30.414,174,640,480,5.721,11.8536,0.5,0.375,2.1374
P15,8790279150116067-ALL.mp4,ALL,C_03_088,test,ASL_Citizen/videos/8790279150116067-ALL.mp4,8790279150116067-ALL,535612,ALL,True,30.004,79,640,480,2.633,8.6781,0.375,0.25,3.5686
P15,08427564057948222-FLOAT.mp4,FLOAT3,E_03_043,test,ASL_Citizen/videos/08427564057948222-FLOAT.mp4,08427564057948222-FLOAT,739577,FLOAT,True,29.97,109,640,480,3.637,11.9899,0.375,0.0,2.991
P15,2865880121599427-HALF HOUR.mp4,HALFHOUR,J_02_024,test,ASL_Citizen/videos/2865880121599427-HALF HOUR.mp4,2865880121599427-HALF HOUR,1371226,HALFHOUR,True,29.998,197,640,480,6.567,14.8083,0.375,0.0,0.6772
P15,5687279295950145-ABOUT 2.mp4,ABOUT2,B_02_003,test,ASL_Citizen/videos/5687279295950145-ABOUT 2.mp4,5687279295950145-ABOUT 2,1164563,ABOUT,True,29.918,172,640,480,5.749,10.2132,0.5,0.5,0.3397
P15,7495533920750443-FLAG.mp4,FLAG1,B_01_036,test,ASL_Citizen/videos/7495533920750443-FLAG.mp4,7495533920750443-FLAG,632973,FLAG,True,29.967,92,640,480,3.07,15.8431,0.375,0.125,1.7859
P15,6613113262064576-BOTTOM.mp4,BOTTOM,F_01_066,test,ASL_Citizen/videos/6613113262064576-BOTTOM.mp4,6613113262064576-BOTTOM,552250,BOTTOM,True,29.968,84,640,480,2.803,5.1737,0.375,0.0,0.7955
P15,8082644399729977-DORMITORY.mp4,DORMITORY,A_01_059,test,ASL_Citizen/videos/8082644399729977-DORMITORY.mp4,8082644399729977-DORMITORY,1146652,DORMITORY,True,29.998,170,640,480,5.667,13.1547,0.375,0.0,2.7513
P15,3565718036435941-SOMERSAULT.mp4,SOMERSAULT3,J_02_012,test,ASL_Citizen/videos/3565718036435941-SOMERSAULT.mp4,3565718036435941-SOMERSAULT,1471678,SOMERSAULT,True,29.916,185,640,480,6.184,23.1411,0.375,0.25,2.538
P15,2935799876191909-FORM.mp4,FORM,G_03_023,test,ASL_Citizen/videos/2935799876191909-FORM.mp4,2935799876191909-FORM,1106815,FORM,True,29.918,165,640,480,5.515,11.5173,0.125,0.125,
P15,16681110982835512-LICK 1.mp4,LICK1,E_02_021,test,ASL_Citizen/videos/16681110982835512-LICK 1.mp4,16681110982835512-LICK 1,944908,LICK,True,30.237,140,640,480,4.63,29.1481,0.5,0.25,2.0866
P15,4872502911936374-STRETCH 1.mp4,STRETCH2,K_02_108,test,ASL_Citizen/videos/4872502911936374-STRETCH 1.mp4,4872502911936374-STRETCH 1,655454,STRETCH,True,29.924,98,640,480,3.275,10.9606,0.5,0.125,4.2476
P15,7698688743700464-BOARD.mp4,BOARD,J_01_105,test,ASL_Citizen/videos/7698688743700464-BOARD.mp4,7698688743700464-BOARD,993404,BOARD,True,29.998,146,640,480,4.867,16.27,0.25,0.0,1.1217
P15,3986572966680024-MEETING.mp4,MEETING,C_03_082,test,ASL_Citizen/videos/3986572966680024-MEETING.mp4,3986572966680024-MEETING,1436717,MEETING,True,30.001,211,640,480,7.033,7.7537,0.25,0.25,0.0995
P15,45613275919189045-DUCK.mp4,DUCK2,D_01_079,test,ASL_Citizen/videos/45613275919189045-DUCK.mp4,45613275919189045-DUCK,1167249,DUCK,True,29.998,176,640,480,5.867,14.5319,0.375,0.0,0.6701
P15,08034777213813338-SOPHOMORE.mp4,SOPHOMORE,J_01_107,test,ASL_Citizen/videos/08034777213813338-SOPHOMORE.mp4,08034777213813338-SOPHOMORE,995619,SOPHOMORE,True,29.998,146,640,480,4.867,12.7135,0.25,0.25,0.2821
P15,8028704230157644-HAPPEN.mp4,HAPPEN,B_03_080,test,ASL_Citizen/videos/8028704230157644-HAPPEN.mp4,8028704230157644-HAPPEN,1063223,HAPPEN,True,29.969,155,640,480,5.172,19.6978,0.375,0.25,4.1209
P15,7213381501215772-LEAVE ALONE.mp4,LEAVEALONE,H_03_105,test,ASL_Citizen/videos/7213381501215772-LEAVE ALONE.mp4,7213381501215772-LEAVE ALONE,585201,LEAVEALONE,True,30.004,85,640,480,2.833,7.3675,0.375,0.25,3.5031
P15,2612656121658259-GOLD.mp4,GOLD,D_02_009,test,ASL_Citizen/videos/2612656121658259-GOLD.mp4,2612656121658259-GOLD,627548,GOLD,True,30.603,94,640,480,3.072,5.6673,0.375,0.0,1.8075
P15,3108896149851206-DEPTH.mp4,DEPTH,F_02_018,test,ASL_Citizen/videos/3108896149851206-DEPTH.mp4,3108896149851206-DEPTH,1139443,DEPTH,True,30.002,166,640,480,5.533,27.2316,0.375,0.25,4.5912
P16,2141395102507424-SARCASTIC.mp4,SARCASTIC,E_01_005,train,ASL_Citizen/videos/2141395102507424-SARCASTIC.mp4,2141395102507424-SARCASTIC,488812,SARCASTIC,True,29.995,65,640,480,2.167,17.0831,0.5,0.375,2.0194
P16,516787085039579-WHY NOT.mp4,WHYNOT,H_02_034,train,ASL_Citizen/videos/516787085039579-WHY NOT.mp4,516787085039579-WHY NOT,397796,WHYNOT,True,29.995,56,640,480,1.867,8.1614,0.5,0.0,2.5982
P16,42865044409237596-UNCERTAIN.mp4,UNCERTAIN,H_02_020,train,ASL_Citizen/videos/42865044409237596-UNCERTAIN.mp4,42865044409237596-UNCERTAIN,464371,UNCERTAIN,True,29.915,63,640,480,2.106,9.0396,0.5,0.375,2.501
P16,852274863060462-PEPSI.mp4,PEPSI,C_01_021,train,ASL_Citizen/videos/852274863060462-PEPSI.mp4,852274863060462-PEPSI,392380,PEPSI,True,30.005,55,640,480,1.833,6.44,0.5,0.0,4.8451
P16,8700779332488509-EGG BEATER.mp4,EGGBEATER,E_01_007,train,ASL_Citizen/videos/8700779332488509-EGG BEATER.mp4,8700779332488509-EGG BEATER,536885,EGGBEATER,True,29.975,72,640,480,2.402,19.6162,0.5,0.0,0.6251
P16,6833260084540722-STRAWBERRY 2.mp4,STRAWBERRY4,K_02_017,train,ASL_Citizen/videos/6833260084540722-STRAWBERRY 2.mp4,6833260084540722-STRAWBERRY 2,551200,STRAWBERRY,True,30.004,79,640,480,2.633,8.055,0.5,0.0,1.7889
P16,6777068978717664-ROCKET 1.mp4,ROCKET1,E_01_016,train,ASL_Citizen/videos/6777068978717664-ROCKET 1.mp4,6777068978717664-ROCKET 1,538600,ROCKET,True,30.004,76,640,480,2.533,15.1759,0.625,0.125,4.9664
P16,6679139031479595-TUBE TOP.mp4,TUBETOP,E_01_067,train,ASL_Citizen/videos/6679139031479595-TUBE TOP.mp4,6679139031479595-TUBE TOP,516506,TUBETOP,True,29.92,71,640,480,2.373,18.3288,0.5,0.375,7.1214
P16,48604078466345424-NEXT.mp4,NEXT,E_03_080,train,ASL_Citizen/videos/48604078466345424-NEXT.mp4,48604078466345424-NEXT,500387,NEXT,True,30.0,72,640,480,2.4,15.0375,0.375,0.375,1.7967
P16,30815259237743664-WINDOW.mp4,WINDOW,A_03_042,train,ASL_Citizen/videos/30815259237743664-WINDOW.mp4,30815259237743664-WINDOW,518438,WINDOW,True,29.996,71,640,480,2.367,13.9409,0.5,0.375,1.6886
P16,10738275775367034-DROP.mp4,DROP,C_03_052,train,ASL_Citizen/videos/10738275775367034-DROP.mp4,10738275775367034-DROP,428191,DROP,True,30.0,57,640,480,1.9,13.5819,0.625,0.375,6.4208
P16,27262770774597556-CAN.mp4,CAN1,D_03_027,train,ASL_Citizen/videos/27262770774597556-CAN.mp4,27262770774597556-CAN,381263,CAN,True,29.994,53,640,480,1.767,10.6241,0.5,0.25,5.575
P16,8764310647431719-DROWN 4.mp4,DROWN5,K_03_077,train,ASL_Citizen/videos/8764310647431719-DROWN 4.mp4,8764310647431719-DROWN 4,484786,DROWN,True,29.995,65,640,480,2.167,16.0729,0.625,0.375,4.5494
P16,5669441504120689-ALL WAY.mp4,ALLWAY,H_01_084,train,ASL_Citizen/videos/5669441504120689-ALL WAY.mp4,5669441504120689-ALL WAY,512733,ALLWAY,True,29.996,74,640,480,2.467,11.8612,0.5,0.0,3.9274
P16,6579643332523333-DISNEY.mp4,DISNEY,D_03_035,train,ASL_Citizen/videos/6579643332523333-DISNEY.mp4,6579643332523333-DISNEY,589474,DISNEY,True,30.0,81,640,480,2.7,13.5173,0.5,0.0,1.1117
P16,9855148784500478-SOON.mp4,SOON1,G_01_004,train,ASL_Citizen/videos/9855148784500478-SOON.mp4,9855148784500478-SOON,519166,SOON,True,30.004,73,640,480,2.433,11.8168,0.375,0.0,0.3238
P16,8916774360115496-FINS.mp4,FINS,E_03_058,train,ASL_Citizen/videos/8916774360115496-FINS.mp4,8916774360115496-FINS,718353,FINS,True,29.974,105,640,480,3.503,11.9839,0.5,0.125,5.8303
P16,774643014335272-BINOCULARS.mp4,BINOCULARS,A_03_074,train,ASL_Citizen/videos/774643014335272-BINOCULARS.mp4,774643014335272-BINOCULARS,480341,BINOCULARS,True,30.0,69,640,480,2.3,10.5665,0.375,0.375,0.1483
P16,7232130288023519-HARMONICA.mp4,HARMONICA,G_03_054,train,ASL_Citizen/videos/7232130288023519-HARMONICA.mp4,7232130288023519-HARMONICA,621979,HARMONICA,True,30.0,87,640,480,2.9,13.0725,0.625,0.375,4.057
P16,9174856064075789-SIT.mp4,SIT,D_03_034,train,ASL_Citizen/videos/9174856064075789-SIT.mp4,9174856064075789-SIT,505728,SIT,True,30.004,70,640,480,2.333,19.9591,0.625,0.5,2.6561
P16,3707142118611746-MEA CULPA.mp4,MEACULPA,K_03_048,train,ASL_Citizen/videos/3707142118611746-MEA CULPA.mp4,3707142118611746-MEA CULPA,534466,MEACULPA,True,29.968,76,640,480,2.536,13.5598,0.5,0.375,1.6213
P16,5751192926488522-POTATO.mp4,POTATO,A_03_050,train,ASL_Citizen/videos/5751192926488522-POTATO.mp4,5751192926488522-POTATO,674451,POTATO,True,30.0,99,640,480,3.3,13.0062,0.375,0.25,2.0966
P16,5650868043704504-NINE.mp4,NINE,E_03_008,train,ASL_Citizen/videos/5650868043704504-NINE.mp4,5650868043704504-NINE,428564,NINE,True,29.968,57,640,480,1.902,15.1163,0.5,0.0,1.1428
P16,38149155339177043-MEAN 1.mp4,MEAN2,B_02_069,train,ASL_Citizen/videos/38149155339177043-MEAN 1.mp4,38149155339177043-MEAN 1,527246,MEAN,True,29.967,73,640,480,2.436,12.6929,0.375,0.375,0.6071
P16,5232855079818777-WASH 1.mp4,WASH1,E_01_033,train,ASL_Citizen/videos/5232855079818777-WASH 1.mp4,5232855079818777-WASH 1,576936,WASH,True,30.004,85,640,480,2.833,13.8027,0.625,0.5,2.1133
P16,8025431070005722-ADVERTISE.mp4,ADVERTISE,J_03_015,train,ASL_Citizen/videos/8025431070005722-ADVERTISE.mp4,8025431070005722-ADVERTISE,472509,ADVERTISE,True,30.005,64,640,480,2.133,12.9953,0.625,0.125,2.9209
P16,08694365369994972-WELCOME.mp4,WELCOME2,J_02_054,train,ASL_Citizen/videos/08694365369994972-WELCOME.mp4,08694365369994972-WELCOME,432403,WELCOME,True,29.995,59,640,480,1.967,9.3968,0.5,0.0,2.2819
P16,019727237235516837-OCTOPUS.mp4,OCTOPUS,F_03_007,train,ASL_Citizen/videos/019727237235516837-OCTOPUS.mp4,019727237235516837-OCTOPUS,500465,OCTOPUS,True,30.583,66,640,480,2.158,19.7486,0.625,0.375,2.7737
P17,3810281455305067-SLINGSHOT.mp4,SLINGSHOT,F_02_069,test,ASL_Citizen/videos/3810281455305067-SLINGSHOT.mp4,3810281455305067-SLINGSHOT,588837,SLINGSHOT,True,30.392,83,640,480,2.731,9.8317,0.375,0.375,0.7283
P17,3461616334585582-CAT.mp4,CAT1,A_01_023,test,ASL_Citizen/videos/3461616334585582-CAT.mp4,3461616334585582-CAT,305684,CAT,True,30.397,50,640,480,1.645,4.3552,0.875,0.0,1.4951
P17,35219813299833724-EYES AWAKE.mp4,EYESAWAKE,G_01_041,test,ASL_Citizen/videos/35219813299833724-EYES AWAKE.mp4,35219813299833724-EYES AWAKE,679654,EYESAWAKE,True,29.67,83,640,480,2.797,10.2862,0.375,0.375,1.6706
P17,35179633539022714-ARCHEOLOGY.mp4,ARCHEOLOGY,G_03_060,test,ASL_Citizen/videos/35179633539022714-ARCHEOLOGY.mp4,35179633539022714-ARCHEOLOGY,596073,ARCHEOLOGY,True,29.919,85,640,480,2.841,14.0254,0.5,0.375,2.423
P17,8096128850912345-VASE.mp4,VASE,E_02_028,test,ASL_Citizen/videos/8096128850912345-VASE.mp4,8096128850912345-VASE,486965,VASE,True,30.875,67,640,480,2.17,15.3151,0.375,0.375,4.6073
P17,19555143420060128-DESERT.mp4,DESERT,A_03_008,test,ASL_Citizen/videos/19555143420060128-DESERT.mp4,19555143420060128-DESERT,471592,DESERT,True,31.293,67,640,480,2.141,13.7929,0.625,0.375,5.5283
P17,010432200517740853-ALL DAY.mp4,ALLDAY,H_02_093,test,ASL_Citizen/videos/010432200517740853-ALL DAY.mp4,010432200517740853-ALL DAY,536798,ALLDAY,True,30.806,77,640,480,2.5,10.7691,0.25,0.0,1.0997
P17,44574021400878805-HOLD TOGETHER.mp4,HOLDTOGETHER,E_02_003,test,ASL_Citizen/videos/44574021400878805-HOLD TOGETHER.mp4,44574021400878805-HOLD TOGETHER,462072,HOLDTOGETHER,True,28.31,67,640,480,2.367,9.8036,0.375,0.25,3.8529
P17,9660722441175273-KNOW.mp4,KNOW,C_01_048,test,ASL_Citizen/videos/9660722441175273-KNOW.mp4,9660722441175273-KNOW,339043,KNOW,True,29.917,47,640,480,1.571,7.7459,0.5,0.0,0.7153
P17,8514466788298789-STORY 2.mp4,STORY3,J_01_007,test,ASL_Citizen/videos/8514466788298789-STORY 2.mp4,8514466788298789-STORY 2,465833,STORY,True,30.875,67,640,480,2.17,12.1458,0.375,0.25,2.4485
P17,2644534224610522-MOTORCYCLE.mp4,MOTORCYCLE,D_01_011,test,ASL_Citizen/videos/2644534224610522-MOTORCYCLE.mp4,2644534224610522-MOTORCYCLE,461795,MOTORCYCLE,True,30.117,65,640,480,2.158,9.2722,0.375,0.375,0.6557
P17,08091812466088366-SENIOR CITIZEN.mp4,SENIORCITIZEN,H_03_097,test,ASL_Citizen/videos/08091812466088366-SENIOR CITIZEN.mp4,08091812466088366-SENIOR CITIZEN,522601,SENIORCITIZEN,True,29.972,85,640,480,2.836,12.881,0.375,0.0,1.552
P17,41980765299643896-LINE.mp4,LINE,C_02_069,test,ASL_Citizen/videos/41980765299643896-LINE.mp4,41980765299643896-LINE,412830,LINE,True,29.974,58,640,480,1.935,19.832,0.25,0.125,3.6587
P17,9743425494824138-SWORD.mp4,SWORD,E_03_101,test,ASL_Citizen/videos/9743425494824138-SWORD.mp4,9743425494824138-SWORD,469983,SWORD,True,28.979,68,640,480,2.347,9.5365,0.375,0.0,2.9553
P17,6597986411171235-SKIN.mp4,SKIN,F_01_091,test,ASL_Citizen/videos/6597986411171235-SKIN.mp4,6597986411171235-SKIN,303831,SKIN,True,29.677,47,640,480,1.584,5.2981,0.5,0.0,1.6755
P17,16258110248572089-STRESS.mp4,STRESS,B_02_075,test,ASL_Citizen/videos/16258110248572089-STRESS.mp4,16258110248572089-STRESS,490015,STRESS,True,30.809,71,640,480,2.305,5.7752,0.625,0.0,3.992
P17,3553839371878009-LUNCH.mp4,LUNCH1,G_02_081,test,ASL_Citizen/videos/3553839371878009-LUNCH.mp4,3553839371878009-LUNCH,586938,LUNCH,True,28.422,84,640,480,2.955,7.1101,0.25,0.0,0.1967
P17,5680509348047644-WASH 1.mp4,WASH1,E_01_033,test,ASL_Citizen/videos/5680509348047644-WASH 1.mp4,5680509348047644-WASH 1,470156,WASH,True,29.966,70,640,480,2.336,9.1091,0.5,0.0,2.0338
P17,40405734671318805-BUT.mp4,BUT,D_03_030,test,ASL_Citizen/videos/40405734671318805-BUT.mp4,40405734671318805-BUT,396229,BUT,True,29.784,55,640,480,1.847,8.6064,0.375,0.25,1.1525
P17,6943777071046873-PLATFORM.mp4,PLATFORM,E_03_070,test,ASL_Citizen/videos/6943777071046873-PLATFORM.mp4,6943777071046873-PLATFORM,515462,PLATFORM,True,30.454,74,640,480,2.43,12.9861,0.25,0.125,5.0348
P17,18890991904023569-BRICK.mp4,BRICK,H_02_085,test,ASL_Citizen/videos/18890991904023569-BRICK.mp4,18890991904023569-BRICK,529409,BRICK,True,30.004,85,640,480,2.833,14.2097,0.375,0.375,0.3289
P17,707849793047042-TOP.mp4,TOP,H_01_065,test,ASL_Citizen/videos/707849793047042-TOP.mp4,707849793047042-TOP,433469,TOP,True,30.0,63,640,480,2.1,14.2665,0.5,0.5,1.3054
P17,658547069240617-SWALLOW.mp4,SWALLOW,B_02_019,test,ASL_Citizen/videos/658547069240617-SWALLOW.mp4,658547069240617-SWALLOW,384965,SWALLOW,True,29.3,55,640,480,1.877,3.5904,0.125,0.0,
P17,8344447734565208-OWN.mp4,OWN,D_03_046,test,ASL_Citizen/videos/8344447734565208-OWN.mp4,8344447734565208-OWN,403796,OWN,True,30.464,58,640,480,1.904,5.7413,0.375,0.375,0.723
P17,9853094630259003-A LITTLE BIT.mp4,ALITTLEBIT,H_03_025,test,ASL_Citizen/videos/9853094630259003-A LITTLE BIT.mp4,9853094630259003-A LITTLE BIT,366822,ALITTLEBIT,True,28.137,51,640,480,1.813,3.3088,0.625,0.0,1.5826
P17,5589083628708851-SURGERY.mp4,SURGERY,H_03_046,test,ASL_Citizen/videos/5589083628708851-SURGERY.mp4,5589083628708851-SURGERY,544003,SURGERY,True,30.396,70,640,480,2.303,5.2779,0.375,0.25,1.4448
P17,6984219857516545-DINNER 2.mp4,DINNER2,J_02_023,test,ASL_Citizen/videos/6984219857516545-DINNER 2.mp4,6984219857516545-DINNER 2,359948,DINNER,True,28.353,53,640,480,1.869,4.4793,0.5,0.0,2.4652
P17,9549894242903887-CAMCORDER.mp4,CAMCORDER,E_03_021,test,ASL_Citizen/videos/9549894242903887-CAMCORDER.mp4,9549894242903887-CAMCORDER,522898,CAMCORDER,True,27.89,70,640,480,2.51,10.6598,0.5,0.0,2.0821
P18,2988419768251245-ENVELOPE.mp4,ENVELOPE1,D_02_020,test,ASL_Citizen/videos/2988419768251245-ENVELOPE.mp4,2988419768251245-ENVELOPE,511981,ENVELOPE,True,25.0,73,640,480,2.92,11.0398,0.25,0.125,1.4912
P18,21823547164671253-DORMITORY.mp4,DORMITORY,A_01_059,test,ASL_Citizen/videos/21823547164671253-DORMITORY.mp4,21823547164671253-DORMITORY,368530,DORMITORY,True,25.0,53,640,480,2.12,6.9091,0.5,0.0,1.2927
P18,23421385935048922-STAY.mp4,STAY,F_02_050,test,ASL_Citizen/videos/23421385935048922-STAY.mp4,23421385935048922-STAY,538016,STAY,True,25.0,76,640,480,3.04,11.2196,0.25,0.25,3.4963
P18,45570169792125337-CHIMNEY.mp4,CHIMNEY,E_02_064,test,ASL_Citizen/videos/45570169792125337-CHIMNEY.mp4,45570169792125337-CHIMNEY,556122,CHIMNEY,True,25.0,77,640,480,3.08,18.465,0.125,0.0,
P18,6763688669120533-HOLD 2.mp4,HOLD2,K_02_124,test,ASL_Citizen/videos/6763688669120533-HOLD 2.mp4,6763688669120533-HOLD 2,529629,HOLD,True,25.0,75,640,480,3.0,9.8234,0.125,0.0,
P18,24716742512501555-FORK 4.mp4,FORK4,K_01_027,test,ASL_Citizen/videos/24716742512501555-FORK 4.mp4,24716742512501555-FORK 4,510404,FORK,True,25.0,73,640,480,2.92,10.207,0.375,0.25,3.7625
P18,6359168168399791-STACK.mp4,STACK3,J_01_096,test,ASL_Citizen/videos/6359168168399791-STACK.mp4,6359168168399791-STACK,513243,STACK,True,25.0,74,640,480,2.96,11.5843,0.375,0.375,1.69
P18,30580085699561765-MIND TURNED.mp4,MINDTURNED,J_01_034,test,ASL_Citizen/videos/30580085699561765-MIND TURNED.mp4,30580085699561765-MIND TURNED,567736,MINDTURNED,True,25.0,78,640,480,3.12,13.4945,0.375,0.125,4.2579
P18,4052172247333312-MEAT.mp4,MEAT1,D_02_022,test,ASL_Citizen/videos/4052172247333312-MEAT.mp4,4052172247333312-MEAT,552526,MEAT,True,25.0,77,640,480,3.08,9.1948,0.375,0.25,2.4788
P18,3074137796806018-LICK 2.mp4,LICK2,F_02_090,test,ASL_Citizen/videos/3074137796806018-LICK 2.mp4,3074137796806018-LICK 2,529871,LICK,True,25.0,73,640,480,2.92,13.3417,0.125,0.0,
P18,059544061711185536-BOW 2.mp4,BOW2,G_02_063,test,ASL_Citizen/videos/059544061711185536-BOW 2.mp4,059544061711185536-BOW 2,415482,BOW,True,25.0,58,640,480,2.32,11.796,0.25,0.0,0.1434
P18,6380007697228789-BANANA 4.mp4,BANANA4,K_01_061,test,ASL_Citizen/videos/6380007697228789-BANANA 4.mp4,6380007697228789-BANANA 4,562282,BANANA,True,25.0,82,640,480,3.28,8.2843,0.375,0.25,1.1015
P18,9692887591234911-RIDE 1.mp4,RIDE2,F_03_023,test,ASL_Citizen/videos/9692887591234911-RIDE 1.mp4,9692887591234911-RIDE 1,486916,RIDE,True,25.0,71,640,480,2.84,10.0393,0.25,0.125,2.8559
P18,6816940223298953-TEACH.mp4,TEACH1,D_02_052,test,ASL_Citizen/videos/6816940223298953-TEACH.mp4,6816940223298953-TEACH,550319,TEACH,True,25.0,78,640,480,3.12,11.9892,0.25,0.25,0.2447
P18,7528199913527911-GRANDFATHER.mp4,GRANDFATHER,B_02_036,test,ASL_Citizen/videos/7528199913527911-GRANDFATHER.mp4,7528199913527911-GRANDFATHER,475792,GRANDFATHER,True,25.0,67,640,480,2.68,8.2313,0.375,0.0,2.1355
P18,27053453929701443-SELF.mp4,SELF,H_01_015,test,ASL_Citizen/videos/27053453929701443-SELF.mp4,27053453929701443-SELF,491935,SELF,True,25.0,70,640,480,2.8,11.1672,0.0,0.0,
P18,1297137006151603-BEARD.mp4,BEARD,C_03_085,test,ASL_Citizen/videos/1297137006151603-BEARD.mp4,1297137006151603-BEARD,513067,BEARD,True,25.0,73,640,480,2.92,13.4508,0.125,0.0,
P18,699504082678422-GESTURE.mp4,GESTURE,J_03_086,test,ASL_Citizen/videos/699504082678422-GESTURE.mp4,699504082678422-GESTURE,524259,GESTURE,True,25.0,73,640,480,2.92,12.0826,0.5,0.25,6.9425
P18,3221478565629188-PEANUT BUTTER.mp4,PEANUTBUTTER,E_02_077,test,ASL_Citizen/videos/3221478565629188-PEANUT BUTTER.mp4,3221478565629188-PEANUT BUTTER,495304,PEANUTBUTTER,True,25.0,67,640,480,2.68,13.5005,0.0,0.0,
P18,3667496042411382-US.mp4,US,H_03_055,test,ASL_Citizen/videos/3667496042411382-US.mp4,3667496042411382-US,422411,US,True,25.0,59,640,480,2.36,7.2829,0.375,0.0,2.3199
P18,9526180645276527-MAPLE.mp4,MAPLE,H_03_064,test,ASL_Citizen/videos/9526180645276527-MAPLE.mp4,9526180645276527-MAPLE,524415,MAPLE,True,25.0,74,640,480,2.96,8.2765,0.375,0.0,1.5306
P18,8075636170068727-MEGAPHONE.mp4,MEGAPHONE,G_03_102,test,ASL_Citizen/videos/8075636170068727-MEGAPHONE.mp4,8075636170068727-MEGAPHONE,543280,MEGAPHONE,True,25.0,77,640,480,3.08,10.9378,0.25,0.125,0.9199
P18,5025175662912476-FIT.mp4,FIT,E_02_007,test,ASL_Citizen/videos/5025175662912476-FIT.mp4,5025175662912476-FIT,289934,FIT,True,25.0,40,640,480,1.6,8.1512,0.125,0.125,
P18,3772519822120497-BAT 1.mp4,BAT2,F_03_043,test,ASL_Citizen/videos/3772519822120497-BAT 1.mp4,3772519822120497-BAT 1,570702,BAT,True,25.0,81,640,480,3.24,9.8955,0.375,0.25,0.6599
P18,7314175455278578-CITY 2.mp4,CITY2,K_02_076,test,ASL_Citizen/videos/7314175455278578-CITY 2.mp4,7314175455278578-CITY 2,576872,CITY,True,25.0,81,640,480,3.24,12.2366,0.375,0.25,3.5702
P18,5586203147728446-FOLD.mp4,FOLD1,F_02_019,test,ASL_Citizen/videos/5586203147728446-FOLD.mp4,5586203147728446-FOLD,397646,FOLD,True,15.171,48,640,480,3.164,10.5765,0.375,0.125,6.3369
P18,9846579401543398-OPTION.mp4,OPTION,F_01_092,test,ASL_Citizen/videos/9846579401543398-OPTION.mp4,9846579401543398-OPTION,516201,OPTION,True,25.0,72,640,480,2.88,10.4362,0.375,0.25,3.1521
P18,22162621053334486-SAXOPHONE.mp4,SAXOPHONE,G_03_015,test,ASL_Citizen/videos/22162621053334486-SAXOPHONE.mp4,22162621053334486-SAXOPHONE,464159,SAXOPHONE,True,25.0,68,640,480,2.72,12.9553,0.25,0.25,0.3796
P19,5754567070291534-EXPERIENCED.mp4,EXPERIENCED,F_02_023,train,ASL_Citizen/videos/5754567070291534-EXPERIENCED.mp4,5754567070291534-EXPERIENCED,853525,EXPERIENCED,True,29.916,124,640,480,4.145,5.3137,0.25,0.0,0.54
P19,7338422160028957-TOUCH.mp4,TOUCH,G_03_063,train,ASL_Citizen/videos/7338422160028957-TOUCH.mp4,7338422160028957-TOUCH,929024,TOUCH,True,30.002,133,640,480,4.433,7.0984,0.5,0.125,2.4343
P19,2951366960825246-COOL 5.mp4,COOL4,J_01_004,train,ASL_Citizen/videos/2951366960825246-COOL 5.mp4,2951366960825246-COOL 5,1102454,COOL,True,29.919,163,640,480,5.448,8.2986,0.375,0.25,3.8908
P2,5739517401420167-SOMERSAULT 2.mp4,SOMERSAULT1,K_02_118,train,ASL_Citizen/videos/5739517401420167-SOMERSAULT 2.mp4,5739517401420167-SOMERSAULT 2,575110,SOMERSAULT,True,30.003,94,640,480,3.133,15.4774,0.5,0.125,1.7906
P2,5233007014342965-FOREIGNER 2.mp4,FOREIGNER2,C_03_067,train,ASL_Citizen/videos/5233007014342965-FOREIGNER 2.mp4,5233007014342965-FOREIGNER 2,601656,FOREIGNER,True,29.997,104,640,480,3.467,15.1635,0.375,0.125,3.9694
P2,2784088169530947-SQUEEZE.mp4,SQUEEZE,H_03_019,train,ASL_Citizen/videos/2784088169530947-SQUEEZE.mp4,2784088169530947-SQUEEZE,441143,SQUEEZE,True,29.997,89,640,480,2.967,10.2518,0.125,0.0,
P2,8051591014458779-YUCKY.mp4,YUCKY,E_01_011,train,ASL_Citizen/videos/8051591014458779-YUCKY.mp4,8051591014458779-YUCKY,526128,YUCKY,True,30.0,96,640,480,3.2,10.2602,0.375,0.0,1.1247
P2,33862989862667203-SMART.mp4,SMART,D_02_075,train,ASL_Citizen/videos/33862989862667203-SMART.mp4,33862989862667203-SMART,486309,SMART,True,29.997,92,640,480,3.067,12.2818,0.375,0.0,0.6865
P2,5922184346134158-STUMBLE.mp4,STUMBLE,J_02_079,train,ASL_Citizen/videos/5922184346134158-STUMBLE.mp4,5922184346134158-STUMBLE,621916,STUMBLE,True,30.003,97,640,480,3.233,15.877,0.0,0.0,
P2,6878225845673043-GOD.mp4,GOD,D_02_068,train,ASL_Citizen/videos/6878225845673043-GOD.mp4,6878225845673043-GOD,361409,GOD,True,29.996,68,640,480,2.267,10.4239,0.375,0.0,5.4058
P2,27440062785659736-SNEAK ADVENTURE.mp4,SNEAKADVENTURE,F_01_057,train,ASL_Citizen/videos/27440062785659736-SNEAK ADVENTURE.mp4,27440062785659736-SNEAK ADVENTURE,651978,SNEAKADVENTURE,True,29.997,110,640,480,3.667,14.2212,0.5,0.25,4.0354
P2,25342203817340914-CEMETERY.mp4,CEMETERY,H_01_037,train,ASL_Citizen/videos/25342203817340914-CEMETERY.mp4,25342203817340914-CEMETERY,565595,CEMETERY,True,29.997,98,640,480,3.267,14.1062,0.375,0.25,2.1717
P2,2403200169934374-FRUIT.mp4,FRUIT,C_02_083,train,ASL_Citizen/videos/2403200169934374-FRUIT.mp4,2403200169934374-FRUIT,345804,FRUIT,True,30.0,66,640,480,2.2,7.3148,0.5,0.0,0.9718
P2,664062330171346-BULLSHIT.mp4,BULLSHIT,J_03_053,train,ASL_Citizen/videos/664062330171346-BULLSHIT.mp4,664062330171346-BULLSHIT,412401,BULLSHIT,True,30.0,78,640,480,2.6,7.4479,0.25,0.0,0.3575
P2,08144085517709909-CONTACT.mp4,CONTACT,D_03_022,train,ASL_Citizen/videos/08144085517709909-CONTACT.mp4,08144085517709909-CONTACT,543476,CONTACT,True,30.0,99,640,480,3.3,12.2253,0.375,0.375,0.8348
P2,688679913120271-BUDGET.mp4,BUDGET,E_01_099,train,ASL_Citizen/videos/688679913120271-BUDGET.mp4,688679913120271-BUDGET,464966,BUDGET,True,30.0,75,640,480,2.5,14.5464,0.375,0.0,1.8381
P2,38338333055385543-KISS.mp4,KISS1,D_02_014,train,ASL_Citizen/videos/38338333055385543-KISS.mp4,38338333055385543-KISS,448895,KISS,True,30.004,82,640,480,2.733,11.0843,0.25,0.0,0.9097
P2,5350834216995568-SCOLD.mp4,SCOLD,H_01_008,train,ASL_Citizen/videos/5350834216995568-SCOLD.mp4,5350834216995568-SCOLD,333536,SCOLD,True,30.005,61,640,480,2.033,8.3098,0.0,0.0,
P2,852430932507646-MELT.mp4,MELT,F_01_050,train,ASL_Citizen/videos/852430932507646-MELT.mp4,852430932507646-MELT,472468,MELT,True,30.004,85,640,480,2.833,11.7223,0.25,0.0,2.5084
P2,047472429761362234-BEAT.mp4,BEAT,D_03_020,train,ASL_Citizen/videos/047472429761362234-BEAT.mp4,047472429761362234-BEAT,491883,BEAT,True,29.997,86,640,480,2.867,12.9167,0.375,0.25,1.8033
P2,4278679986788423-TOAST.mp4,TOAST,D_02_080,train,ASL_Citizen/videos/4278679986788423-TOAST.mp4,4278679986788423-TOAST,503902,TOAST,True,30.003,91,640,480,3.033,13.7059,0.375,0.25,0.9943
P2,11796615994529458-CUT 1.mp4,CUT,E_02_046,train,ASL_Citizen/videos/11796615994529458-CUT 1.mp4,11796615994529458-CUT 1,440568,CUT,True,30.004,82,640,480,2.733,10.7846,0.0,0.0,
P2,6826258161065177-JUICE 2.mp4,JUICE1,G_03_035,train,ASL_Citizen/videos/6826258161065177-JUICE 2.mp4,6826258161065177-JUICE 2,377586,JUICE,True,30.004,79,640,480,2.633,6.0444,0.125,0.0,
P2,1539889041911875-NIECE.mp4,NIECE,E_01_080,train,ASL_Citizen/videos/1539889041911875-NIECE.mp4,1539889041911875-NIECE,436760,NIECE,True,29.997,86,640,480,2.867,5.9182,0.125,0.0,
P2,5271337915127323-BETWEEN.mp4,BETWEEN,J_03_003,train,ASL_Citizen/videos/5271337915127323-BETWEEN.mp4,5271337915127323-BETWEEN,432741,BETWEEN,True,29.996,77,640,480,2.567,10.1459,0.375,0.125,4.9382
P2,43906920357718193-FUNNY.mp4,FUNNY,E_03_038,train,ASL_Citizen/videos/43906920357718193-FUNNY.mp4,43906920357718193-FUNNY,388092,FUNNY,True,30.0,84,640,480,2.8,6.1719,0.375,0.0,0.2249
P2,25295405922217484-SSHH.mp4,SSHH,E_02_016,train,ASL_Citizen/videos/25295405922217484-SSHH.mp4,25295405922217484-SSHH,246381,SSHH,True,30.008,40,640,480,1.333,8.153,0.5,0.0,0.2435
P2,9125765686624716-WINDMILL 2.mp4,WINDMILL2,K_01_118,train,ASL_Citizen/videos/9125765686624716-WINDMILL 2.mp4,9125765686624716-WINDMILL 2,484095,WINDMILL,True,29.996,80,640,480,2.667,12.2721,0.5,0.125,1.8491
P2,024323154983688866-FINS.mp4,FINS,E_03_058,train,ASL_Citizen/videos/024323154983688866-FINS.mp4,024323154983688866-FINS,677513,FINS,True,29.997,101,640,480,3.367,16.8522,0.5,0.0,0.714
P2,2976572701080633-TOY 3.mp4,TOY1,H_03_070,train,ASL_Citizen/videos/2976572701080633-TOY 3.mp4,2976572701080633-TOY 3,504016,TOY,True,30.003,91,640,480,3.033,7.5143,0.375,0.0,0.7349
P2,1557496585220337-CONFIDENT.mp4,CONFIDENT,D_02_035,train,ASL_Citizen/videos/1557496585220337-CONFIDENT.mp4,1557496585220337-CONFIDENT,432696,CONFIDENT,True,29.996,77,640,480,2.567,15.086,0.375,0.125,2.0349
P20,5361592700937574-SUSPEND.mp4,SUSPEND,H_01_016,train,ASL_Citizen/videos/5361592700937574-SUSPEND.mp4,5361592700937574-SUSPEND,531537,SUSPEND,True,29.996,74,640,480,2.467,14.4777,0.25,0.25,0.3167
P20,7269716313708894-GUITAR.mp4,GUITAR,A_02_077,train,ASL_Citizen/videos/7269716313708894-GUITAR.mp4,7269716313708894-GUITAR,681580,GUITAR,True,30.376,100,640,480,3.292,7.2556,0.5,0.125,6.7029
P20,6132938796324525-SPAIN.mp4,SPAIN,G_01_094,train,ASL_Citizen/videos/6132938796324525-SPAIN.mp4,6132938796324525-SPAIN,702791,SPAIN,True,29.922,100,640,480,3.342,6.8341,0.25,0.0,0.4672
P20,6946908145086745-WITCH.mp4,WITCH1,A_03_018,train,ASL_Citizen/videos/6946908145086745-WITCH.mp4,6946908145086745-WITCH,738669,WITCH,True,30.177,109,640,480,3.612,7.0236,0.5,0.375,2.4108
P20,21805340389552041-ONE.mp4,ONE,F_03_012,train,ASL_Citizen/videos/21805340389552041-ONE.mp4,21805340389552041-ONE,534541,ONE,True,30.44,74,640,480,2.431,4.8179,0.375,0.0,0.423
P20,13649581059317928-WRING.mp4,WRING,H_01_029,train,ASL_Citizen/videos/13649581059317928-WRING.mp4,13649581059317928-WRING,849056,WRING,True,29.997,119,640,480,3.967,12.9418,0.375,0.375,0.7318
P20,6996725403158537-PROMISE.mp4,PROMISE,A_01_071,train,ASL_Citizen/videos/6996725403158537-PROMISE.mp4,6996725403158537-PROMISE,568437,PROMISE,True,30.485,81,640,480,2.657,10.5535,0.375,0.0,1.2974
P20,28936570496303693-CURTAIN.mp4,CURTAIN,A_02_025,train,ASL_Citizen/videos/28936570496303693-CURTAIN.mp4,28936570496303693-CURTAIN,613850,CURTAIN,True,29.917,87,640,480,2.908,17.2669,0.5,0.0,17.8948
P20,9632849776833439-SWEATPANTS.mp4,SWEATPANTS,F_02_042,train,ASL_Citizen/videos/9632849776833439-SWEATPANTS.mp4,9632849776833439-SWEATPANTS,628249,SWEATPANTS,True,30.003,88,640,480,2.933,15.594,0.375,0.375,0.8839
P20,11663723478466692-PAPER.mp4,PAPER,A_01_026,train,ASL_Citizen/videos/11663723478466692-PAPER.mp4,11663723478466692-PAPER,597235,PAPER,True,30.269,83,640,480,2.742,13.6963,0.375,0.125,1.7702
P20,025750019893586273-CIGAR.mp4,CIGAR,B_02_055,train,ASL_Citizen/videos/025750019893586273-CIGAR.mp4,025750019893586273-CIGAR,560025,CIGAR,True,29.97,79,640,480,2.636,7.5442,0.5,0.0,2.7007
P20,2769869558821827-GOOSEBUMPS.mp4,GOOSEBUMPS,G_03_096,train,ASL_Citizen/videos/2769869558821827-GOOSEBUMPS.mp4,2769869558821827-GOOSEBUMPS,692447,GOOSEBUMPS,True,29.837,97,640,480,3.251,11.5721,0.375,0.0,0.9292
P20,4694459057886864-PSYCHOLOGIST.mp4,PSYCHOLOGIST,A_03_010,train,ASL_Citizen/videos/4694459057886864-PSYCHOLOGIST.mp4,4694459057886864-PSYCHOLOGIST,583920,PSYCHOLOGIST,True,29.919,85,640,480,2.841,10.3096,0.25,0.25,0.268
P20,23189453067526755-CAMPING.mp4,CAMPING,A_01_045,train,ASL_Citizen/videos/23189453067526755-CAMPING.mp4,23189453067526755-CAMPING,655945,CAMPING,True,30.438,95,640,480,3.121,12.3553,0.375,0.25,2.5893
P20,1686358584355776-BIOLOGY.mp4,BIOLOGY,A_02_015,train,ASL_Citizen/videos/1686358584355776-BIOLOGY.mp4,1686358584355776-BIOLOGY,707760,BIOLOGY,True,30.33,101,640,480,3.33,13.0732,0.625,0.25,7.0392
P20,8426184502813288-LIVING ROOM.mp4,LIVINGROOM,F_02_016,train,ASL_Citizen/videos/8426184502813288-LIVING ROOM.mp4,8426184502813288-LIVING ROOM,485151,LIVINGROOM,True,30.414,66,640,480,2.17,11.5372,0.375,0.25,1.7217
P20,04148362333157696-RAZOR.mp4,RAZOR1,A_01_089,train,ASL_Citizen/videos/04148362333157696-RAZOR.mp4,04148362333157696-RAZOR,774462,RAZOR,True,30.355,107,640,480,3.525,14.0421,0.375,0.0,0.5185
P20,1541688885627015-SHOVEL.mp4,SHOVEL1,A_01_088,train,ASL_Citizen/videos/1541688885627015-SHOVEL.mp4,1541688885627015-SHOVEL,685062,SHOVEL,True,29.968,95,640,480,3.17,13.7968,0.375,0.125,4.1525
P20,4628193900204982-FAMILY.mp4,FAMILY,C_01_025,train,ASL_Citizen/videos/4628193900204982-FAMILY.mp4,4628193900204982-FAMILY,582923,FAMILY,True,29.921,83,640,480,2.774,12.2382,0.375,0.375,1.0997
P20,7821106037118901-PILL.mp4,PILL,B_01_050,train,ASL_Citizen/videos/7821106037118901-PILL.mp4,7821106037118901-PILL,553717,PILL,True,29.965,78,640,480,2.603,7.2596,0.75,0.0,5.1097
P20,41219248540666786-PLAYGROUND.mp4,PLAYGROUND,A_02_029,train,ASL_Citizen/videos/41219248540666786-PLAYGROUND.mp4,41219248540666786-PLAYGROUND,671627,PLAYGROUND,True,29.972,96,640,480,3.203,13.0848,0.625,0.25,8.5078
P20,2856172151834002-SPAGHETTI.mp4,SPAGHETTI,A_01_042,train,ASL_Citizen/videos/2856172151834002-SPAGHETTI.mp4,2856172151834002-SPAGHETTI,558500,SPAGHETTI,True,30.476,80,640,480,2.625,10.6373,0.375,0.125,6.0994
P20,2375926766805545-SURGEON.mp4,SURGEON,A_02_007,train,ASL_Citizen/videos/2375926766805545-SURGEON.mp4,2375926766805545-SURGEON,701916,SURGEON,True,30.499,99,640,480,3.246,10.9358,0.625,0.25,4.7401
P20,983866031425525-HOTEL.mp4,HOTEL,B_01_053,train,ASL_Citizen/videos/983866031425525-HOTEL.mp4,983866031425525-HOTEL,719166,HOTEL,True,29.973,99,640,480,3.303,11.2698,0.375,0.375,0.4267
P20,3260021777465052-UPSET.mp4,UPSET1,H_03_047,train,ASL_Citizen/videos/3260021777465052-UPSET.mp4,3260021777465052-UPSET,556410,UPSET,True,29.97,79,640,480,2.636,6.9889,0.25,0.0,1.2564
P20,4484137705537934-WOLF.mp4,WOLF,A_01_049,train,ASL_Citizen/videos/4484137705537934-WOLF.mp4,4484137705537934-WOLF,534972,WOLF,True,29.972,74,640,480,2.469,8.3768,0.5,0.0,1.7128
P20,08581765593382995-AND.mp4,AND,B_03_072,train,ASL_Citizen/videos/08581765593382995-AND.mp4,08581765593382995-AND,574558,AND,True,30.419,80,640,480,2.63,10.3785,0.5,0.0,4.9022
P20,48663065192488286-GONE.mp4,GONE,G_03_051,train,ASL_Citizen/videos/48663065192488286-GONE.mp4,48663065192488286-GONE,780735,GONE,True,29.997,110,640,480,3.667,9.2616,0.375,0.0,2.3922
P21,8715834463781462-CLOUD 4.mp4,CLOUD3,K_03_059,val,ASL_Citizen/videos/8715834463781462-CLOUD 4.mp4,8715834463781462-CLOUD 4,565327,CLOUD,True,29.971,82,640,480,2.736,22.4731,0.375,0.0,5.4312
P21,9919162985874896-THINGS.mp4,THINGS,B_03_043,val,ASL_Citizen/videos/9919162985874896-THINGS.mp4,9919162985874896-THINGS,429725,THINGS,True,30.0,63,640,480,2.1,13.5017,0.25,0.0,1.1373
P21,8910337639697272-DRAW.mp4,DRAW,D_02_063,val,ASL_Citizen/videos/8910337639697272-DRAW.mp4,8910337639697272-DRAW,476514,DRAW,True,29.966,70,640,480,2.336,17.7065,0.375,0.375,1.009
P21,02089045608184814-RESEARCH 2.mp4,RESEARCH2,B_03_084,val,ASL_Citizen/videos/02089045608184814-RESEARCH 2.mp4,02089045608184814-RESEARCH 2,359450,RESEARCH,True,30.006,52,640,480,1.733,9.8751,0.5,0.375,1.5976
P21,8618976665727696-GOOD.mp4,GOOD,B_01_052,val,ASL_Citizen/videos/8618976665727696-GOOD.mp4,8618976665727696-GOOD,431753,GOOD,True,29.977,64,640,480,2.135,12.1576,0.375,0.0,0.8125
P21,4179194955314036-UPSET 1.mp4,UPSET2,F_01_075,val,ASL_Citizen/videos/4179194955314036-UPSET 1.mp4,4179194955314036-UPSET 1,362588,UPSET,True,29.967,54,640,480,1.802,12.3369,0.25,0.0,0.1621
P21,7516760417598645-HERE.mp4,HERE,D_01_089,val,ASL_Citizen/videos/7516760417598645-HERE.mp4,7516760417598645-HERE,316050,HERE,True,29.967,46,640,480,1.535,7.8888,0.375,0.0,7.3987
P21,7514958791255617-HEAR 2.mp4,HEAR2,J_02_006,val,ASL_Citizen/videos/7514958791255617-HEAR 2.mp4,7514958791255617-HEAR 2,471978,HEAR,True,30.0,69,640,480,2.3,12.7736,0.5,0.0,1.4287
P21,2363946724780117-BATHROOM.mp4,BATHROOM,A_02_051,val,ASL_Citizen/videos/2363946724780117-BATHROOM.mp4,2363946724780117-BATHROOM,377487,BATHROOM,True,29.973,55,640,480,1.835,5.5194,0.375,0.0,0.609
P21,8954385001170695-MONEY 2.mp4,MONEY2,K_01_104,val,ASL_Citizen/videos/8954385001170695-MONEY 2.mp4,8954385001170695-MONEY 2,346045,MONEY,True,29.915,49,640,480,1.638,7.9675,0.5,0.0,1.9909
P21,6239479578306266-MUST.mp4,MUST,F_02_004,val,ASL_Citizen/videos/6239479578306266-MUST.mp4,6239479578306266-MUST,397913,MUST,True,29.995,56,640,480,1.867,9.4971,0.375,0.0,1.261
P21,9127680318757301-CATEPILLAR.mp4,CATEPILLAR,G_01_025,val,ASL_Citizen/videos/9127680318757301-CATEPILLAR.mp4,9127680318757301-CATEPILLAR,488539,CATEPILLAR,True,29.922,69,640,480,2.306,12.8662,0.5,0.0,1.8277
P21,1486827487330742-DIVORCE.mp4,DIVORCE,C_01_063,val,ASL_Citizen/videos/1486827487330742-DIVORCE.mp4,1486827487330742-DIVORCE,346437,DIVORCE,True,30.0,51,640,480,1.7,15.3156,0.375,0.375,0.9804
P21,3078108961994581-BANANA.mp4,BANANA1,A_03_002,val,ASL_Citizen/videos/3078108961994581-BANANA.mp4,3078108961994581-BANANA,426534,BANANA,True,30.005,64,640,480,2.133,8.4035,0.375,0.125,2.7483
P21,3890024773524303-FROM.mp4,FROM,D_01_059,val,ASL_Citizen/videos/3890024773524303-FROM.mp4,3890024773524303-FROM,394399,FROM,True,29.967,54,640,480,1.802,11.6235,0.375,0.375,0.2567
P21,9106334650498322-PEG 2.mp4,PEG3,K_03_083,val,ASL_Citizen/videos/9106334650498322-PEG 2.mp4,9106334650498322-PEG 2,421980,PEG,True,29.919,59,640,480,1.972,16.5347,0.5,0.0,1.0437
P21,3986527119882757-OPERATE MACHINE.mp4,OPERATEMACHINE,G_02_026,val,ASL_Citizen/videos/3986527119882757-OPERATE MACHINE.mp4,3986527119882757-OPERATE MACHINE,393449,OPERATEMACHINE,True,29.973,55,640,480,1.835,9.96,0.25,0.125,1.0795
P21,2556909729887695-CROSS 2.mp4,CROSS3,H_01_007,val,ASL_Citizen/videos/2556909729887695-CROSS 2.mp4,2556909729887695-CROSS 2,423118,CROSS,True,29.921,57,640,480,1.905,14.7233,0.5,0.125,2.7154
P21,9863333527681413-BIND.mp4,BIND,E_03_092,val,ASL_Citizen/videos/9863333527681413-BIND.mp4,9863333527681413-BIND,423861,BIND,True,30.005,61,640,480,2.033,21.1045,0.5,0.375,5.7826
P21,17578216510347966-NIGHT 2.mp4,NIGHT2,D_02_047,val,ASL_Citizen/videos/17578216510347966-NIGHT 2.mp4,17578216510347966-NIGHT 2,408592,NIGHT,True,29.973,55,640,480,1.835,13.8789,0.5,0.125,1.1761
P21,5142856534999343-LIVE.mp4,LIVE1,B_03_061,val,ASL_Citizen/videos/5142856534999343-LIVE.mp4,5142856534999343-LIVE,390160,LIVE,True,29.967,54,640,480,1.802,10.0399,0.5,0.25,4.9176
P21,5961846166759068-QUEEN.mp4,QUEEN,A_03_055,val,ASL_Citizen/videos/5961846166759068-QUEEN.mp4,5961846166759068-QUEEN,418865,QUEEN,True,30.005,58,640,480,1.933,16.4636,0.25,0.0,0.2851
P21,024897946104871505-SHAVE 4.mp4,SHAVE3,K_02_043,val,ASL_Citizen/videos/024897946104871505-SHAVE 4.mp4,024897946104871505-SHAVE 4,523394,SHAVE,True,30.0,75,640,480,2.5,14.064,0.5,0.0,2.5728
P21,051943333783201595-SHAME.mp4,SHAME,D_03_008,val,ASL_Citizen/videos/051943333783201595-SHAME.mp4,051943333783201595-SHAME,373218,SHAME,True,30.0,51,640,480,1.7,17.9275,0.375,0.25,2.1681
P21,2841573416884082-PARENTS.mp4,PARENTS,B_03_044,val,ASL_Citizen/videos/2841573416884082-PARENTS.mp4,2841573416884082-PARENTS,472121,PARENTS,True,29.977,64,640,480,2.135,14.3331,0.375,0.0,0.5337
P21,4501369047747459-GRAY.mp4,GRAY,F_01_080,val,ASL_Citizen/videos/4501369047747459-GRAY.mp4,4501369047747459-GRAY,404505,GRAY,True,29.973,55,640,480,1.835,15.1316,0.5,0.375,2.7489
P21,8539817083950729-KISS FIST.mp4,KISSFIST,J_03_038,val,ASL_Citizen/videos/8539817083950729-KISS FIST.mp4,8539817083950729-KISS FIST,392254,KISSFIST,True,30.0,57,640,480,1.9,9.6046,0.5,0.0,0.7946
P21,851295603065974-BRAIDS.mp4,BRAIDS,K_03_125,val,ASL_Citizen/videos/851295603065974-BRAIDS.mp4,851295603065974-BRAIDS,464892,BRAIDS,True,29.926,65,640,480,2.172,15.8387,0.25,0.125,3.7143
P22,030382519275116593-GLOVE.mp4,GLOVE,A_02_087,test,ASL_Citizen/videos/030382519275116593-GLOVE.mp4,030382519275116593-GLOVE,341301,GLOVE,True,29.963,48,640,480,1.602,16.3937,0.5,0.375,3.8142
P22,2613483374354193-CHEAT 1.mp4,CHEAT1,A_02_008,test,ASL_Citizen/videos/2613483374354193-CHEAT 1.mp4,2613483374354193-CHEAT 1,265681,CHEAT,True,29.992,38,640,480,1.267,14.5889,0.5,0.125,2.5148
P22,3252030670454542-HAPPEN.mp4,HAPPEN,B_03_080,test,ASL_Citizen/videos/3252030670454542-HAPPEN.mp4,3252030670454542-HAPPEN,447015,HAPPEN,True,30.0,66,640,480,2.2,9.7836,0.25,0.25,0.8043
P22,44964320032500793-WINK.mp4,WINK,D_03_094,test,ASL_Citizen/videos/44964320032500793-WINK.mp4,44964320032500793-WINK,125317,WINK,True,29.851,18,640,480,0.603,7.0059,0.5,0.0,1.1969
P22,22096800930230853-TAKE PILL.mp4,TAKEPILL,F_01_045,test,ASL_Citizen/videos/22096800930230853-TAKE PILL.mp4,22096800930230853-TAKE PILL,378301,TAKEPILL,True,29.995,59,640,480,1.967,5.0712,0.375,0.0,0.973
P22,13670023646306428-PLAN.mp4,PLAN,E_03_034,test,ASL_Citizen/videos/13670023646306428-PLAN.mp4,13670023646306428-PLAN,27329,PLAN,True,36.231,5,640,480,0.138,0.783,0.0,0.0,
P22,329077968430902-MICROSCOPE 3.mp4,MICROSCOPE2,K_02_008,test,ASL_Citizen/videos/329077968430902-MICROSCOPE 3.mp4,329077968430902-MICROSCOPE 3,344857,MICROSCOPE,True,29.993,44,640,480,1.467,10.2659,0.625,0.25,3.6157
P22,9779830169420081-RECENT 2.mp4,RECENT2,J_02_056,test,ASL_Citizen/videos/9779830169420081-RECENT 2.mp4,9779830169420081-RECENT 2,291391,RECENT,True,29.965,43,640,480,1.435,5.6993,0.625,0.0,2.4782
P22,6595545521331994-DROWN 4.mp4,DROWN5,K_03_077,test,ASL_Citizen/videos/6595545521331994-DROWN 4.mp4,6595545521331994-DROWN 4,270415,DROWN,True,29.984,37,640,480,1.234,16.6958,0.75,0.125,10.2591
P22,6350533209462139-BEG.mp4,BEG,F_02_037,test,ASL_Citizen/videos/6350533209462139-BEG.mp4,6350533209462139-BEG,218611,BEG,True,30.008,37,640,480,1.233,5.313,0.25,0.0,1.3213
P22,6314699471076366-RHINO 3.mp4,RHINO2,K_01_088,test,ASL_Citizen/videos/6314699471076366-RHINO 3.mp4,6314699471076366-RHINO 3,202384,RHINO,True,29.851,30,640,480,1.005,13.9845,0.625,0.0,1.9619
P22,032199626229625355-INTERVIEW.mp4,INTERVIEW,H_02_054,test,ASL_Citizen/videos/032199626229625355-INTERVIEW.mp4,032199626229625355-INTERVIEW,264021,INTERVIEW,True,30.0,39,640,480,1.3,8.0071,0.25,0.25,0.3138
P22,4847783295177295-BULLSHIT.mp4,BULLSHIT,J_03_053,test,ASL_Citizen/videos/4847783295177295-BULLSHIT.mp4,4847783295177295-BULLSHIT,305393,BULLSHIT,True,29.971,41,640,480,1.368,7.9807,0.25,0.0,1.1115
P22,7813551932676803-CASTLE 4.mp4,CASTLE4,K_03_110,test,ASL_Citizen/videos/7813551932676803-CASTLE 4.mp4,7813551932676803-CASTLE 4,344088,CASTLE,True,29.994,47,640,480,1.567,16.5383,0.75,0.125,9.3782
P22,7916911196504697-CROCODILE.mp4,CROCODILE,D_01_081,test,ASL_Citizen/videos/7916911196504697-CROCODILE.mp4,7916911196504697-CROCODILE,192738,CROCODILE,True,30.0,30,640,480,1.0,8.416,0.25,0.125,0.5829
P22,8769697933584131-SEAL.mp4,SEAL,G_01_057,test,ASL_Citizen/videos/8769697933584131-SEAL.mp4,8769697933584131-SEAL,245532,SEAL,True,29.93,34,640,480,1.136,10.8828,0.5,0.25,2.5928
P22,5809228474046126-GLOVES 2.mp4,GLOVES4,K_03_049,test,ASL_Citizen/videos/5809228474046126-GLOVES 2.mp4,5809228474046126-GLOVES 2,306396,GLOVES,True,30.0,42,640,480,1.4,13.9932,0.375,0.375,0.6959
P22,17500941424357896-MENTION.mp4,MENTION,J_03_012,test,ASL_Citizen/videos/17500941424357896-MENTION.mp4,17500941424357896-MENTION,269194,MENTION,True,29.971,41,640,480,1.368,7.1631,0.25,0.0,0.3867
P22,7883149705967814-PEAS 1.mp4,PEAS1,F_01_017,test,ASL_Citizen/videos/7883149705967814-PEAS 1.mp4,7883149705967814-PEAS 1,535321,PEAS,True,30.0,78,640,480,2.6,28.8255,0.25,0.25,0.3353
P22,9016572992958496-SLIPPER.mp4,SLIPPER,E_01_062,test,ASL_Citizen/videos/9016572992958496-SLIPPER.mp4,9016572992958496-SLIPPER,327957,SLIPPER,True,30.0,48,640,480,1.6,6.4555,0.25,0.0,1.7733
P22,14955544431282153-STEP.mp4,STEP,E_01_070,test,ASL_Citizen/videos/14955544431282153-STEP.mp4,14955544431282153-STEP,165236,STEP,True,30.0,27,640,480,0.9,6.2596,0.25,0.125,1.2118
P22,874219888165608-GONE.mp4,GONE,G_03_051,test,ASL_Citizen/videos/874219888165608-GONE.mp4,874219888165608-GONE,321462,GONE,True,29.973,44,640,480,1.468,18.883,0.375,0.0,4.903
P22,5414347966687401-GIVE.mp4,GIVE,F_01_023,test,ASL_Citizen/videos/5414347966687401-GIVE.mp4,5414347966687401-GIVE,293368,GIVE,True,30.0,45,640,480,1.5,7.2898,0.5,0.0,3.4019
P22,8861945363093837-DRIVE.mp4,DRIVE,E_02_053,test,ASL_Citizen/videos/8861945363093837-DRIVE.mp4,8861945363093837-DRIVE,320744,DRIVE,True,30.007,46,640,480,1.533,9.1196,0.375,0.375,1.7248
P22,8784779987144364-LEARN LESSON.mp4,LEARNLESSON,E_02_041,test,ASL_Citizen/videos/8784779987144364-LEARN LESSON.mp4,8784779987144364-LEARN LESSON,359104,LEARNLESSON,True,30.006,49,640,480,1.633,11.7962,0.5,0.0,3.2067
P22,1376153948003629-WAR.mp4,WAR,B_03_075,test,ASL_Citizen/videos/1376153948003629-WAR.mp4,1376153948003629-WAR,291229,WAR,True,30.0,42,640,480,1.4,14.4093,0.5,0.375,1.7663
P22,9583244272122073-TIE UP_1.mp4,TIEUP1,K_03_035,test,ASL_Citizen/videos/9583244272122073-TIE UP_1.mp4,9583244272122073-TIE UP_1,280108,TIEUP,True,30.008,40,640,480,1.333,10.1416,1.0,0.5,5.7725
P22,7316117821107353-FIX.mp4,FIX,G_03_043,test,ASL_Citizen/videos/7316117821107353-FIX.mp4,7316117821107353-FIX,207461,FIX,True,30.0,33,640,480,1.1,7.0269,0.375,0.125,2.0227
P23,24482889897013416-SHOULD.mp4,SHOULD,G_02_079,train,ASL_Citizen/videos/24482889897013416-SHOULD.mp4,24482889897013416-SHOULD,573897,SHOULD,True,29.921,83,640,480,2.774,8.9549,0.375,0.0,1.061
P23,28075513256747153-COMPLAIN.mp4,COMPLAIN,G_01_023,train,ASL_Citizen/videos/28075513256747153-COMPLAIN.mp4,28075513256747153-COMPLAIN,511333,COMPLAIN,True,30.0,75,640,480,2.5,9.3099,0.5,0.0,0.6465
P23,7300374909571312-TWINS 2.mp4,TWINS2,J_02_089,train,ASL_Citizen/videos/7300374909571312-TWINS 2.mp4,7300374909571312-TWINS 2,583331,TWINS,True,30.517,82,640,480,2.687,8.6698,0.5,0.0,2.1042
P23,22339821928230474-LIPREAD.mp4,LIPREAD,E_03_047,train,ASL_Citizen/videos/22339821928230474-LIPREAD.mp4,22339821928230474-LIPREAD,595245,LIPREAD,True,30.004,85,640,480,2.833,10.0701,0.375,0.0,0.5502
P23,35453002868935335-WANT.mp4,WANT2,C_03_013,train,ASL_Citizen/videos/35453002868935335-WANT.mp4,35453002868935335-WANT,586883,WANT,True,29.972,85,640,480,2.836,10.4365,0.25,0.25,0.6687
P23,801881959346038-DRIP.mp4,DRIP,F_02_102,train,ASL_Citizen/videos/801881959346038-DRIP.mp4,801881959346038-DRIP,628346,DRIP,True,29.966,89,640,480,2.97,13.569,0.5,0.0,4.259
P23,4959112726356285-DEFLATE.mp4,DEFLATE,E_01_079,train,ASL_Citizen/videos/4959112726356285-DEFLATE.mp4,4959112726356285-DEFLATE,626808,DEFLATE,True,30.003,88,640,480,2.933,15.1961,0.25,0.25,1.2918
P23,25819043365766126-WHITE.mp4,WHITE,E_03_046,train,ASL_Citizen/videos/25819043365766126-WHITE.mp4,25819043365766126-WHITE,588406,WHITE,True,30.004,85,640,480,2.833,9.4007,0.375,0.0,0.711
P23,23716182400796115-IMAGINE 2.mp4,IMAGINE2,K_03_020,train,ASL_Citizen/videos/23716182400796115-IMAGINE 2.mp4,23716182400796115-IMAGINE 2,607593,IMAGINE,True,29.919,85,640,480,2.841,26.2989,0.5,0.125,3.5867
P23,5745447946200066-ZIPPER.mp4,ZIPPER,D_01_034,train,ASL_Citizen/videos/5745447946200066-ZIPPER.mp4,5745447946200066-ZIPPER,762929,ZIPPER,True,29.97,109,640,480,3.637,13.0226,0.5,0.25,4.6325
P23,7907164374520792-PUMPKIN.mp4,PUMPKIN,H_02_056,train,ASL_Citizen/videos/7907164374520792-PUMPKIN.mp4,7907164374520792-PUMPKIN,574987,PUMPKIN,True,30.004,82,640,480,2.733,12.7436,0.5,0.25,3.3272
P23,7562211123461775-GOODY GOODY_SHOE_OPPOSITE.mp4,GOODYGOODYSHOEOPPOSITE,J_01_072,train,ASL_Citizen/videos/7562211123461775-GOODY GOODY_SHOE_OPPOSITE.mp4,7562211123461775-GOODY GOODY_SHOE_OPPOSITE,732745,GOODYGOODYSHOEOPPOSITE,True,30.0,105,640,480,3.5,10.6532,0.375,0.0,0.8884
P23,24565159688139726-SHOVEL 2.mp4,SHOVEL2,K_03_008,train,ASL_Citizen/videos/24565159688139726-SHOVEL 2.mp4,24565159688139726-SHOVEL 2,690924,SHOVEL,True,29.92,97,640,480,3.242,13.2732,0.5,0.375,6.7764
P23,8476556944963114-LEARN LESSON.mp4,LEARNLESSON,E_02_041,train,ASL_Citizen/videos/8476556944963114-LEARN LESSON.mp4,8476556944963114-LEARN LESSON,587593,LEARNLESSON,True,30.0,81,640,480,2.7,11.4475,0.375,0.0,1.0357
P23,6321261628710224-EARRING.mp4,EARRING,C_03_011,train,ASL_Citizen/videos/6321261628710224-EARRING.mp4,6321261628710224-EARRING,595676,EARRING,True,29.997,86,640,480,2.867,12.7796,0.375,0.375,0.8388
P23,6315359849863915-FOLD 2.mp4,FOLD2,K_02_072,train,ASL_Citizen/videos/6315359849863915-FOLD 2.mp4,6315359849863915-FOLD 2,582062,FOLD,True,29.968,84,640,480,2.803,12.2332,0.5,0.25,2.2348
P23,19837414249369867-MEXICAN 2.mp4,MEXICAN2,H_03_091,train,ASL_Citizen/videos/19837414249369867-MEXICAN 2.mp4,19837414249369867-MEXICAN 2,790999,MEXICAN,True,29.969,106,640,480,3.537,5.296,0.375,0.0,0.6948
P23,07122475596334255-STUPID 2.mp4,STUPID2,C_02_047,train,ASL_Citizen/videos/07122475596334255-STUPID 2.mp4,07122475596334255-STUPID 2,492358,STUPID,True,29.996,71,640,480,2.367,8.3423,0.25,0.0,0.1618
P23,24987375037364457-CLASH.mp4,CLASH,K_01_032,train,ASL_Citizen/videos/24987375037364457-CLASH.mp4,24987375037364457-CLASH,628521,CLASH,True,29.841,92,640,480,3.083,13.3961,0.375,0.25,2.4078
P23,5185900259146874-GREET 2.mp4,GREET2,K_02_095,train,ASL_Citizen/videos/5185900259146874-GREET 2.mp4,5185900259146874-GREET 2,695058,GREET,True,29.838,103,640,480,3.452,13.1529,0.375,0.0,0.768
P23,10893572964272669-FENCE.mp4,FENCE1,G_01_006,train,ASL_Citizen/videos/10893572964272669-FENCE.mp4,10893572964272669-FENCE,624992,FENCE,True,29.997,86,640,480,2.867,12.5131,0.375,0.375,0.51
P23,7529315993704004-SHAKE 2.mp4,SHAKE2,F_03_048,train,ASL_Citizen/videos/7529315993704004-SHAKE 2.mp4,7529315993704004-SHAKE 2,637954,SHAKE,True,29.97,90,640,480,3.003,11.7405,0.375,0.375,0.9692
P23,17557107972668984-THROW.mp4,THROW1,C_03_081,train,ASL_Citizen/videos/17557107972668984-THROW.mp4,17557107972668984-THROW,564830,THROW,True,29.996,80,640,480,2.667,10.5711,0.375,0.0,1.5869
P23,6516440506718324-ARGUE.mp4,ARGUE,F_03_072,train,ASL_Citizen/videos/6516440506718324-ARGUE.mp4,6516440506718324-ARGUE,674359,ARGUE,True,30.003,97,640,480,3.233,13.6044,0.5,0.5,1.5481
P23,08943176805099551-FAINT.mp4,FAINT,G_03_046,train,ASL_Citizen/videos/08943176805099551-FAINT.mp4,08943176805099551-FAINT,604670,FAINT,True,29.997,86,640,480,2.867,14.6573,0.5,0.25,4.4646
P23,38944618159202227-PUBLIC.mp4,PUBLIC,H_02_029,train,ASL_Citizen/videos/38944618159202227-PUBLIC.mp4,38944618159202227-PUBLIC,625584,PUBLIC,True,29.973,88,640,480,2.936,11.7784,0.25,0.125,2.2156
P23,27997886070919753-CHERRY.mp4,CHERRY2,C_01_083,train,ASL_Citizen/videos/27997886070919753-CHERRY.mp4,27997886070919753-CHERRY,671273,CHERRY,True,29.971,93,640,480,3.103,14.2699,0.375,0.375,1.5705
P23,27610587173529866-CAMCORDER.mp4,CAMCORDER,E_03_021,train,ASL_Citizen/videos/27610587173529866-CAMCORDER.mp4,27610587173529866-CAMCORDER,565368,CAMCORDER,True,29.919,78,640,480,2.607,14.8587,1.0,0.375,5.6908
P24,07263724798158067-OK.mp4,OK,F_03_080,train,ASL_Citizen/videos/07263724798158067-OK.mp4,07263724798158067-OK,564187,OK,True,30.0,87,640,480,2.9,5.7849,0.25,0.0,0.3745
P24,5741595928657854-CATEPILLAR.mp4,CATEPILLAR,G_01_025,train,ASL_Citizen/videos/5741595928657854-CATEPILLAR.mp4,5741595928657854-CATEPILLAR,540398,CATEPILLAR,True,29.915,84,640,480,2.808,7.2949,0.375,0.0,1.6801
P24,8798347617281868-DRUG.mp4,DRUG,F_01_040,train,ASL_Citizen/videos/8798347617281868-DRUG.mp4,8798347617281868-DRUG,503472,DRUG,True,29.97,79,640,480,2.636,5.9616,0.375,0.0,1.4043
P24,4954934997721179-DEDICATE 1.mp4,DEDICATE2,F_03_085,train,ASL_Citizen/videos/4954934997721179-DEDICATE 1.mp4,4954934997721179-DEDICATE 1,619921,DEDICATE,True,30.003,94,640,480,3.133,8.7611,0.375,0.25,3.68
P24,17863384977805907-INTENTIONAL.mp4,INTENTIONAL,G_02_040,train,ASL_Citizen/videos/17863384977805907-INTENTIONAL.mp4,17863384977805907-INTENTIONAL,512807,INTENTIONAL,True,29.996,80,640,480,2.667,10.5577,0.5,0.25,3.7053
P24,0918681566359909-COUCH 1.mp4,COUCH,G_02_013,train,ASL_Citizen/videos/0918681566359909-COUCH 1.mp4,0918681566359909-COUCH 1,465319,COUCH,True,29.975,72,640,480,2.402,7.2517,0.375,0.25,0.9166
P24,3691812206957721-HIS.mp4,HIS,F_02_058,train,ASL_Citizen/videos/3691812206957721-HIS.mp4,3691812206957721-HIS,573089,HIS,True,29.969,87,640,480,2.903,7.8756,0.375,0.0,0.8764
P24,5791886678990987-NECKLACE 2.mp4,NECKLACE3,K_01_071,train,ASL_Citizen/videos/5791886678990987-NECKLACE 2.mp4,5791886678990987-NECKLACE 2,554481,NECKLACE,True,30.0,87,640,480,2.9,8.3543,0.25,0.25,0.2286
P24,5040135043820821-FRINGE.mp4,FRINGE,G_02_046,train,ASL_Citizen/videos/5040135043820821-FRINGE.mp4,5040135043820821-FRINGE,466837,FRINGE,True,29.918,73,640,480,2.44,13.3567,0.375,0.375,1.9211
P24,5881133915386045-STRAIGHT.mp4,STRAIGHT,E_01_081,train,ASL_Citizen/videos/5881133915386045-STRAIGHT.mp4,5881133915386045-STRAIGHT,536629,STRAIGHT,True,29.971,82,640,480,2.736,5.1729,0.25,0.0,0.9586
P24,14486467848103057-HEAD.mp4,HEAD,E_03_044,train,ASL_Citizen/videos/14486467848103057-HEAD.mp4,14486467848103057-HEAD,518950,HEAD,True,29.974,80,640,480,2.669,6.9595,0.375,0.0,1.206
P24,17395467594443925-ASSIST.mp4,ASSIST,J_03_093,train,ASL_Citizen/videos/17395467594443925-ASSIST.mp4,17395467594443925-ASSIST,485417,ASSIST,True,29.968,76,640,480,2.536,7.9157,0.25,0.25,0.1508
P24,011760337448920799-DELEGATE.mp4,DELEGATE,H_03_001,train,ASL_Citizen/videos/011760337448920799-DELEGATE.mp4,011760337448920799-DELEGATE,505438,DELEGATE,True,30.314,79,640,480,2.606,5.8615,0.25,0.0,0.4446
P24,48540607008190073-PINCH.mp4,PINCH1,H_01_095,train,ASL_Citizen/videos/48540607008190073-PINCH.mp4,48540607008190073-PINCH,509464,PINCH,True,29.924,79,640,480,2.64,7.3631,0.375,0.0,0.4608
P24,11676508689979648-BASEBALL CAP.mp4,BASEBALLCAP,G_02_072,train,ASL_Citizen/videos/11676508689979648-BASEBALL CAP.mp4,11676508689979648-BASEBALL CAP,711848,BASEBALLCAP,True,29.967,108,640,480,3.604,12.7367,0.375,0.125,2.4162
P24,4416671657767606-TRANSGENDER.mp4,TRANSGENDER,J_01_082,train,ASL_Citizen/videos/4416671657767606-TRANSGENDER.mp4,4416671657767606-TRANSGENDER,575273,TRANSGENDER,True,29.97,90,640,480,3.003,5.4946,0.375,0.0,0.2944
P24,4149842585494192-AUTISM.mp4,AUTISM1,F_03_011,train,ASL_Citizen/videos/4149842585494192-AUTISM.mp4,4149842585494192-AUTISM,576646,AUTISM,True,29.916,89,640,480,2.975,6.8022,0.375,0.0,3.2147
P24,8983882573815225-CURLY HAIR.mp4,CURLYHAIR,H_02_007,train,ASL_Citizen/videos/8983882573815225-CURLY HAIR.mp4,8983882573815225-CURLY HAIR,534208,CURLYHAIR,True,30.004,82,640,480,2.733,9.5029,0.375,0.375,1.4308
P24,05274277385875825-PAGE.mp4,PAGE,G_01_070,train,ASL_Citizen/videos/05274277385875825-PAGE.mp4,05274277385875825-PAGE,723006,PAGE,True,29.97,109,640,480,3.637,20.1325,0.25,0.25,0.4153
P24,22980047894924005-ROW.mp4,ROW,G_03_047,train,ASL_Citizen/videos/22980047894924005-ROW.mp4,22980047894924005-ROW,711715,ROW,True,30.0,105,640,480,3.5,20.6723,0.125,0.0,
P24,46851973820760406-HURRY.mp4,HURRY,G_01_075,train,ASL_Citizen/videos/46851973820760406-HURRY.mp4,46851973820760406-HURRY,584883,HURRY,True,29.916,89,640,480,2.975,8.0287,0.375,0.25,4.2293
P24,3790665114648748-CHILD.mp4,CHILD,F_03_101,train,ASL_Citizen/videos/3790665114648748-CHILD.mp4,3790665114648748-CHILD,521938,CHILD,True,29.975,83,640,480,2.769,6.2327,0.25,0.0,0.4907
P24,6204917158835743-THIS-IT.mp4,THIS/IT,F_01_035,train,ASL_Citizen/videos/6204917158835743-THIS-IT.mp4,6204917158835743-THIS-IT,574773,THIS/IT,True,30.399,86,640,480,2.829,5.69,0.25,0.0,1.2507
P24,285009674417388-CHEEK.mp4,CHEEK,G_03_052,train,ASL_Citizen/videos/285009674417388-CHEEK.mp4,285009674417388-CHEEK,547450,CHEEK,True,29.972,85,640,480,2.836,5.7203,0.375,0.0,1.0458
P24,6454413791940905-WADE.mp4,WADE2,H_01_036,train,ASL_Citizen/videos/6454413791940905-WADE.mp4,6454413791940905-WADE,727940,WADE,True,29.974,105,640,480,3.503,21.8582,0.375,0.25,2.9557
P24,9979074205020877-FLAG 2.mp4,FLAG2,G_02_092,train,ASL_Citizen/videos/9979074205020877-FLAG 2.mp4,9979074205020877-FLAG 2,517129,FLAG,True,29.974,80,640,480,2.669,9.1842,0.25,0.25,0.3716
P24,8609484892057226-PASS OUT.mp4,PASSOUT,G_02_002,train,ASL_Citizen/videos/8609484892057226-PASS OUT.mp4,8609484892057226-PASS OUT,479725,PASSOUT,True,29.972,74,640,480,2.469,6.108,0.25,0.0,0.309
P24,8055738811755428-ROLL.mp4,ROLL,E_03_011,train,ASL_Citizen/videos/8055738811755428-ROLL.mp4,8055738811755428-ROLL,626274,ROLL,True,30.003,97,640,480,3.233,7.9273,0.125,0.125,
P25,7522733686088139-CONDUCT 3.mp4,CONDUCT2,K_03_057,train,ASL_Citizen/videos/7522733686088139-CONDUCT 3.mp4,7522733686088139-CONDUCT 3,586790,CONDUCT,True,29.915,84,640,480,2.808,13.8713,0.5,0.0,0.8759
P25,5300105912697515-SNOWBOARD.mp4,SNOWBOARD,K_01_025,train,ASL_Citizen/videos/5300105912697515-SNOWBOARD.mp4,5300105912697515-SNOWBOARD,557424,SNOWBOARD,True,29.996,83,640,480,2.767,11.486,0.25,0.0,0.2433
P25,07633341897365775-ARM 2.mp4,ARM2,K_01_095,train,ASL_Citizen/videos/07633341897365775-ARM 2.mp4,07633341897365775-ARM 2,543553,ARM,True,29.918,73,640,480,2.44,17.1735,0.375,0.0,1.3919
P25,5240119414964028-GUN.mp4,GUN1,D_02_046,train,ASL_Citizen/videos/5240119414964028-GUN.mp4,5240119414964028-GUN,363954,GUN,True,29.925,48,640,480,1.604,10.8756,0.5,0.0,1.0332
P25,6519376771182877-TAKE CARE.mp4,TAKECARE,F_03_071,train,ASL_Citizen/videos/6519376771182877-TAKE CARE.mp4,6519376771182877-TAKE CARE,591007,TAKECARE,True,29.996,83,640,480,2.767,30.8187,0.125,0.0,
P25,9274712811907311-CHRISTMAS 2.mp4,CHRISTMAS2,J_03_061,train,ASL_Citizen/videos/9274712811907311-CHRISTMAS 2.mp4,9274712811907311-CHRISTMAS 2,564859,CHRISTMAS,True,30.004,82,640,480,2.733,10.3401,0.25,0.0,0.6541
P25,5828744081737898-HOT COMPETITION.mp4,HOTCOMPETITION,E_01_026,train,ASL_Citizen/videos/5828744081737898-HOT COMPETITION.mp4,5828744081737898-HOT COMPETITION,528663,HOTCOMPETITION,True,30.0,72,640,480,2.4,15.6054,0.375,0.25,0.8114
P25,41173718406987536-ROUGH.mp4,ROUGH,F_01_028,train,ASL_Citizen/videos/41173718406987536-ROUGH.mp4,41173718406987536-ROUGH,481212,ROUGH,True,29.978,67,640,480,2.235,22.5118,0.5,0.25,4.9864
P25,9707979892503713-PET.mp4,PET1,F_01_063,train,ASL_Citizen/videos/9707979892503713-PET.mp4,9707979892503713-PET,541203,PET,True,30.0,75,640,480,2.5,17.5533,0.5,0.5,0.4814
P25,909744160097419-STRAWBERRY 4.mp4,STRAWBERRY3,K_01_009,train,ASL_Citizen/videos/909744160097419-STRAWBERRY 4.mp4,909744160097419-STRAWBERRY 4,463707,STRAWBERRY,True,29.926,65,640,480,2.172,9.8874,0.375,0.0,1.4001
P25,805539638418231-SHARK 2.mp4,SHARK1,E_02_071,train,ASL_Citizen/videos/805539638418231-SHARK 2.mp4,805539638418231-SHARK 2,578941,SHARK,True,29.84,82,640,480,2.748,25.6811,0.5,0.0,4.5121
P25,816562513264363-MEXICAN 2.mp4,MEXICAN2,H_03_091,train,ASL_Citizen/videos/816562513264363-MEXICAN 2.mp4,816562513264363-MEXICAN 2,400335,MEXICAN,True,29.851,54,640,480,1.809,14.6139,0.375,0.0,0.3505
P25,6933082288931305-PET 2.mp4,PET2,K_02_085,train,ASL_Citizen/videos/6933082288931305-PET 2.mp4,6933082288931305-PET 2,504144,PET,True,29.996,68,640,480,2.267,18.4342,0.375,0.25,2.0435
P25,5623747348948838-CORKSCREW.mp4,CORKSCREW2,D_01_053,train,ASL_Citizen/videos/5623747348948838-CORKSCREW.mp4,5623747348948838-CORKSCREW,623712,CORKSCREW,True,30.0,90,640,480,3.0,14.766,0.375,0.375,1.1152
P25,03576929796159822-PARACHUTE 2.mp4,PARACHUTE2,K_03_005,train,ASL_Citizen/videos/03576929796159822-PARACHUTE 2.mp4,03576929796159822-PARACHUTE 2,610517,PARACHUTE,True,30.0,87,640,480,2.9,25.6262,0.375,0.375,3.0447
P25,5468797197403967-SUCK.mp4,SUCK,F_01_012,train,ASL_Citizen/videos/5468797197403967-SUCK.mp4,5468797197403967-SUCK,498416,SUCK,True,29.974,69,640,480,2.302,9.4991,0.25,0.0,0.2016
P25,14991994807763365-WANT 2.mp4,WANT1,E_01_025,train,ASL_Citizen/videos/14991994807763365-WANT 2.mp4,14991994807763365-WANT 2,545061,WANT,True,30.0,78,640,480,2.6,18.3241,0.375,0.375,0.628
P25,5592587158720241-HEAVY.mp4,HEAVY,F_01_085,train,ASL_Citizen/videos/5592587158720241-HEAVY.mp4,5592587158720241-HEAVY,571384,HEAVY,True,29.924,79,640,480,2.64,18.921,0.5,0.25,6.9058
P25,07953850215657421-DOLL.mp4,DOLL,C_02_049,train,ASL_Citizen/videos/07953850215657421-DOLL.mp4,07953850215657421-DOLL,430387,DOLL,True,29.974,58,640,480,1.935,12.2999,0.25,0.0,0.5772
P25,2699433875314887-FAN.mp4,FAN,F_03_055,train,ASL_Citizen/videos/2699433875314887-FAN.mp4,2699433875314887-FAN,547418,FAN,True,30.0,75,640,480,2.5,19.1805,0.375,0.375,0.2757
P25,36921482672854067-SCOOP.mp4,SCOOP,J_03_044,train,ASL_Citizen/videos/36921482672854067-SCOOP.mp4,36921482672854067-SCOOP,691340,SCOOP,True,29.929,98,640,480,3.274,26.7027,0.375,0.25,4.943
P25,35602501719585966-NECKLACE 4.mp4,NECKLACE2,K_03_090,train,ASL_Citizen/videos/35602501719585966-NECKLACE 4.mp4,35602501719585966-NECKLACE 4,570277,NECKLACE,True,29.996,83,640,480,2.767,16.2157,0.25,0.25,1.3734
P25,0736334414323001-WANT.mp4,WANT2,C_03_013,train,ASL_Citizen/videos/0736334414323001-WANT.mp4,0736334414323001-WANT,516926,WANT,True,30.511,71,640,480,2.327,30.4401,0.375,0.25,2.8036
P25,3794839118389779-SURE.mp4,SURE,C_03_044,train,ASL_Citizen/videos/3794839118389779-SURE.mp4,3794839118389779-SURE,309862,SURE,True,29.993,44,640,480,1.467,6.8818,0.375,0.0,0.4028
P25,7809450194110517-BOXING.mp4,BOXING,F_03_050,train,ASL_Citizen/videos/7809450194110517-BOXING.mp4,7809450194110517-BOXING,563932,BOXING,True,29.924,79,640,480,2.64,21.0456,0.375,0.25,2.4842
P25,99991643961242-ENTER.mp4,ENTER,E_02_076,train,ASL_Citizen/videos/99991643961242-ENTER.mp4,99991643961242-ENTER,365849,ENTER,True,29.963,48,640,480,1.602,22.573,0.5,0.25,2.8311
P25,9387720840122951-PICK 2.mp4,PICK,K_03_071,train,ASL_Citizen/videos/9387720840122951-PICK 2.mp4,9387720840122951-PICK 2,564472,PICK,True,30.0,81,640,480,2.7,17.4992,0.5,0.0,3.8638
P25,5087208567483212-BED 2.mp4,BED2,K_03_004,train,ASL_Citizen/videos/5087208567483212-BED 2.mp4,5087208567483212-BED 2,631629,BED,True,29.967,92,640,480,3.07,12.5036,0.25,0.0,0.2593
P26,1653849129928131-HOUR.mp4,HOUR,C_02_072,val,ASL_Citizen/videos/1653849129928131-HOUR.mp4,1653849129928131-HOUR,444337,HOUR,True,30.493,63,640,480,2.066,12.8321,0.25,0.0,0.6334
P26,60747246290653-HOTEL.mp4,HOTEL,B_01_053,val,ASL_Citizen/videos/60747246290653-HOTEL.mp4,60747246290653-HOTEL,491623,HOTEL,True,29.976,75,640,480,2.502,10.1529,0.5,0.375,0.7811
P26,6072522325444725-PROGRAM.mp4,PROGRAM,G_02_084,val,ASL_Citizen/videos/6072522325444725-PROGRAM.mp4,6072522325444725-PROGRAM,519817,PROGRAM,True,30.5,75,640,480,2.459,17.5585,0.5,0.125,3.8128
P26,28791918942913153-HOSPITAL.mp4,HOSPITAL1,B_02_026,val,ASL_Citizen/videos/28791918942913153-HOSPITAL.mp4,28791918942913153-HOSPITAL,356784,HOSPITAL,True,30.567,49,640,480,1.603,7.7498,0.5,0.25,2.1111
P26,5152555138873871-RELAX.mp4,RELAX1,D_03_081,val,ASL_Citizen/videos/5152555138873871-RELAX.mp4,5152555138873871-RELAX,652099,RELAX,True,29.997,92,640,480,3.067,22.0038,0.5,0.25,1.3524
P26,7121020621449585-NOT YET.mp4,NOTYET,D_01_044,val,ASL_Citizen/videos/7121020621449585-NOT YET.mp4,7121020621449585-NOT YET,483252,NOTYET,True,30.303,69,640,480,2.277,12.0128,0.5,0.0,3.422
P26,005769659701755803-HOOD.mp4,HOOD,H_03_104,val,ASL_Citizen/videos/005769659701755803-HOOD.mp4,005769659701755803-HOOD,425547,HOOD,True,29.995,62,640,480,2.067,11.9201,0.25,0.25,0.5452
P26,1255607463856745-COMB 2.mp4,COMB1,K_03_065,val,ASL_Citizen/videos/1255607463856745-COMB 2.mp4,1255607463856745-COMB 2,543666,COMB,True,30.167,81,640,480,2.685,9.8875,0.375,0.0,1.1525
P26,4108374953228524-ASSIST.mp4,ASSIST,J_03_093,val,ASL_Citizen/videos/4108374953228524-ASSIST.mp4,4108374953228524-ASSIST,321473,ASSIST,True,30.682,49,640,480,1.597,13.5332,0.5,0.375,3.3966
P26,12640693977123374-WHAT FOR 3.mp4,WHATFOR3,C_02_054,val,ASL_Citizen/videos/12640693977123374-WHAT FOR 3.mp4,12640693977123374-WHAT FOR 3,420033,WHATFOR,True,30.633,59,640,480,1.926,7.3932,0.5,0.0,1.1873
P26,3328601746648887-JUNIOR.mp4,JUNIOR,J_03_082,val,ASL_Citizen/videos/3328601746648887-JUNIOR.mp4,3328601746648887-JUNIOR,488511,JUNIOR,True,29.844,69,640,480,2.312,8.6657,0.5,0.25,2.7599
P26,9980534066008455-DRIP.mp4,DRIP,F_02_102,val,ASL_Citizen/videos/9980534066008455-DRIP.mp4,9980534066008455-DRIP,541654,DRIP,True,30.418,80,640,480,2.63,10.5467,0.25,0.0,0.7875
P26,8144507474855118-GAY.mp4,GAY,D_03_011,val,ASL_Citizen/videos/8144507474855118-GAY.mp4,8144507474855118-GAY,375230,GAY,True,29.995,56,640,480,1.867,7.7753,0.5,0.0,0.9053
P26,8818692246347306-TIME TO_TIME.mp4,TIMETOTIME,J_01_020,val,ASL_Citizen/videos/8818692246347306-TIME TO_TIME.mp4,8818692246347306-TIME TO_TIME,498265,TIMETOTIME,True,29.975,72,640,480,2.402,15.7259,0.25,0.0,1.6906
P26,14972443306910987-SAILBOAT.mp4,SAILBOAT,F_02_094,val,ASL_Citizen/videos/14972443306910987-SAILBOAT.mp4,14972443306910987-SAILBOAT,737445,SAILBOAT,True,30.269,110,640,480,3.634,15.0268,0.5,0.375,3.6375
P26,9176096487640504-DRESSER.mp4,DRESSER,F_03_075,val,ASL_Citizen/videos/9176096487640504-DRESSER.mp4,9176096487640504-DRESSER,383523,DRESSER,True,29.977,53,640,480,1.768,16.116,0.5,0.25,8.4165
P26,8129039218162171-FRIENDS NO_MORE_1.mp4,FRIENDSNOMORE1,J_03_034,val,ASL_Citizen/videos/8129039218162171-FRIENDS NO_MORE_1.mp4,8129039218162171-FRIENDS NO_MORE_1,315762,FRIENDSNOMORE,True,30.605,46,640,480,1.503,8.9987,0.0,0.0,
P26,6866629955836938-SLED 2.mp4,SLED2,G_02_027,val,ASL_Citizen/videos/6866629955836938-SLED 2.mp4,6866629955836938-SLED 2,498018,SLED,True,30.487,70,640,480,2.296,9.2672,0.5,0.375,5.5432
P26,5442805404389628-PLAIN.mp4,PLAIN,E_03_079,val,ASL_Citizen/videos/5442805404389628-PLAIN.mp4,5442805404389628-PLAIN,381742,PLAIN,True,29.915,56,640,480,1.872,11.8796,0.25,0.0,1.8781
P26,5981004851899525-TRIPLE.mp4,TRIPLE,J_02_077,val,ASL_Citizen/videos/5981004851899525-TRIPLE.mp4,5981004851899525-TRIPLE,477523,TRIPLE,True,29.966,70,640,480,2.336,10.5669,0.375,0.375,1.1281
P26,7441792940149969-ACCENT.mp4,ACCENT,E_01_073,val,ASL_Citizen/videos/7441792940149969-ACCENT.mp4,7441792940149969-ACCENT,466569,ACCENT,True,30.548,68,640,480,2.226,10.2273,0.5,0.0,1.2281
P26,6834910213736938-FOUR.mp4,FOUR,C_01_029,val,ASL_Citizen/videos/6834910213736938-FOUR.mp4,6834910213736938-FOUR,466058,FOUR,True,30.607,70,640,480,2.287,9.348,0.5,0.0,0.8794
P26,5748285380978266-WHITE.mp4,WHITE,E_03_046,val,ASL_Citizen/videos/5748285380978266-WHITE.mp4,5748285380978266-WHITE,452068,WHITE,True,30.571,69,640,480,2.257,12.563,0.375,0.0,0.8389
P26,09174610448819931-REMOVE.mp4,REMOVE,J_02_092,val,ASL_Citizen/videos/09174610448819931-REMOVE.mp4,09174610448819931-REMOVE,470685,REMOVE,True,29.973,66,640,480,2.202,11.7083,0.375,0.0,4.7786
P26,058999595010684525-STAND.mp4,STAND2,E_02_011,val,ASL_Citizen/videos/058999595010684525-STAND.mp4,058999595010684525-STAND,611555,STAND,True,30.112,86,640,480,2.856,22.8397,0.5,0.25,4.5212
P26,7553645418515984-QUEEN.mp4,QUEEN,A_03_055,val,ASL_Citizen/videos/7553645418515984-QUEEN.mp4,7553645418515984-QUEEN,527948,QUEEN,True,29.923,74,640,480,2.473,13.1329,0.125,0.0,
P26,839212640735971-FORK 3.mp4,FORK2,K_03_003,val,ASL_Citizen/videos/839212640735971-FORK 3.mp4,839212640735971-FORK 3,496290,FORK,True,29.826,73,640,480,2.448,11.271,0.5,0.0,2.3981
P26,06103272779446778-TO A_GOAL.mp4,TOAGOAL,F_01_026,val,ASL_Citizen/videos/06103272779446778-TO A_GOAL.mp4,06103272779446778-TO A_GOAL,466493,TOAGOAL,True,30.33,66,640,480,2.176,28.2014,0.375,0.25,2.4459
P27,11657460636087569-BACK OUT.mp4,BACKOUT,F_01_041,train,ASL_Citizen/videos/11657460636087569-BACK OUT.mp4,11657460636087569-BACK OUT,343317,BACKOUT,True,30.006,52,640,480,1.733,14.763,0.5,0.125,6.7418
P27,00968363951887996-BLACKBIRD.mp4,BLACKBIRD,K_03_124,train,ASL_Citizen/videos/00968363951887996-BLACKBIRD.mp4,00968363951887996-BLACKBIRD,467737,BLACKBIRD,True,29.996,68,640,480,2.267,18.4001,0.375,0.0,2.8198
P27,09875475127812638-VAMPIRE.mp4,VAMPIRE,K_03_123,train,ASL_Citizen/videos/09875475127812638-VAMPIRE.mp4,09875475127812638-VAMPIRE,437627,VAMPIRE,True,30.639,67,640,480,2.187,9.483,0.375,0.0,1.1421
P27,41336773179443553-SQUIRREL.mp4,SQUIRREL,C_03_020,train,ASL_Citizen/videos/41336773179443553-SQUIRREL.mp4,41336773179443553-SQUIRREL,346667,SQUIRREL,True,30.0,51,640,480,1.7,10.1876,0.5,0.25,1.8936
P27,7828985429104123-THERAPY.mp4,THERAPY,H_03_088,train,ASL_Citizen/videos/7828985429104123-THERAPY.mp4,7828985429104123-THERAPY,450290,THERAPY,True,30.004,67,640,480,2.233,12.1146,0.375,0.0,1.1365
P27,047235574670296376-NEGATIVE.mp4,NEGATIVE,J_01_008,train,ASL_Citizen/videos/047235574670296376-NEGATIVE.mp4,047235574670296376-NEGATIVE,480829,NEGATIVE,True,30.0,72,640,480,2.4,14.973,0.5,0.25,2.2518
P27,27132753275576826-BUTTER.mp4,BUTTER,A_01_034,train,ASL_Citizen/videos/27132753275576826-BUTTER.mp4,27132753275576826-BUTTER,380018,BUTTER,True,29.995,56,640,480,1.867,18.8733,0.375,0.25,2.029
P27,3941506181751844-INTUITIVE.mp4,INTUITIVE,F_01_006,train,ASL_Citizen/videos/3941506181751844-INTUITIVE.mp4,3941506181751844-INTUITIVE,594984,INTUITIVE,True,29.997,86,640,480,2.867,15.5014,0.375,0.0,0.8299
P27,5478703794235356-GRANDFATHER.mp4,GRANDFATHER,B_02_036,train,ASL_Citizen/videos/5478703794235356-GRANDFATHER.mp4,5478703794235356-GRANDFATHER,361513,GRANDFATHER,True,30.006,52,640,480,1.733,15.864,0.375,0.0,1.3781
P27,29704943869452016-5 DOLLARS.mp4,5DOLLARS,B_01_062,train,ASL_Citizen/videos/29704943869452016-5 DOLLARS.mp4,29704943869452016-5 DOLLARS,311501,5DOLLARS,True,29.973,44,640,480,1.468,16.0038,0.5,0.125,7.2427
P27,15753838199844616-SNORKEL.mp4,SNORKEL,E_01_102,train,ASL_Citizen/videos/15753838199844616-SNORKEL.mp4,15753838199844616-SNORKEL,370145,SNORKEL,True,30.0,54,640,480,1.8,10.214,0.5,0.0,0.6805
P27,2317095680191732-CRANKY.mp4,CRANKY,H_02_104,train,ASL_Citizen/videos/2317095680191732-CRANKY.mp4,2317095680191732-CRANKY,460284,CRANKY,True,29.974,69,640,480,2.302,9.5758,0.375,0.0,0.8659
P27,3226681636511832-BAT 1.mp4,BAT2,F_03_043,train,ASL_Citizen/videos/3226681636511832-BAT 1.mp4,3226681636511832-BAT 1,400402,BAT,True,30.005,61,640,480,2.033,10.5673,0.375,0.375,0.4068
P27,9069768452013343-CUP.mp4,CUP,A_01_010,train,ASL_Citizen/videos/9069768452013343-CUP.mp4,9069768452013343-CUP,329229,CUP,True,29.994,50,640,480,1.667,15.2719,0.375,0.25,1.3225
P27,27827419291378597-SYSTEM.mp4,SYSTEM,H_01_061,train,ASL_Citizen/videos/27827419291378597-SYSTEM.mp4,27827419291378597-SYSTEM,293610,SYSTEM,True,29.979,42,640,480,1.401,16.5168,0.625,0.125,12.5547
P27,3218922032497944-FRAME.mp4,FRAME,G_02_034,train,ASL_Citizen/videos/3218922032497944-FRAME.mp4,3218922032497944-FRAME,321100,FRAME,True,29.994,47,640,480,1.567,22.0977,0.375,0.0,6.4609
P27,6678333514547103-RUN.mp4,RUN1,B_03_015,train,ASL_Citizen/videos/6678333514547103-RUN.mp4,6678333514547103-RUN,340228,RUN,True,29.994,50,640,480,1.667,9.2105,0.5,0.25,2.962
P27,2596651129021579-LOCKER.mp4,LOCKER,K_01_126,train,ASL_Citizen/videos/2596651129021579-LOCKER.mp4,2596651129021579-LOCKER,585985,LOCKER,True,30.0,87,640,480,2.9,14.3185,0.5,0.375,2.2409
P27,176638679135259-SALT.mp4,SALT,B_01_069,train,ASL_Citizen/videos/176638679135259-SALT.mp4,176638679135259-SALT,291703,SALT,True,30.0,42,640,480,1.4,16.6097,0.25,0.25,0.3367
P27,506681769364016-WHISTLE.mp4,WHISTLE1,A_02_046,train,ASL_Citizen/videos/506681769364016-WHISTLE.mp4,506681769364016-WHISTLE,284758,WHISTLE,True,30.007,43,640,480,1.433,10.0283,0.375,0.0,0.7922
P27,4262602892542837-WHEEL.mp4,WHEEL,H_03_069,train,ASL_Citizen/videos/4262602892542837-WHEEL.mp4,4262602892542837-WHEEL,529483,WHEEL,True,29.996,77,640,480,2.567,17.1933,0.25,0.125,3.6781
P27,11609820861260678-GREAT.mp4,GREAT,J_03_016,train,ASL_Citizen/videos/11609820861260678-GREAT.mp4,11609820861260678-GREAT,337537,GREAT,True,29.928,46,640,480,1.537,24.4174,0.625,0.5,4.004
P27,4065631392847162-CURL 2.mp4,CURL1,K_01_072,train,ASL_Citizen/videos/4065631392847162-CURL 2.mp4,4065631392847162-CURL 2,609558,CURL,True,29.973,88,640,480,2.936,14.9433,0.25,0.0,0.1097
P27,9450953555335202-LOOK FOR.mp4,LOOKFOR,B_03_045,train,ASL_Citizen/videos/9450953555335202-LOOK FOR.mp4,9450953555335202-LOOK FOR,375536,LOOKFOR,True,30.005,55,640,480,1.833,11.207,0.375,0.0,1.5408
P27,6821341497024629-TOY 3.mp4,TOY1,H_03_070,train,ASL_Citizen/videos/6821341497024629-TOY 3.mp4,6821341497024629-TOY 3,404440,TOY,True,29.995,59,640,480,1.967,11.6657,0.375,0.375,0.3611
P27,06943596435697019-SHARP 2.mp4,SHARP2,H_01_105,train,ASL_Citizen/videos/06943596435697019-SHARP 2.mp4,06943596435697019-SHARP 2,364293,SHARP,True,29.994,53,640,480,1.767,16.4817,0.5,0.375,3.0439
P27,8909498308332211-ROUGH.mp4,ROUGH,F_01_028,train,ASL_Citizen/videos/8909498308332211-ROUGH.mp4,8909498308332211-ROUGH,555622,ROUGH,True,29.974,80,640,480,2.669,15.8308,0.375,0.125,2.5154
P27,2798196533224553-PARK.mp4,PARK,E_03_028,train,ASL_Citizen/videos/2798196533224553-PARK.mp4,2798196533224553-PARK,332755,PARK,True,29.994,47,640,480,1.567,18.3715,0.375,0.0,1.9156
P28,7261947630331318-CONFUSED 2.mp4,CONFUSED2,J_02_067,train,ASL_Citizen/videos/7261947630331318-CONFUSED 2.mp4,7261947630331318-CONFUSED 2,665963,CONFUSED,True,29.997,95,640,480,3.167,9.3142,0.125,0.125,
P28,3317999021135587-WHALE.mp4,WHALE,G_03_013,train,ASL_Citizen/videos/3317999021135587-WHALE.mp4,3317999021135587-WHALE,564602,WHALE,True,30.0,78,640,480,2.6,14.717,0.125,0.0,
P28,0737606061047138-FORK 4.mp4,FORK4,K_01_027,train,ASL_Citizen/videos/0737606061047138-FORK 4.mp4,0737606061047138-FORK 4,489489,FORK,True,30.004,67,640,480,2.233,8.7503,0.125,0.0,
P28,1975707963298099-INTELLIGENT.mp4,INTELLIGENT,H_02_080,train,ASL_Citizen/videos/1975707963298099-INTELLIGENT.mp4,1975707963298099-INTELLIGENT,1257099,INTELLIGENT,True,29.997,110,640,480,3.667,11.9173,0.125,0.0,
P28,39732214770379026-EVENT.mp4,EVENT,F_03_049,train,ASL_Citizen/videos/39732214770379026-EVENT.mp4,39732214770379026-EVENT,1364866,EVENT,True,30.003,115,640,480,3.833,6.2642,0.125,0.125,
P28,4031271538153476-FRINGE.mp4,FRINGE,G_02_046,train,ASL_Citizen/videos/4031271538153476-FRINGE.mp4,4031271538153476-FRINGE,611068,FRINGE,True,30.004,85,640,480,2.833,11.8469,0.125,0.0,
P28,7774461863936801-LEMON 2.mp4,LEMON2,K_03_017,train,ASL_Citizen/videos/7774461863936801-LEMON 2.mp4,7774461863936801-LEMON 2,900649,LEMON,True,30.004,76,640,480,2.533,5.266,0.0,0.0,
P28,906863324262768-OOH.mp4,OOH,H_01_013,train,ASL_Citizen/videos/906863324262768-OOH.mp4,906863324262768-OOH,482759,OOH,True,30.0,66,640,480,2.2,6.4543,0.0,0.0,
P28,8426325091539166-LOOK BACK.mp4,LOOKBACK,J_01_094,train,ASL_Citizen/videos/8426325091539166-LOOK BACK.mp4,8426325091539166-LOOK BACK,468021,LOOKBACK,True,30.0,63,640,480,2.1,9.3554,0.25,0.0,1.0125
P28,393358906917596-WET.mp4,WET,B_02_065,train,ASL_Citizen/videos/393358906917596-WET.mp4,393358906917596-WET,433995,WET,True,30.0,60,640,480,2.0,7.1563,0.0,0.0,
P28,7490351593392472-BORED 2.mp4,BORED2,K_03_122,train,ASL_Citizen/videos/7490351593392472-BORED 2.mp4,7490351593392472-BORED 2,554270,BORED,True,30.004,79,640,480,2.633,9.1035,0.25,0.0,0.0492
P28,6979230117295063-EXPERIENCED.mp4,EXPERIENCED,F_02_023,train,ASL_Citizen/videos/6979230117295063-EXPERIENCED.mp4,6979230117295063-EXPERIENCED,535202,EXPERIENCED,True,29.996,77,640,480,2.567,7.1893,0.25,0.0,0.178
P28,8570864956852386-BELIEVE.mp4,BELIEVE1,D_02_049,train,ASL_Citizen/videos/8570864956852386-BELIEVE.mp4,8570864956852386-BELIEVE,829027,BELIEVE,True,29.995,65,640,480,2.167,10.5266,0.125,0.0,
P28,35128043524759334-STORY 2.mp4,STORY3,J_01_007,train,ASL_Citizen/videos/35128043524759334-STORY 2.mp4,35128043524759334-STORY 2,937923,STORY,True,30.303,80,640,480,2.64,8.3732,0.0,0.0,
P28,35128051881399136-SHOULDER 2.mp4,SHOULDER3,K_03_006,train,ASL_Citizen/videos/35128051881399136-SHOULDER 2.mp4,35128051881399136-SHOULDER 2,454572,SHOULDER,True,30.005,64,640,480,2.133,8.4692,0.125,0.0,
P28,9330448975243035-DIVE.mp4,DIVE,D_02_029,train,ASL_Citizen/videos/9330448975243035-DIVE.mp4,9330448975243035-DIVE,899288,DIVE,True,29.996,80,640,480,2.667,9.923,0.375,0.0,9.3045
P28,25607543181339754-EIGHT.mp4,EIGHT,J_02_099,train,ASL_Citizen/videos/25607543181339754-EIGHT.mp4,25607543181339754-EIGHT,458920,EIGHT,True,29.995,65,640,480,2.167,7.1173,0.25,0.125,0.9487
P28,3492528032474007-ACQUIRE.mp4,ACQUIRE,H_01_034,train,ASL_Citizen/videos/3492528032474007-ACQUIRE.mp4,3492528032474007-ACQUIRE,497729,ACQUIRE,True,30.0,66,640,480,2.2,10.5824,0.125,0.125,
P28,13932747491897324-NOT UNDERSTAND.mp4,NOTUNDERSTAND,G_01_049,train,ASL_Citizen/videos/13932747491897324-NOT UNDERSTAND.mp4,13932747491897324-NOT UNDERSTAND,611440,NOTUNDERSTAND,True,30.003,88,640,480,2.933,11.2615,0.125,0.125,
P28,2716308980795006-CHEEK.mp4,CHEEK,G_03_052,train,ASL_Citizen/videos/2716308980795006-CHEEK.mp4,2716308980795006-CHEEK,688263,CHEEK,True,29.997,98,640,480,3.267,9.3608,0.25,0.0,0.0711
P28,18216346929203842-DUE.mp4,DUE,H_03_011,train,ASL_Citizen/videos/18216346929203842-DUE.mp4,18216346929203842-DUE,373193,DUE,True,30.0,51,640,480,1.7,8.1385,0.25,0.125,1.3621
P28,717983049133144-SYSTEM.mp4,SYSTEM,H_01_061,train,ASL_Citizen/videos/717983049133144-SYSTEM.mp4,717983049133144-SYSTEM,551613,SYSTEM,True,30.0,78,640,480,2.6,10.8135,0.25,0.0,0.9137
P28,30879866054162264-RAISIN.mp4,RAISIN,E_03_019,train,ASL_Citizen/videos/30879866054162264-RAISIN.mp4,30879866054162264-RAISIN,509117,RAISIN,True,30.004,73,640,480,2.433,12.6531,0.25,0.125,0.9062
P28,3245865454392025-EMPEROR.mp4,EMPEROR,C_03_005,train,ASL_Citizen/videos/3245865454392025-EMPEROR.mp4,3245865454392025-EMPEROR,478949,EMPEROR,True,30.004,67,640,480,2.233,9.7514,0.125,0.0,
P28,2340241990298375-THEATRE.mp4,THEATRE,D_01_052,train,ASL_Citizen/videos/2340241990298375-THEATRE.mp4,2340241990298375-THEATRE,508298,THEATRE,True,29.996,68,640,480,2.267,7.7046,0.125,0.0,
P28,19762578655236762-TRACTOR.mp4,TRACTOR,H_01_042,train,ASL_Citizen/videos/19762578655236762-TRACTOR.mp4,19762578655236762-TRACTOR,553497,TRACTOR,True,29.996,80,640,480,2.667,9.6817,0.25,0.125,4.3946
P28,5481020321682286-SHOOTING.mp4,SHOOTING,F_01_049,train,ASL_Citizen/videos/5481020321682286-SHOOTING.mp4,5481020321682286-SHOOTING,548019,SHOOTING,True,29.996,80,640,480,2.667,12.4224,0.25,0.25,1.7202
P28,009935710795037966-DONT CARE.mp4,DONTCARE,G_03_082,train,ASL_Citizen/videos/009935710795037966-DONT CARE.mp4,009935710795037966-DONT CARE,591320,DONTCARE,True,30.004,85,640,480,2.833,7.0488,0.125,0.0,
P29,5010277506765106-THROW 2.mp4,THROW2,K_01_068,train,ASL_Citizen/videos/5010277506765106-THROW 2.mp4,5010277506765106-THROW 2,480213,THROW,True,30.0,47,640,480,1.567,11.3576,0.25,0.0,1.0481
P29,5496218468598357-THIRD 2.mp4,THIRD2,J_02_072,train,ASL_Citizen/videos/5496218468598357-THIRD 2.mp4,5496218468598357-THIRD 2,474071,THIRD,True,30.0,53,640,480,1.767,5.9932,0.25,0.0,0.0733
P29,13508495109299656-TIME TO_TIME.mp4,TIMETOTIME,J_01_020,train,ASL_Citizen/videos/13508495109299656-TIME TO_TIME.mp4,13508495109299656-TIME TO_TIME,520861,TIMETOTIME,True,30.0,66,640,480,2.2,7.5557,0.375,0.0,1.0301
P29,7941809161745765-PINEAPPLE 3.mp4,PINEAPPLE5,K_02_011,train,ASL_Citizen/videos/7941809161745765-PINEAPPLE 3.mp4,7941809161745765-PINEAPPLE 3,465188,PINEAPPLE,True,30.0,55,640,480,1.833,6.6442,0.375,0.0,3.1212
P29,7779340907944723-BACKYARD.mp4,BACKYARD,F_03_003,train,ASL_Citizen/videos/7779340907944723-BACKYARD.mp4,7779340907944723-BACKYARD,520860,BACKYARD,True,30.0,54,640,480,1.8,10.7992,0.375,0.0,2.4484
P29,26034382896433184-DEATH.mp4,DEATH,A_01_076,train,ASL_Citizen/videos/26034382896433184-DEATH.mp4,26034382896433184-DEATH,394965,DEATH,True,30.0,45,640,480,1.5,7.0167,0.375,0.125,5.1321
P29,010524094853455734-FUNCTION.mp4,FUNCTION,J_02_071,train,ASL_Citizen/videos/010524094853455734-FUNCTION.mp4,010524094853455734-FUNCTION,525857,FUNCTION,True,30.0,50,640,480,1.667,13.4899,0.375,0.25,1.3287
P29,10742868261760363-FAR.mp4,FAR,D_03_007,train,ASL_Citizen/videos/10742868261760363-FAR.mp4,10742868261760363-FAR,734096,FAR,True,30.0,76,640,480,2.533,9.0387,0.375,0.125,3.3396
P29,8118255695101648-REPLACE.mp4,REPLACE,J_03_007,train,ASL_Citizen/videos/8118255695101648-REPLACE.mp4,8118255695101648-REPLACE,675907,REPLACE,True,30.0,78,640,480,2.6,7.6538,0.125,0.0,
P29,7423185776105756-OVERWHELMED.mp4,OVERWHELMED,G_03_064,train,ASL_Citizen/videos/7423185776105756-OVERWHELMED.mp4,7423185776105756-OVERWHELMED,847142,OVERWHELMED,True,30.0,86,640,480,2.867,10.4778,0.25,0.125,2.1181
P29,5127366345735016-CATCH BASEBALL.mp4,CATCHBASEBALL,K_02_058,train,ASL_Citizen/videos/5127366345735016-CATCH BASEBALL.mp4,5127366345735016-CATCH BASEBALL,860347,CATCHBASEBALL,True,30.0,87,640,480,2.9,17.09,0.5,0.25,5.0793
P29,587855363585368-CHEAP.mp4,CHEAP,F_02_056,train,ASL_Citizen/videos/587855363585368-CHEAP.mp4,587855363585368-CHEAP,609142,CHEAP,True,30.0,70,640,480,2.333,12.1327,0.25,0.125,0.9164
P29,5649500289608069-AUNT.mp4,AUNT,E_02_027,train,ASL_Citizen/videos/5649500289608069-AUNT.mp4,5649500289608069-AUNT,386981,AUNT,True,30.0,42,640,480,1.4,7.2931,0.25,0.0,0.2575
P29,45494105303329446-GULLIBLE.mp4,GULLIBLE,C_02_058,train,ASL_Citizen/videos/45494105303329446-GULLIBLE.mp4,45494105303329446-GULLIBLE,407245,GULLIBLE,True,30.0,42,640,480,1.4,9.0842,0.25,0.125,0.7665
P29,3560362845851712-EVIDENCE.mp4,EVIDENCE,G_03_103,train,ASL_Citizen/videos/3560362845851712-EVIDENCE.mp4,3560362845851712-EVIDENCE,1146934,EVIDENCE,True,30.0,180,640,480,6.0,6.2412,0.0,0.0,
P29,9521376433888893-TINY.mp4,TINY,K_03_019,train,ASL_Citizen/videos/9521376433888893-TINY.mp4,9521376433888893-TINY,494239,TINY,True,30.0,54,640,480,1.8,6.0358,0.375,0.0,0.8867
P29,16453891474644244-COUNTRY.mp4,COUNTRY,C_03_058,train,ASL_Citizen/videos/16453891474644244-COUNTRY.mp4,16453891474644244-COUNTRY,532386,COUNTRY,True,30.0,58,640,480,1.933,9.6095,0.5,0.25,1.331
P29,2677320449271332-BUILDING.mp4,BUILDING,A_03_088,train,ASL_Citizen/videos/2677320449271332-BUILDING.mp4,2677320449271332-BUILDING,470469,BUILDING,True,30.0,44,640,480,1.467,12.9188,0.375,0.25,3.6574
P29,04531232133700658-BOIL.mp4,BOIL2,G_03_101,train,ASL_Citizen/videos/04531232133700658-BOIL.mp4,04531232133700658-BOIL,407764,BOIL,True,30.0,41,640,480,1.367,8.057,0.375,0.25,2.2276
P29,29008898923773474-FOOL.mp4,FOOL,J_02_102,train,ASL_Citizen/videos/29008898923773474-FOOL.mp4,29008898923773474-FOOL,579848,FOOL,True,30.0,60,640,480,2.0,10.851,0.25,0.25,0.1941
P29,059297171340684685-TYPE 2.mp4,TYPE2,B_01_056,train,ASL_Citizen/videos/059297171340684685-TYPE 2.mp4,059297171340684685-TYPE 2,443206,TYPE,True,30.0,47,640,480,1.567,11.081,0.375,0.125,2.3686
P29,4230517548202062-TINY.mp4,TINY,K_03_019,train,ASL_Citizen/videos/4230517548202062-TINY.mp4,4230517548202062-TINY,431530,TINY,True,30.0,42,640,480,1.4,9.0203,0.25,0.0,0.2528
P29,4313899152640328-DOLL.mp4,DOLL,C_02_049,train,ASL_Citizen/videos/4313899152640328-DOLL.mp4,4313899152640328-DOLL,573030,DOLL,True,30.0,69,640,480,2.3,4.7919,0.25,0.0,0.0692
P29,31040648882762367-INTERPRET.mp4,INTERPRET,J_02_009,train,ASL_Citizen/videos/31040648882762367-INTERPRET.mp4,31040648882762367-INTERPRET,477775,INTERPRET,True,30.0,58,640,480,1.933,8.9306,0.375,0.375,0.4867
P29,2404786212034853-SOMERSAULT 2.mp4,SOMERSAULT1,K_02_118,train,ASL_Citizen/videos/2404786212034853-SOMERSAULT 2.mp4,2404786212034853-SOMERSAULT 2,571154,SOMERSAULT,True,30.0,54,640,480,1.8,12.786,0.375,0.125,1.4148
P29,9187249050641424-WONDER.mp4,WONDER,B_02_076,train,ASL_Citizen/videos/9187249050641424-WONDER.mp4,9187249050641424-WONDER,541740,WONDER,True,30.0,53,640,480,1.767,7.019,0.25,0.0,0.5104
P29,6611543337662256-STOPWATCH.mp4,STOPWATCH,F_01_067,train,ASL_Citizen/videos/6611543337662256-STOPWATCH.mp4,6611543337662256-STOPWATCH,398932,STOPWATCH,True,30.0,48,640,480,1.6,6.5479,0.375,0.0,1.1913
P29,9055893563639139-ANIMAL.mp4,ANIMAL,B_03_002,train,ASL_Citizen/videos/9055893563639139-ANIMAL.mp4,9055893563639139-ANIMAL,523876,ANIMAL,True,30.0,49,640,480,1.633,7.6938,0.25,0.25,0.1781
P3,1061222091228593-POSITIVE.mp4,POSITIVE,J_02_050,train,ASL_Citizen/videos/1061222091228593-POSITIVE.mp4,1061222091228593-POSITIVE,455808,POSITIVE,True,29.926,65,640,480,2.172,13.4829,0.5,0.375,1.606
P3,30631094827175676-PUBLIC.mp4,PUBLIC,H_02_029,train,ASL_Citizen/videos/30631094827175676-PUBLIC.mp4,30631094827175676-PUBLIC,375918,PUBLIC,True,29.924,55,640,480,1.838,12.3422,0.625,0.5,2.9105
P3,5428285583666379-FILL OUT.mp4,FILLOUT,H_01_099,train,ASL_Citizen/videos/5428285583666379-FILL OUT.mp4,5428285583666379-FILL OUT,513189,FILLOUT,True,29.916,75,640,480,2.507,12.4787,0.375,0.25,2.4991
P3,654918035865115-REMIND.mp4,REMIND,J_02_103,train,ASL_Citizen/videos/654918035865115-REMIND.mp4,654918035865115-REMIND,342058,REMIND,True,29.924,55,640,480,1.838,9.7787,0.5,0.5,0.3081
P3,8701500917368665-SANDWICH 4.mp4,SANDWICH2,K_01_015,train,ASL_Citizen/videos/8701500917368665-SANDWICH 4.mp4,8701500917368665-SANDWICH 4,510778,SANDWICH,True,29.916,75,640,480,2.507,8.8866,0.625,0.125,3.8806
P3,5485517768380099-RESPECT.mp4,RESPECT,J_01_029,train,ASL_Citizen/videos/5485517768380099-RESPECT.mp4,5485517768380099-RESPECT,442678,RESPECT,True,29.922,69,640,480,2.306,11.5252,0.375,0.375,0.9657
P3,018267844648954812-INFECTION.mp4,INFECTION,H_02_057,train,ASL_Citizen/videos/018267844648954812-INFECTION.mp4,018267844648954812-INFECTION,422180,INFECTION,True,29.924,67,640,480,2.239,7.7441,0.375,0.0,0.646
P3,5779414003559247-HOWL.mp4,HOWL,J_02_019,train,ASL_Citizen/videos/5779414003559247-HOWL.mp4,5779414003559247-HOWL,646619,HOWL,True,29.92,97,640,480,3.242,8.4894,0.25,0.0,2.4718
P3,2546649452021257-FIREMAN 2.mp4,FIREMAN2,K_03_052,train,ASL_Citizen/videos/2546649452021257-FIREMAN 2.mp4,2546649452021257-FIREMAN 2,357071,FIREMAN,True,29.927,53,640,480,1.771,8.6357,0.5,0.0,0.4296
P3,19200164932132258-PERSPECTIVE.mp4,PERSPECTIVE,H_01_006,train,ASL_Citizen/videos/19200164932132258-PERSPECTIVE.mp4,19200164932132258-PERSPECTIVE,500076,PERSPECTIVE,True,29.918,73,640,480,2.44,12.9209,0.375,0.25,2.7224
P3,3329640333539472-FORMER.mp4,FORMER,J_02_066,train,ASL_Citizen/videos/3329640333539472-FORMER.mp4,3329640333539472-FORMER,286332,FORMER,True,14.991,34,640,480,2.268,12.7441,0.625,0.0,6.4155
P3,5193493546558337-BOW 4.mp4,BOW3,K_02_016,train,ASL_Citizen/videos/5193493546558337-BOW 4.mp4,5193493546558337-BOW 4,504627,BOW,True,29.916,75,640,480,2.507,6.9436,0.5,0.0,0.419
P3,779270116068951-SMOKE.mp4,SMOKE,H_01_046,train,ASL_Citizen/videos/779270116068951-SMOKE.mp4,779270116068951-SMOKE,909074,SMOKE,True,29.919,137,640,480,4.579,14.6262,0.0,0.0,
P3,3361636904356675-CONFLICT.mp4,CONFLICT,J_02_084,train,ASL_Citizen/videos/3361636904356675-CONFLICT.mp4,3361636904356675-CONFLICT,211572,CONFLICT,True,14.916,24,640,480,1.609,11.1854,0.5,0.375,3.4578
P3,34003540415247-BOTHER.mp4,BOTHER,H_01_040,train,ASL_Citizen/videos/34003540415247-BOTHER.mp4,34003540415247-BOTHER,465014,BOTHER,True,29.92,71,640,480,2.373,11.499,0.375,0.375,0.6742
P3,2860874683723693-DIP 2.mp4,DIP2,K_01_065,train,ASL_Citizen/videos/2860874683723693-DIP 2.mp4,2860874683723693-DIP 2,511264,DIP,True,29.916,75,640,480,2.507,10.3184,0.5,0.375,4.0956
P3,8051227351884445-FRIENDS NO_MORE_1.mp4,FRIENDSNOMORE1,J_03_034,train,ASL_Citizen/videos/8051227351884445-FRIENDS NO_MORE_1.mp4,8051227351884445-FRIENDS NO_MORE_1,264798,FRIENDSNOMORE,True,14.991,34,640,480,2.268,6.8897,0.375,0.0,1.2739
P3,8692811075073006-SNAP STICK.mp4,SNAPSTICK,K_01_080,train,ASL_Citizen/videos/8692811075073006-SNAP STICK.mp4,8692811075073006-SNAP STICK,645941,SNAPSTICK,True,29.92,97,640,480,3.242,9.0638,0.375,0.375,0.8856
P3,005486008937211517-KISS 3.mp4,KISS2,K_01_005,train,ASL_Citizen/videos/005486008937211517-KISS 3.mp4,005486008937211517-KISS 3,562937,KISS,True,29.919,85,640,480,2.841,7.9172,0.25,0.125,1.5308
P3,758767557802164-STRANGLE.mp4,STRANGLE,J_01_093,train,ASL_Citizen/videos/758767557802164-STRANGLE.mp4,758767557802164-STRANGLE,419897,STRANGLE,True,29.917,61,640,480,2.039,16.7977,0.375,0.25,1.8942
P3,6249265333085945-DONT NEED.mp4,DONTNEED,H_01_104,train,ASL_Citizen/videos/6249265333085945-DONT NEED.mp4,6249265333085945-DONT NEED,501111,DONTNEED,True,29.916,75,640,480,2.507,10.1861,0.375,0.0,2.1073
P3,44882715272655305-SHOOT.mp4,SHOOT1,J_01_024,train,ASL_Citizen/videos/44882715272655305-SHOOT.mp4,44882715272655305-SHOOT,277766,SHOOT,True,14.918,31,640,480,2.078,12.7537,0.5,0.125,3.7706
P3,10957746383709255-MEDITATE 3.mp4,MEDITATE2,K_01_033,train,ASL_Citizen/videos/10957746383709255-MEDITATE 3.mp4,10957746383709255-MEDITATE 3,452542,MEDITATE,True,29.92,71,640,480,2.373,10.4884,0.5,0.375,3.6701
P3,6673307168136524-BRICK.mp4,BRICK,H_02_085,train,ASL_Citizen/videos/6673307168136524-BRICK.mp4,6673307168136524-BRICK,389039,BRICK,True,29.921,57,640,480,1.905,12.6488,0.5,0.5,0.8595
P3,13495894286304289-GET OFF.mp4,GETOFF,H_01_093,train,ASL_Citizen/videos/13495894286304289-GET OFF.mp4,13495894286304289-GET OFF,508568,GETOFF,True,29.916,75,640,480,2.507,11.0166,0.5,0.25,4.0634
P3,3550392767477606-COME HERE.mp4,COMEHERE,H_02_074,train,ASL_Citizen/videos/3550392767477606-COME HERE.mp4,3550392767477606-COME HERE,367597,COMEHERE,True,29.924,55,640,480,1.838,6.9541,0.625,0.0,1.452
P3,7512768954786226-REMEMBER 2.mp4,REMEMBER1,H_03_038,train,ASL_Citizen/videos/7512768954786226-REMEMBER 2.mp4,7512768954786226-REMEMBER 2,518769,REMEMBER,True,29.922,81,640,480,2.707,15.1541,0.375,0.0,0.4867
P3,01747536629977131-HIT 2.mp4,HIT2,K_01_111,train,ASL_Citizen/videos/01747536629977131-HIT 2.mp4,01747536629977131-HIT 2,373713,HIT,True,29.927,53,640,480,1.771,12.0903,0.5,0.25,2.4074
P30,23211372703953126-QUALITY.mp4,QUALITY,J_02_095,train,ASL_Citizen/videos/23211372703953126-QUALITY.mp4,23211372703953126-QUALITY,462287,QUALITY,True,30.004,67,640,480,2.233,10.1503,0.375,0.0,0.5538
P30,039912185883166806-GIRAFFE.mp4,GIRAFFE,A_03_049,train,ASL_Citizen/videos/039912185883166806-GIRAFFE.mp4,039912185883166806-GIRAFFE,663937,GIRAFFE,True,30.344,94,640,480,3.098,20.3065,0.5,0.25,5.3043
P30,07560434947963057-DECIDE.mp4,DECIDE1,B_02_074,train,ASL_Citizen/videos/07560434947963057-DECIDE.mp4,07560434947963057-DECIDE,699278,DECIDE,True,30.003,100,640,480,3.333,16.9276,0.375,0.125,5.603
P30,8346890378933758-TYPE.mp4,TYPE1,F_03_059,train,ASL_Citizen/videos/8346890378933758-TYPE.mp4,8346890378933758-TYPE,458855,TYPE,True,29.995,65,640,480,2.167,8.3937,0.5,0.375,2.039
P30,43850886882252116-RING.mp4,RING,A_03_053,train,ASL_Citizen/videos/43850886882252116-RING.mp4,43850886882252116-RING,784369,RING,True,30.003,115,640,480,3.833,18.9596,0.375,0.375,0.7411
P30,9020241855207596-TEXT.mp4,TEXT,B_03_054,train,ASL_Citizen/videos/9020241855207596-TEXT.mp4,9020241855207596-TEXT,348578,TEXT,True,29.915,49,640,480,1.638,7.8344,0.375,0.375,1.21
P30,345583791808616-BUILDING.mp4,BUILDING,A_03_088,train,ASL_Citizen/videos/345583791808616-BUILDING.mp4,345583791808616-BUILDING,647661,BUILDING,True,30.326,92,640,480,3.034,19.7436,0.5,0.375,2.9512
P30,2773918184617812-HISTORY.mp4,HISTORY,A_02_036,train,ASL_Citizen/videos/2773918184617812-HISTORY.mp4,2773918184617812-HISTORY,422381,HISTORY,True,29.917,61,640,480,2.039,9.3783,0.5,0.0,1.522
P30,7892565684904602-BASEBALL.mp4,BASEBALL,A_03_043,train,ASL_Citizen/videos/7892565684904602-BASEBALL.mp4,7892565684904602-BASEBALL,644507,BASEBALL,True,29.974,91,640,480,3.036,16.3205,0.5,0.25,2.7946
P30,9470610987308501-SWEAR IN.mp4,SWEARIN,J_02_016,train,ASL_Citizen/videos/9470610987308501-SWEAR IN.mp4,9470610987308501-SWEAR IN,425371,SWEARIN,True,29.921,57,640,480,1.905,15.3597,0.5,0.0,1.6194
P30,8755135402821113-JUDGE.mp4,JUDGE,B_01_058,train,ASL_Citizen/videos/8755135402821113-JUDGE.mp4,8755135402821113-JUDGE,727404,JUDGE,True,30.294,106,640,480,3.499,15.0866,0.375,0.25,6.4932
P30,8952118356894752-NETWORK.mp4,NETWORK,J_02_075,train,ASL_Citizen/videos/8952118356894752-NETWORK.mp4,8952118356894752-NETWORK,431207,NETWORK,True,30.005,61,640,480,2.033,10.9118,0.375,0.0,1.9431
P30,9366544131853969-SPIDER.mp4,SPIDER,D_03_067,train,ASL_Citizen/videos/9366544131853969-SPIDER.mp4,9366544131853969-SPIDER,465150,SPIDER,True,30.351,67,640,480,2.208,8.1717,0.125,0.0,
P30,4011222472705527-FINANCE.mp4,FINANCE,F_02_047,train,ASL_Citizen/videos/4011222472705527-FINANCE.mp4,4011222472705527-FINANCE,428859,FINANCE,True,30.355,61,640,480,2.01,7.3088,0.25,0.0,0.9433
P30,15210514391491414-TOY 3.mp4,TOY1,H_03_070,train,ASL_Citizen/videos/15210514391491414-TOY 3.mp4,15210514391491414-TOY 3,366549,TOY,True,29.994,50,640,480,1.667,11.5163,0.375,0.25,2.0236
P30,37214725621113587-AFTER.mp4,AFTER,B_02_030,train,ASL_Citizen/videos/37214725621113587-AFTER.mp4,37214725621113587-AFTER,409030,AFTER,True,30.0,57,640,480,1.9,11.723,0.375,0.0,2.2283
P30,3255443246485876-ALL OF_SUDDEN.mp4,ALLOFSUDDEN,H_01_096,train,ASL_Citizen/videos/3255443246485876-ALL OF_SUDDEN.mp4,3255443246485876-ALL OF_SUDDEN,396257,ALLOFSUDDEN,True,30.005,58,640,480,1.933,8.8848,0.375,0.0,0.8941
P30,6522978607836498-SOCCER 2.mp4,SOCCER2,F_03_032,train,ASL_Citizen/videos/6522978607836498-SOCCER 2.mp4,6522978607836498-SOCCER 2,727328,SOCCER,True,29.917,101,640,480,3.376,16.7826,0.375,0.375,0.6518
P30,9040051793524237-ANALYZE.mp4,ANALYZE,G_02_075,train,ASL_Citizen/videos/9040051793524237-ANALYZE.mp4,9040051793524237-ANALYZE,434419,ANALYZE,True,29.995,62,640,480,2.067,12.4143,0.25,0.125,1.638
P30,1393491593629712-WRITE ON_WALL.mp4,WRITEONWALL,G_02_087,train,ASL_Citizen/videos/1393491593629712-WRITE ON_WALL.mp4,1393491593629712-WRITE ON_WALL,679966,WRITEONWALL,True,29.922,100,640,480,3.342,12.2969,0.25,0.0,2.8586
P30,4905356638303713-SUBTRACT.mp4,SUBTRACT,B_02_027,train,ASL_Citizen/videos/4905356638303713-SUBTRACT.mp4,4905356638303713-SUBTRACT,552060,SUBTRACT,True,30.358,78,640,480,2.569,28.1729,0.5,0.375,2.7605
P30,757280056166729-BLINDS 1.mp4,BLINDS1,B_02_081,train,ASL_Citizen/videos/757280056166729-BLINDS 1.mp4,757280056166729-BLINDS 1,774518,BLINDS,True,30.0,114,640,480,3.8,18.0823,0.5,0.25,6.5309
P30,5524838166656827-UPSET 1.mp4,UPSET2,F_01_075,train,ASL_Citizen/videos/5524838166656827-UPSET 1.mp4,5524838166656827-UPSET 1,456557,UPSET,True,29.995,62,640,480,2.067,9.0985,0.375,0.0,1.8029
P30,4383640919613434-HAMMER.mp4,HAMMER,C_02_021,train,ASL_Citizen/videos/4383640919613434-HAMMER.mp4,4383640919613434-HAMMER,542246,HAMMER,True,29.834,81,640,480,2.715,13.1429,0.375,0.0,0.1225
P30,9421543652220579-SLINGSHOT.mp4,SLINGSHOT,F_02_069,train,ASL_Citizen/videos/9421543652220579-SLINGSHOT.mp4,9421543652220579-SLINGSHOT,411900,SLINGSHOT,True,29.843,59,640,480,1.977,13.1947,0.5,0.125,3.4344
P30,20889177562039807-HONEY 1.mp4,HONEY1,F_02_064,train,ASL_Citizen/videos/20889177562039807-HONEY 1.mp4,20889177562039807-HONEY 1,414782,HONEY,True,29.925,60,640,480,2.005,10.3863,0.5,0.0,0.4274
P30,6877292269537021-CHANCE.mp4,CHANCE,A_03_080,train,ASL_Citizen/videos/6877292269537021-CHANCE.mp4,6877292269537021-CHANCE,627476,CHANCE,True,30.003,91,640,480,3.033,15.04,0.25,0.25,1.3254
P30,742342157322158-SIGN.mp4,SIGN,E_03_050,train,ASL_Citizen/videos/742342157322158-SIGN.mp4,742342157322158-SIGN,531930,SIGN,True,30.393,81,640,480,2.665,22.3275,0.5,0.375,4.3349
P31,2669958341475147-TOOTHBRUSH.mp4,TOOTHBRUSH,D_03_073,train,ASL_Citizen/videos/2669958341475147-TOOTHBRUSH.mp4,2669958341475147-TOOTHBRUSH,663304,TOOTHBRUSH,True,30.003,97,640,480,3.233,22.7759,0.375,0.0,0.7742
P31,8658917739965404-HOLY.mp4,HOLY,G_01_072,train,ASL_Citizen/videos/8658917739965404-HOLY.mp4,8658917739965404-HOLY,517441,HOLY,True,30.004,79,640,480,2.633,13.4981,0.375,0.25,6.7927
P31,5434373870685856-SARCASTIC.mp4,SARCASTIC,E_01_005,train,ASL_Citizen/videos/5434373870685856-SARCASTIC.mp4,5434373870685856-SARCASTIC,593003,SARCASTIC,True,30.0,87,640,480,2.9,19.8228,0.5,0.0,4.8833
P31,7765696801587338-PANTS 2.mp4,PANTS2,K_02_104,train,ASL_Citizen/videos/7765696801587338-PANTS 2.mp4,7765696801587338-PANTS 2,674196,PANTS,True,29.997,101,640,480,3.367,13.3554,0.5,0.0,7.4908
P31,7856949677720131-BETTER.mp4,BETTER,F_01_062,train,ASL_Citizen/videos/7856949677720131-BETTER.mp4,7856949677720131-BETTER,422906,BETTER,True,29.995,65,640,480,2.167,9.5917,0.375,0.0,2.9599
P31,7243206978076484-FEEL.mp4,FEEL,C_02_001,train,ASL_Citizen/videos/7243206978076484-FEEL.mp4,7243206978076484-FEEL,581441,FEEL,True,29.917,87,640,480,2.908,10.5484,0.5,0.0,2.4343
P31,11410437838123944-TOWEL.mp4,TOWEL,F_01_007,train,ASL_Citizen/videos/11410437838123944-TOWEL.mp4,11410437838123944-TOWEL,731476,TOWEL,True,30.003,109,640,480,3.633,16.0248,0.5,0.125,13.9361
P31,12975537483137067-EXPERT.mp4,EXPERT,J_03_099,train,ASL_Citizen/videos/12975537483137067-EXPERT.mp4,12975537483137067-EXPERT,738719,EXPERT,True,29.969,106,640,480,3.537,17.5853,0.375,0.375,0.7678
P31,4590326601471184-OPERATE MACHINE.mp4,OPERATEMACHINE,G_02_026,train,ASL_Citizen/videos/4590326601471184-OPERATE MACHINE.mp4,4590326601471184-OPERATE MACHINE,576680,OPERATEMACHINE,True,29.915,84,640,480,2.808,22.2649,0.5,0.25,3.0111
P31,5504349554292862-CHOP.mp4,CHOP,F_02_099,train,ASL_Citizen/videos/5504349554292862-CHOP.mp4,5504349554292862-CHOP,545459,CHOP,True,29.975,83,640,480,2.769,10.9142,0.5,0.0,6.6609
P31,6525872000407231-GIVE.mp4,GIVE,F_01_023,train,ASL_Citizen/videos/6525872000407231-GIVE.mp4,6525872000407231-GIVE,462646,GIVE,True,30.315,72,640,480,2.375,9.8009,0.125,0.0,
P31,8625931236128983-TRIANGLE.mp4,TRIANGLE,J_02_080,train,ASL_Citizen/videos/8625931236128983-TRIANGLE.mp4,8625931236128983-TRIANGLE,649497,TRIANGLE,True,29.92,97,640,480,3.242,15.0283,1.0,0.375,7.574
P31,26554711285709987-PET 2.mp4,PET2,K_02_085,train,ASL_Citizen/videos/26554711285709987-PET 2.mp4,26554711285709987-PET 2,627542,PET,True,29.915,91,640,480,3.042,17.9712,0.375,0.375,0.3347
P31,3382560479288117-GLOW.mp4,GLOW,D_03_093,train,ASL_Citizen/videos/3382560479288117-GLOW.mp4,3382560479288117-GLOW,534755,GLOW,True,29.915,77,640,480,2.574,19.3836,0.5,0.125,4.572
P31,37101452545488844-STIMULATE.mp4,STIMULATE,H_02_035,train,ASL_Citizen/videos/37101452545488844-STIMULATE.mp4,37101452545488844-STIMULATE,676667,STIMULATE,True,29.973,99,640,480,3.303,17.5491,0.375,0.375,0.7917
P31,15507246363531402-TRUTH.mp4,TRUTH,E_03_015,train,ASL_Citizen/videos/15507246363531402-TRUTH.mp4,15507246363531402-TRUTH,513473,TRUTH,True,29.976,75,640,480,2.502,16.4225,0.5,0.375,2.4027
P31,5968075883322883-DRUM.mp4,DRUM,A_03_075,train,ASL_Citizen/videos/5968075883322883-DRUM.mp4,5968075883322883-DRUM,645757,DRUM,True,30.0,96,640,480,3.2,15.1332,0.375,0.0,6.0474
P31,727498759215023-CAR BATTERY.mp4,CARBATTERY,E_01_039,train,ASL_Citizen/videos/727498759215023-CAR BATTERY.mp4,727498759215023-CAR BATTERY,543270,CARBATTERY,True,29.918,80,640,480,2.674,17.1335,0.25,0.125,4.0384
P31,9023537490328555-LION.mp4,LION,A_03_012,train,ASL_Citizen/videos/9023537490328555-LION.mp4,9023537490328555-LION,668104,LION,True,29.967,100,640,480,3.337,18.9707,0.375,0.0,4.4707
P31,9605403754890867-PUNCH FACE.mp4,PUNCHFACE,J_01_051,train,ASL_Citizen/videos/9605403754890867-PUNCH FACE.mp4,9605403754890867-PUNCH FACE,774568,PUNCHFACE,True,29.971,115,640,480,3.837,15.7738,0.25,0.0,0.9286
P31,050737758048283066-CHEESE.mp4,CHEESE,A_02_021,train,ASL_Citizen/videos/050737758048283066-CHEESE.mp4,050737758048283066-CHEESE,638387,CHEESE,True,30.003,94,640,480,3.133,14.8835,0.125,0.0,
P31,48573729120857245-CUT 1.mp4,CUT,E_02_046,train,ASL_Citizen/videos/48573729120857245-CUT 1.mp4,48573729120857245-CUT 1,484006,CUT,True,29.975,72,640,480,2.402,11.3098,0.375,0.0,2.3807
P31,03939301224865832-ARMY.mp4,ARMY,B_01_059,train,ASL_Citizen/videos/03939301224865832-ARMY.mp4,03939301224865832-ARMY,761638,ARMY,True,29.974,116,640,480,3.87,13.6549,0.375,0.0,0.9505
P31,07278924081909288-SLIP.mp4,SLIP2,J_02_030,train,ASL_Citizen/videos/07278924081909288-SLIP.mp4,07278924081909288-SLIP,552831,SLIP,True,30.0,81,640,480,2.7,14.2611,0.375,0.125,3.9386
P31,3069924527137442-STETHOSCOPE 4.mp4,STETHOSCOPE3,K_02_031,train,ASL_Citizen/videos/3069924527137442-STETHOSCOPE 4.mp4,3069924527137442-STETHOSCOPE 4,541817,STETHOSCOPE,True,29.996,80,640,480,2.667,19.1293,0.625,0.125,9.8968
P31,9267756174185333-USE.mp4,USE,D_03_043,train,ASL_Citizen/videos/9267756174185333-USE.mp4,9267756174185333-USE,620457,USE,True,29.971,93,640,480,3.103,13.0972,0.875,0.25,6.6066
P31,5465824135998696-CRUMPLE.mp4,CRUMPLE,K_01_124,train,ASL_Citizen/videos/5465824135998696-CRUMPLE.mp4,5465824135998696-CRUMPLE,526195,CRUMPLE,True,29.922,81,640,480,2.707,11.6789,0.375,0.25,0.9339
P31,13137434883346333-GOODY GOODY.mp4,GOODYGOODY,G_03_083,train,ASL_Citizen/videos/13137434883346333-GOODY GOODY.mp4,13137434883346333-GOODY GOODY,888860,GOODYGOODY,True,30.002,130,640,480,4.333,12.6481,0.25,0.0,0.4593
P32,9344502427310482-ERASE 4.mp4,ERASE5,K_02_042,train,ASL_Citizen/videos/9344502427310482-ERASE 4.mp4,9344502427310482-ERASE 4,896539,ERASE,True,29.092,75,960,540,2.578,11.3534,0.375,0.0,2.7533
P32,37845700568862717-WORSE.mp4,WORSE,H_01_011,train,ASL_Citizen/videos/37845700568862717-WORSE.mp4,37845700568862717-WORSE,896983,WORSE,True,30.0,93,960,540,3.1,11.0837,0.375,0.125,4.2679
P32,7468467023479382-BITE ON NECK.mp4,BITEONNECK,E_03_035,train,ASL_Citizen/videos/7468467023479382-BITE ON NECK.mp4,7468467023479382-BITE ON NECK,801770,BITEONNECK,True,30.004,82,960,540,2.733,9.7861,0.25,0.0,0.0906
P32,08490097279805808-ACCENT.mp4,ACCENT,E_01_073,train,ASL_Citizen/videos/08490097279805808-ACCENT.mp4,08490097279805808-ACCENT,773579,ACCENT,True,29.996,80,960,540,2.667,7.7319,0.625,0.0,1.9638
P32,2739545184180101-TUBE TOP.mp4,TUBETOP,E_01_067,train,ASL_Citizen/videos/2739545184180101-TUBE TOP.mp4,2739545184180101-TUBE TOP,1063858,TUBETOP,True,30.003,106,960,540,3.533,13.6916,0.375,0.25,2.4487
P32,22151412384834845-STAPLER.mp4,STAPLER,G_02_005,train,ASL_Citizen/videos/22151412384834845-STAPLER.mp4,22151412384834845-STAPLER,1014946,STAPLER,True,30.0,102,960,540,3.4,9.8934,0.25,0.0,0.1857
P32,5538288174206061-DIFFERENT.mp4,DIFFERENT,E_03_095,train,ASL_Citizen/videos/5538288174206061-DIFFERENT.mp4,5538288174206061-DIFFERENT,784677,DIFFERENT,True,30.0,78,960,540,2.6,11.8059,0.375,0.375,1.2411
P32,2483902459491516-JUGGLER.mp4,JUGGLER,E_03_051,train,ASL_Citizen/videos/2483902459491516-JUGGLER.mp4,2483902459491516-JUGGLER,800285,JUGGLER,True,30.004,82,960,540,2.733,10.8817,0.375,0.375,2.4895
P32,10967909428786782-SANDWICH 2.mp4,SANDWICH4,K_02_086,train,ASL_Citizen/videos/10967909428786782-SANDWICH 2.mp4,10967909428786782-SANDWICH 2,953134,SANDWICH,True,30.428,89,960,540,2.925,11.7408,0.375,0.0,1.2477
P32,5795217194277364-CURL.mp4,CURL2,J_01_052,train,ASL_Citizen/videos/5795217194277364-CURL.mp4,5795217194277364-CURL,1291532,CURL,True,30.116,103,960,540,3.42,14.3253,0.5,0.0,2.3483
P32,013670101276912927-STRAIN 2.mp4,STRAIN2,K_01_076,train,ASL_Citizen/videos/013670101276912927-STRAIN 2.mp4,013670101276912927-STRAIN 2,861077,STRAIN,True,26.479,82,960,540,3.097,12.027,0.5,0.125,5.0525
P32,7866967514545402-VISIT.mp4,VISIT,H_03_080,train,ASL_Citizen/videos/7866967514545402-VISIT.mp4,7866967514545402-VISIT,1489992,VISIT,True,55.0,182,960,540,3.309,10.4701,0.5,0.5,1.1472
P32,05872954283088094-STOPWATCH.mp4,STOPWATCH,F_01_067,train,ASL_Citizen/videos/05872954283088094-STOPWATCH.mp4,05872954283088094-STOPWATCH,634043,STOPWATCH,True,30.47,66,960,540,2.166,8.7976,0.5,0.0,1.4651
P32,1257229740442749-ONE.mp4,ONE,F_03_012,train,ASL_Citizen/videos/1257229740442749-ONE.mp4,1257229740442749-ONE,634529,ONE,True,29.995,65,960,540,2.167,8.6769,0.375,0.0,0.5151
P32,7607090615698329-AGENCY.mp4,AGENCY,H_01_044,train,ASL_Citizen/videos/7607090615698329-AGENCY.mp4,7607090615698329-AGENCY,948081,AGENCY,True,30.003,97,960,540,3.233,10.5064,0.375,0.375,1.0154
P32,9191190263080842-INSIDE.mp4,INSIDE,H_01_047,train,ASL_Citizen/videos/9191190263080842-INSIDE.mp4,9191190263080842-INSIDE,913646,INSIDE,True,30.466,80,960,540,2.626,14.4409,0.5,0.375,2.3349
P32,1430667747091987-BANDAID.mp4,BANDAID2,F_02_020,train,ASL_Citizen/videos/1430667747091987-BANDAID.mp4,1430667747091987-BANDAID,872798,BANDAID,True,29.997,89,960,540,2.967,10.1744,0.5,0.5,0.6805
P32,1596543216308992-PLANT.mp4,PLANT,E_01_029,train,ASL_Citizen/videos/1596543216308992-PLANT.mp4,1596543216308992-PLANT,832890,PLANT,True,30.467,84,960,540,2.757,21.896,0.375,0.25,1.1429
P32,10878458349393139-WITCH 2.mp4,WITCH2,K_03_022,train,ASL_Citizen/videos/10878458349393139-WITCH 2.mp4,10878458349393139-WITCH 2,953408,WITCH,True,28.401,92,960,540,3.239,11.5136,0.5,0.375,2.4249
P32,30595440731440093-PINEAPPLE 3.mp4,PINEAPPLE5,K_02_011,train,ASL_Citizen/videos/30595440731440093-PINEAPPLE 3.mp4,30595440731440093-PINEAPPLE 3,874115,PINEAPPLE,True,30.197,78,960,540,2.583,12.1657,0.625,0.0,7.0853
P32,8968694159235124-SAUCE.mp4,SAUCE,F_01_054,train,ASL_Citizen/videos/8968694159235124-SAUCE.mp4,8968694159235124-SAUCE,771787,SAUCE,True,30.54,78,960,540,2.554,16.0413,0.5,0.5,2.658
P32,53978014924093-PLOW.mp4,PLOW1,H_02_058,train,ASL_Citizen/videos/53978014924093-PLOW.mp4,53978014924093-PLOW,1042639,PLOW,True,30.409,104,960,540,3.42,12.9969,0.5,0.375,5.5075
P32,4173382688138636-PAGEANT.mp4,PAGEANT,H_02_100,train,ASL_Citizen/videos/4173382688138636-PAGEANT.mp4,4173382688138636-PAGEANT,882431,PAGEANT,True,26.93,84,960,540,3.119,12.3607,0.25,0.0,3.2498
P32,5227746277679197-LUNCH.mp4,LUNCH1,G_02_081,train,ASL_Citizen/videos/5227746277679197-LUNCH.mp4,5227746277679197-LUNCH,879500,LUNCH,True,30.0,90,960,540,3.0,11.288,0.5,0.0,2.2698
P32,7572158547174597-HAD ENOUGH.mp4,HADENOUGH,H_01_090,train,ASL_Citizen/videos/7572158547174597-HAD ENOUGH.mp4,7572158547174597-HAD ENOUGH,782498,HADENOUGH,True,30.004,79,960,540,2.633,11.3002,0.375,0.0,1.9064
P32,2950155137984676-AUNT.mp4,AUNT,E_02_027,train,ASL_Citizen/videos/2950155137984676-AUNT.mp4,2950155137984676-AUNT,582853,AUNT,True,29.995,59,960,540,1.967,9.961,0.625,0.0,3.8368
P32,8253844758485249-FORK 4.mp4,FORK4,K_01_027,train,ASL_Citizen/videos/8253844758485249-FORK 4.mp4,8253844758485249-FORK 4,984122,FORK,True,28.843,95,960,540,3.294,10.8498,0.375,0.375,1.5984
P32,7252710785099001-EMPTY.mp4,EMPTY1,E_02_072,train,ASL_Citizen/videos/7252710785099001-EMPTY.mp4,7252710785099001-EMPTY,701034,EMPTY,True,29.996,71,960,540,2.367,10.1206,0.375,0.25,0.4881
P33,37298881254315974-MOUSE.mp4,MOUSE,A_03_009,train,ASL_Citizen/videos/37298881254315974-MOUSE.mp4,37298881254315974-MOUSE,1155553,MOUSE,True,29.998,179,640,480,5.967,8.8131,0.25,0.0,0.2937
P33,5668554006802771-PROOF.mp4,PROOF,E_02_019,train,ASL_Citizen/videos/5668554006802771-PROOF.mp4,5668554006802771-PROOF,1149912,PROOF,True,30.391,173,640,480,5.692,12.9101,0.25,0.125,1.215
P33,8721833911036878-SUBTRACT.mp4,SUBTRACT,B_02_027,train,ASL_Citizen/videos/8721833911036878-SUBTRACT.mp4,8721833911036878-SUBTRACT,891313,SUBTRACT,True,30.366,136,640,480,4.479,12.6145,0.375,0.125,2.3873
P33,2224891269486613-HELMET.mp4,HELMET1,D_02_034,train,ASL_Citizen/videos/2224891269486613-HELMET.mp4,2224891269486613-HELMET,1335529,HELMET,True,30.366,201,640,480,6.619,11.2081,0.5,0.375,2.6019
P33,45528286458817235-HOLD ACCOUNTABLE.mp4,HOLDACCOUNTABLE,E_03_093,train,ASL_Citizen/videos/45528286458817235-HOLD ACCOUNTABLE.mp4,45528286458817235-HOLD ACCOUNTABLE,982441,HOLDACCOUNTABLE,True,30.0,147,640,480,4.9,6.7863,0.25,0.0,0.3164
P33,12086989993131292-CASTLE 2.mp4,CASTLE2,K_01_017,train,ASL_Citizen/videos/12086989993131292-CASTLE 2.mp4,12086989993131292-CASTLE 2,1084012,CASTLE,True,30.002,163,640,480,5.433,12.0324,0.25,0.125,3.0904
P33,6084947240531422-FURNITURE.mp4,FURNITURE,C_02_059,train,ASL_Citizen/videos/6084947240531422-FURNITURE.mp4,6084947240531422-FURNITURE,968495,FURNITURE,True,29.838,144,640,480,4.826,9.8722,0.25,0.0,0.5866
P33,2700658056363756-FUZZY.mp4,FUZZY,K_02_123,train,ASL_Citizen/videos/2700658056363756-FUZZY.mp4,2700658056363756-FUZZY,1175367,FUZZY,True,30.002,175,640,480,5.833,12.2223,0.375,0.25,0.9788
P33,050364485120873326-YES.mp4,YES,G_03_074,train,ASL_Citizen/videos/050364485120873326-YES.mp4,050364485120873326-YES,1658851,YES,True,29.916,265,640,480,8.858,20.5333,0.25,0.0,0.8846
P33,7470769375854367-CAMPING.mp4,CAMPING,A_01_045,train,ASL_Citizen/videos/7470769375854367-CAMPING.mp4,7470769375854367-CAMPING,1148769,CAMPING,True,29.998,170,640,480,5.667,9.6453,0.625,0.25,10.099
P33,37264589996632025-SWIM 2.mp4,SWIM2,K_03_106,train,ASL_Citizen/videos/37264589996632025-SWIM 2.mp4,37264589996632025-SWIM 2,1061708,SWIM,True,29.97,158,640,480,5.272,19.3111,0.375,0.25,2.3991
P33,018856090817386928-LAST WEEK.mp4,LASTWEEK,H_01_098,train,ASL_Citizen/videos/018856090817386928-LAST WEEK.mp4,018856090817386928-LAST WEEK,1179318,LASTWEEK,True,29.916,185,640,480,6.184,26.1731,0.25,0.25,1.6536
P33,19862147081286285-STRESS.mp4,STRESS,B_02_075,train,ASL_Citizen/videos/19862147081286285-STRESS.mp4,19862147081286285-STRESS,1118814,STRESS,True,29.998,173,640,480,5.767,9.2422,0.25,0.125,1.0008
P33,1380864475175092-LEAVE.mp4,LEAVE,B_02_084,train,ASL_Citizen/videos/1380864475175092-LEAVE.mp4,1380864475175092-LEAVE,846705,LEAVE,True,29.97,128,640,480,4.271,12.7808,0.25,0.125,1.8961
P33,6700164273736211-DEPRESS.mp4,DEPRESS,E_02_059,train,ASL_Citizen/videos/6700164273736211-DEPRESS.mp4,6700164273736211-DEPRESS,1068619,DEPRESS,True,30.16,160,640,480,5.305,16.6163,0.5,0.375,7.1964
P33,8112046137026094-WASH HANDS.mp4,WASHHANDS,F_01_056,train,ASL_Citizen/videos/8112046137026094-WASH HANDS.mp4,8112046137026094-WASH HANDS,1191490,WASHHANDS,True,29.917,176,640,480,5.883,7.4359,0.5,0.125,3.3797
P33,487230059518593-GENERATION.mp4,GENERATION,H_01_032,train,ASL_Citizen/videos/487230059518593-GENERATION.mp4,487230059518593-GENERATION,987303,GENERATION,True,29.919,151,640,480,5.047,23.2463,0.5,0.125,8.1984
P33,9148705103234003-CURTSEY 1.mp4,CURTSEY2,K_02_006,train,ASL_Citizen/videos/9148705103234003-CURTSEY 1.mp4,9148705103234003-CURTSEY 1,1157548,CURTSEY,True,29.92,173,640,480,5.782,24.9695,0.5,0.5,1.2837
P33,23325243527362427-SCULPTURE.mp4,SCULPTURE,E_03_045,train,ASL_Citizen/videos/23325243527362427-SCULPTURE.mp4,23325243527362427-SCULPTURE,1035637,SCULPTURE,True,30.002,154,640,480,5.133,11.2292,0.25,0.25,0.2851
P33,5731680073234551-SIT.mp4,SIT,D_03_034,train,ASL_Citizen/videos/5731680073234551-SIT.mp4,5731680073234551-SIT,1207290,SIT,True,29.998,179,640,480,5.967,10.6617,0.5,0.25,4.33
P33,2215504926132208-DEDICATE 2.mp4,DEDICATE1,G_03_094,train,ASL_Citizen/videos/2215504926132208-DEDICATE 2.mp4,2215504926132208-DEDICATE 2,1228986,DEDICATE,True,29.918,193,640,480,6.451,28.1568,0.375,0.25,2.4169
P33,27348331626333633-LIGHTS ON.mp4,LIGHTSON,E_03_066,train,ASL_Citizen/videos/27348331626333633-LIGHTS ON.mp4,27348331626333633-LIGHTS ON,1364119,LIGHTSON,True,30.0,201,640,480,6.7,17.2137,0.625,0.0,4.7899
P33,739283887361468-LIVING ROOM.mp4,LIVINGROOM,F_02_016,train,ASL_Citizen/videos/739283887361468-LIVING ROOM.mp4,739283887361468-LIVING ROOM,1168948,LIVINGROOM,True,30.002,178,640,480,5.933,10.9756,0.5,0.25,1.4578
P33,31905724451245576-WIDE.mp4,WIDE,J_02_052,train,ASL_Citizen/videos/31905724451245576-WIDE.mp4,31905724451245576-WIDE,1038284,WIDE,True,30.002,157,640,480,5.233,12.5922,0.375,0.375,1.3676
P33,36163787483265875-FISHING 2.mp4,FISHING2,K_01_050,train,ASL_Citizen/videos/36163787483265875-FISHING 2.mp4,36163787483265875-FISHING 2,1109396,FISHING,True,30.149,167,640,480,5.539,11.3538,0.5,0.375,2.1379
P33,5823440181027557-CHEERLEADER.mp4,CHEERLEADER1,H_02_045,train,ASL_Citizen/videos/5823440181027557-CHEERLEADER.mp4,5823440181027557-CHEERLEADER,964775,CHEERLEADER,True,29.998,143,640,480,4.767,13.5172,0.375,0.25,2.2248
P33,9652092264345256-MOP.mp4,MOP1,A_02_090,train,ASL_Citizen/videos/9652092264345256-MOP.mp4,9652092264345256-MOP,1480119,MOP,True,29.916,218,640,480,7.287,15.1923,0.5,0.375,3.683
P33,1450341846445946-WILL.mp4,WILL,F_03_025,train,ASL_Citizen/videos/1450341846445946-WILL.mp4,1450341846445946-WILL,1040370,WILL,True,29.969,155,640,480,5.172,8.4689,0.25,0.0,2.1276
P34,18638607717808386-THINK OBSESS.mp4,THINKOBSESS,G_03_079,train,ASL_Citizen/videos/18638607717808386-THINK OBSESS.mp4,18638607717808386-THINK OBSESS,686996,THINKOBSESS,True,29.924,98,640,480,3.275,24.5031,0.5,0.25,4.9906
P34,34766944211365813-NEXT TO.mp4,NEXTTO,F_03_008,train,ASL_Citizen/videos/34766944211365813-NEXT TO.mp4,34766944211365813-NEXT TO,672081,NEXTTO,True,30.003,91,640,480,3.033,18.7891,0.5,0.125,4.2153
P34,8283977272549146-US.mp4,US,H_03_055,train,ASL_Citizen/videos/8283977272549146-US.mp4,8283977272549146-US,593066,US,True,29.921,83,640,480,2.774,12.3426,0.375,0.0,1.9229
P34,7827167414330105-SCAN.mp4,SCAN,C_03_039,train,ASL_Citizen/videos/7827167414330105-SCAN.mp4,7827167414330105-SCAN,595132,SCAN,True,30.003,88,640,480,2.933,27.1768,0.5,0.25,2.6253
P34,9232966419158455-FORM.mp4,FORM,G_03_023,train,ASL_Citizen/videos/9232966419158455-FORM.mp4,9232966419158455-FORM,787154,FORM,True,29.917,87,640,480,2.908,29.0693,0.375,0.25,3.1047
P34,24767290279241916-WHEEL.mp4,WHEEL,H_03_069,train,ASL_Citizen/videos/24767290279241916-WHEEL.mp4,24767290279241916-WHEEL,824314,WHEEL,True,30.003,106,640,480,3.533,21.1352,0.375,0.375,2.5891
P34,08921898720730481-WASH FACE_2.mp4,WASHFACE2,J_01_078,train,ASL_Citizen/videos/08921898720730481-WASH FACE_2.mp4,08921898720730481-WASH FACE_2,688549,WASHFACE,True,30.343,96,640,480,3.164,17.0774,0.5,0.375,3.6064
P34,047595395336926805-TICKLE.mp4,TICKLE,H_01_073,train,ASL_Citizen/videos/047595395336926805-TICKLE.mp4,047595395336926805-TICKLE,604070,TICKLE,True,30.0,75,640,480,2.5,17.5526,0.25,0.25,0.3861
P34,12182154918733556-NECKLACE 2.mp4,NECKLACE3,K_01_071,train,ASL_Citizen/videos/12182154918733556-NECKLACE 2.mp4,12182154918733556-NECKLACE 2,675829,NECKLACE,True,29.835,85,640,480,2.849,19.4665,0.5,0.375,4.1789
P34,3032066598240126-MODEL 2.mp4,MODEL1,J_02_005,train,ASL_Citizen/videos/3032066598240126-MODEL 2.mp4,3032066598240126-MODEL 2,883947,MODEL,True,30.379,101,640,480,3.325,16.5123,0.375,0.25,1.4426
P34,7578829439834385-DRAG.mp4,DRAG1,J_02_039,train,ASL_Citizen/videos/7578829439834385-DRAG.mp4,7578829439834385-DRAG,604929,DRAG,True,29.916,82,640,480,2.741,17.5162,0.25,0.125,0.7578
P34,6689516415039916-DINING ROOM.mp4,DININGROOM,F_02_049,train,ASL_Citizen/videos/6689516415039916-DINING ROOM.mp4,6689516415039916-DINING ROOM,631467,DININGROOM,True,30.003,91,640,480,3.033,20.2624,0.5,0.125,5.0918
P34,5150129874642921-HOODIE 1.mp4,HOODIE1,K_02_044,train,ASL_Citizen/videos/5150129874642921-HOODIE 1.mp4,5150129874642921-HOODIE 1,615051,HOODIE,True,29.918,80,640,480,2.674,26.3661,0.5,0.125,5.0004
P34,9183489260287057-GRADUATE SCHOOL.mp4,GRADUATESCHOOL,H_02_052,train,ASL_Citizen/videos/9183489260287057-GRADUATE SCHOOL.mp4,9183489260287057-GRADUATE SCHOOL,667505,GRADUATESCHOOL,True,29.921,83,640,480,2.774,17.0366,0.375,0.125,2.7117
P34,7591468319033796-STUCK.mp4,STUCK,E_01_019,train,ASL_Citizen/videos/7591468319033796-STUCK.mp4,7591468319033796-STUCK,627107,STUCK,True,30.0,93,640,480,3.1,8.0933,0.375,0.0,0.859
P34,9957174056735818-ICE.mp4,ICE,G_03_020,train,ASL_Citizen/videos/9957174056735818-ICE.mp4,9957174056735818-ICE,617698,ICE,True,30.0,90,640,480,3.0,11.0537,0.375,0.0,0.8624
P34,3807392403933183-DECORATE 2.mp4,DECORATE2,K_02_030,train,ASL_Citizen/videos/3807392403933183-DECORATE 2.mp4,3807392403933183-DECORATE 2,653606,DECORATE,True,29.997,95,640,480,3.167,21.7169,0.5,0.25,5.0341
P34,8914399445795747-REFRIGERATOR.mp4,REFRIGERATOR,G_01_001,train,ASL_Citizen/videos/8914399445795747-REFRIGERATOR.mp4,8914399445795747-REFRIGERATOR,691885,REFRIGERATOR,True,29.916,96,640,480,3.209,20.7884,0.5,0.5,0.5432
P34,9409335332982465-CHEW 2.mp4,CHEW1,J_02_027,train,ASL_Citizen/videos/9409335332982465-CHEW 2.mp4,9409335332982465-CHEW 2,790611,CHEW,True,30.003,112,640,480,3.733,13.936,0.5,0.0,1.293
P34,09255709495802078-PLOW 2.mp4,PLOW2,K_02_089,train,ASL_Citizen/videos/09255709495802078-PLOW 2.mp4,09255709495802078-PLOW 2,551647,PLOW,True,29.921,76,640,480,2.54,18.1119,0.375,0.125,1.4662
P34,8320036795386736-SNOWSUIT.mp4,SNOWSUIT,E_03_005,train,ASL_Citizen/videos/8320036795386736-SNOWSUIT.mp4,8320036795386736-SNOWSUIT,776078,SNOWSUIT,True,29.997,104,640,480,3.467,27.0056,0.5,0.5,1.7054
P34,9987577953873454-VLOG.mp4,VLOG,J_03_027,train,ASL_Citizen/videos/9987577953873454-VLOG.mp4,9987577953873454-VLOG,575531,VLOG,True,29.922,81,640,480,2.707,21.2905,0.375,0.375,1.0406
P34,6699399373187926-PLUG 2.mp4,PLUG2,K_01_063,train,ASL_Citizen/videos/6699399373187926-PLUG 2.mp4,6699399373187926-PLUG 2,591452,PLUG,True,30.0,84,640,480,2.8,21.1049,0.5,0.375,3.211
P34,2967927583161576-CAPE.mp4,CAPE,F_01_004,train,ASL_Citizen/videos/2967927583161576-CAPE.mp4,2967927583161576-CAPE,664941,CAPE,True,29.836,91,640,480,3.05,21.5127,0.5,0.5,2.3555
P34,560166013298945-CALM.mp4,CALM,G_03_004,train,ASL_Citizen/videos/560166013298945-CALM.mp4,560166013298945-CALM,800362,CALM,True,29.92,109,640,480,3.643,18.2167,0.25,0.125,3.8413
P34,372047697852099-BURY 1.mp4,BURY2,K_02_014,train,ASL_Citizen/videos/372047697852099-BURY 1.mp4,372047697852099-BURY 1,607288,BURY,True,30.004,85,640,480,2.833,24.272,0.375,0.25,2.2113
P34,06756947281854742-KICK.mp4,KICK2,G_03_087,train,ASL_Citizen/videos/06756947281854742-KICK.mp4,06756947281854742-KICK,831910,KICK,True,30.315,106,640,480,3.497,23.3345,0.25,0.0,0.3788
P34,32856875079358927-BOTH.mp4,BOTH,H_01_076,train,ASL_Citizen/videos/32856875079358927-BOTH.mp4,32856875079358927-BOTH,556501,BOTH,True,29.92,71,640,480,2.373,18.9969,0.5,0.0,3.4196
P35,4350915588511477-ANGEL.mp4,ANGEL,A_03_085,test,ASL_Citizen/videos/4350915588511477-ANGEL.mp4,4350915588511477-ANGEL,559910,ANGEL,True,30.004,79,640,480,2.633,16.6421,0.5,0.25,12.5568
P35,5184056351148685-GLASS 2.mp4,GLASS3,K_01_115,test,ASL_Citizen/videos/5184056351148685-GLASS 2.mp4,5184056351148685-GLASS 2,556739,GLASS,True,29.845,75,640,480,2.513,17.2542,0.375,0.0,3.8834
P35,05517506531728045-QUARTER.mp4,QUARTER,H_02_049,test,ASL_Citizen/videos/05517506531728045-QUARTER.mp4,05517506531728045-QUARTER,645621,QUARTER,True,29.301,88,640,480,3.003,19.1441,0.625,0.0,5.2905
P35,8815602855619156-CANDLE.mp4,CANDLE,C_03_060,test,ASL_Citizen/videos/8815602855619156-CANDLE.mp4,8815602855619156-CANDLE,526951,CANDLE,True,29.972,74,640,480,2.469,17.8758,0.375,0.375,0.4647
P35,2692293506290748-AUNT.mp4,AUNT,E_02_027,test,ASL_Citizen/videos/2692293506290748-AUNT.mp4,2692293506290748-AUNT,560687,AUNT,True,29.996,83,640,480,2.767,12.5768,0.375,0.0,0.3744
P35,2659315132690123-THIEF 2.mp4,THIEF2,B_01_087,test,ASL_Citizen/videos/2659315132690123-THIEF 2.mp4,2659315132690123-THIEF 2,393313,THIEF,True,29.919,52,640,480,1.738,17.7001,0.5,0.375,2.9333
P35,12406400434709686-DRAG.mp4,DRAG1,J_02_039,test,ASL_Citizen/videos/12406400434709686-DRAG.mp4,12406400434709686-DRAG,601214,DRAG,True,29.917,87,640,480,2.908,22.2282,0.5,0.125,4.4352
P35,1873480487563428-SHY.mp4,SHY,B_01_040,test,ASL_Citizen/videos/1873480487563428-SHY.mp4,1873480487563428-SHY,504132,SHY,True,29.134,69,640,480,2.368,15.9839,0.625,0.125,2.817
P35,5606056445428191-YAWN 3.mp4,YAWN3,K_03_009,test,ASL_Citizen/videos/5606056445428191-YAWN 3.mp4,5606056445428191-YAWN 3,610332,YAWN,True,29.996,83,640,480,2.767,18.3655,0.625,0.25,4.9405
P35,00017673589179367788-OPINION 1.mp4,OPINION1,J_01_108,test,ASL_Citizen/videos/00017673589179367788-OPINION 1.mp4,00017673589179367788-OPINION 1,663314,OPINION,True,30.0,96,640,480,3.2,19.1567,0.375,0.0,0.9875
P35,696940195955664-HAIR 2.mp4,HAIR2,K_02_053,test,ASL_Citizen/videos/696940195955664-HAIR 2.mp4,696940195955664-HAIR 2,847295,HAIR,True,29.918,127,640,480,4.245,14.0357,0.375,0.0,2.4862
P35,541748559500123-FIRED.mp4,FIRED,J_03_058,test,ASL_Citizen/videos/541748559500123-FIRED.mp4,541748559500123-FIRED,525893,FIRED,True,29.632,72,640,480,2.43,13.6025,0.375,0.125,2.9465
P35,7614628544042368-ENGINEER.mp4,ENGINEER,A_03_014,test,ASL_Citizen/videos/7614628544042368-ENGINEER.mp4,7614628544042368-ENGINEER,675146,ENGINEER,True,30.451,93,640,480,3.054,15.9334,0.25,0.25,0.3437
P35,29950528019321676-MEDITATE 3.mp4,MEDITATE2,K_01_033,test,ASL_Citizen/videos/29950528019321676-MEDITATE 3.mp4,29950528019321676-MEDITATE 3,507120,MEDITATE,True,29.917,71,640,480,2.373,13.1358,0.5,0.25,4.6655
P35,7208324617605038-STAR.mp4,STAR,A_03_087,test,ASL_Citizen/videos/7208324617605038-STAR.mp4,7208324617605038-STAR,543916,STAR,True,29.996,74,640,480,2.467,19.0413,0.625,0.5,4.7548
P35,31420820801211313-HAIRCUT.mp4,HAIRCUT,C_02_081,test,ASL_Citizen/videos/31420820801211313-HAIRCUT.mp4,31420820801211313-HAIRCUT,743435,HAIRCUT,True,30.0,112,640,480,3.733,16.5091,0.25,0.125,2.2585
P35,997954721971535-GUITAR.mp4,GUITAR,A_02_077,test,ASL_Citizen/videos/997954721971535-GUITAR.mp4,997954721971535-GUITAR,770267,GUITAR,True,30.0,111,640,480,3.7,17.3344,0.5,0.125,2.9567
P35,5146453858504663-HITCHHIKE.mp4,HITCHHIKE,J_02_034,test,ASL_Citizen/videos/5146453858504663-HITCHHIKE.mp4,5146453858504663-HITCHHIKE,559166,HITCHHIKE,True,29.638,78,640,480,2.632,14.0918,0.5,0.0,3.1861
P35,9704008172172962-PEN.mp4,PEN,E_02_097,test,ASL_Citizen/videos/9704008172172962-PEN.mp4,9704008172172962-PEN,509246,PEN,True,30.004,76,640,480,2.533,16.4344,0.5,0.375,1.909
P35,5936998846934827-DAY.mp4,DAY,C_01_044,test,ASL_Citizen/videos/5936998846934827-DAY.mp4,5936998846934827-DAY,418014,DAY,True,29.974,58,640,480,1.935,19.0732,0.375,0.0,2.7644
P35,9303413047721956-BLINK.mp4,BLINK,G_02_055,test,ASL_Citizen/videos/9303413047721956-BLINK.mp4,9303413047721956-BLINK,727280,BLINK,True,29.838,107,640,480,3.586,21.327,0.375,0.375,1.8171
P35,231622906532283-RESPECT.mp4,RESPECT,J_01_029,test,ASL_Citizen/videos/231622906532283-RESPECT.mp4,231622906532283-RESPECT,379586,RESPECT,True,30.48,52,640,480,1.706,13.6313,0.625,0.125,5.7664
P35,8630644173768907-WHAT FOR.mp4,WHATFOR1,C_02_054,test,ASL_Citizen/videos/8630644173768907-WHAT FOR.mp4,8630644173768907-WHAT FOR,465537,WHATFOR,True,29.757,66,640,480,2.218,10.3685,0.5,0.0,0.5404
P35,22359151638273378-SURGEON.mp4,SURGEON,A_02_007,test,ASL_Citizen/videos/22359151638273378-SURGEON.mp4,22359151638273378-SURGEON,695264,SURGEON,True,29.997,95,640,480,3.167,17.7224,0.5,0.25,5.9202
P35,4408860384381912-HAD ENOUGH.mp4,HADENOUGH,H_01_090,test,ASL_Citizen/videos/4408860384381912-HAD ENOUGH.mp4,4408860384381912-HAD ENOUGH,459818,HADENOUGH,True,30.0,63,640,480,2.1,13.9287,0.5,0.0,1.4133
P35,0713137684139642-POLICEMAN 2.mp4,POLICEMAN2,K_03_104,test,ASL_Citizen/videos/0713137684139642-POLICEMAN 2.mp4,0713137684139642-POLICEMAN 2,552194,POLICEMAN,True,29.97,75,640,480,2.502,18.0037,0.5,0.0,0.5288
P35,806007991311084-UMBRELLA.mp4,UMBRELLA,A_02_022,test,ASL_Citizen/videos/806007991311084-UMBRELLA.mp4,806007991311084-UMBRELLA,558146,UMBRELLA,True,30.004,79,640,480,2.633,17.2267,0.625,0.375,4.1125
P35,7640003074948891-BOWTIE.mp4,BOWTIE,A_01_044,test,ASL_Citizen/videos/7640003074948891-BOWTIE.mp4,7640003074948891-BOWTIE,515169,BOWTIE,True,30.0,72,640,480,2.4,17.7267,0.5,0.5,0.536
P36,2898575205735108-NUT.mp4,NUT1,D_02_073,train,ASL_Citizen/videos/2898575205735108-NUT.mp4,2898575205735108-NUT,451714,NUT,True,30.565,60,640,480,1.963,9.042,0.25,0.0,0.1219
P36,8907590297918404-LESSON.mp4,LESSON,D_03_083,train,ASL_Citizen/videos/8907590297918404-LESSON.mp4,8907590297918404-LESSON,510449,LESSON,True,30.004,67,640,480,2.233,10.8523,0.375,0.125,3.1389
P36,2838122836795578-SUSPENDERS 2.mp4,SUSPENDERS2,E_01_028,train,ASL_Citizen/videos/2838122836795578-SUSPENDERS 2.mp4,2838122836795578-SUSPENDERS 2,419391,SUSPENDERS,True,29.973,55,640,480,1.835,10.6664,0.125,0.0,
P36,763533172470803-MY.mp4,MY,C_01_060,train,ASL_Citizen/videos/763533172470803-MY.mp4,763533172470803-MY,516001,MY,True,29.996,74,640,480,2.467,10.7442,0.25,0.0,0.0422
P36,944625109900574-CLOUD.mp4,CLOUD1,D_01_092,train,ASL_Citizen/videos/944625109900574-CLOUD.mp4,944625109900574-CLOUD,606851,CLOUD,True,30.004,85,640,480,2.833,16.9218,0.625,0.125,3.8173
P36,7641377252718362-FRIENDLY.mp4,FRIENDLY,C_02_031,train,ASL_Citizen/videos/7641377252718362-FRIENDLY.mp4,7641377252718362-FRIENDLY,421765,FRIENDLY,True,30.0,54,640,480,1.8,13.3582,0.375,0.25,3.2331
P36,1950169438794669-POWER.mp4,POWER,C_03_069,train,ASL_Citizen/videos/1950169438794669-POWER.mp4,1950169438794669-POWER,677137,POWER,True,29.997,98,640,480,3.267,34.0389,0.125,0.0,
P36,3496459990981846-SARCASTIC.mp4,SARCASTIC,E_01_005,train,ASL_Citizen/videos/3496459990981846-SARCASTIC.mp4,3496459990981846-SARCASTIC,605609,SARCASTIC,True,30.004,82,640,480,2.733,10.3105,0.25,0.125,3.2055
P36,8914696973773033-PREFER.mp4,PREFER,B_01_078,train,ASL_Citizen/videos/8914696973773033-PREFER.mp4,8914696973773033-PREFER,530055,PREFER,True,29.996,77,640,480,2.567,7.7358,0.25,0.0,1.1865
P36,9503407328753102-WINDMILL 2.mp4,WINDMILL2,K_01_118,train,ASL_Citizen/videos/9503407328753102-WINDMILL 2.mp4,9503407328753102-WINDMILL 2,478583,WINDMILL,True,30.0,63,640,480,2.1,11.1145,0.375,0.125,3.6449
P36,7940687292855915-BOAT.mp4,BOAT,D_01_055,train,ASL_Citizen/videos/7940687292855915-BOAT.mp4,7940687292855915-BOAT,485308,BOAT,True,29.995,65,640,480,2.167,9.0414,0.125,0.0,
P36,7274963623472752-BUSY.mp4,BUSY,E_02_040,train,ASL_Citizen/videos/7274963623472752-BUSY.mp4,7274963623472752-BUSY,443526,BUSY,True,30.005,58,640,480,1.933,9.5025,0.375,0.0,0.6339
P36,7812619709131703-STRIPE.mp4,STRIPE,H_01_085,train,ASL_Citizen/videos/7812619709131703-STRIPE.mp4,7812619709131703-STRIPE,530511,STRIPE,True,30.392,72,640,480,2.369,14.9038,0.125,0.0,
P36,09828950745075504-WIFE.mp4,WIFE,D_03_025,train,ASL_Citizen/videos/09828950745075504-WIFE.mp4,09828950745075504-WIFE,448488,WIFE,True,30.005,61,640,480,2.033,8.7694,0.25,0.125,0.9241
P36,9119089584743578-WATER SKI.mp4,WATERSKI,F_03_022,train,ASL_Citizen/videos/9119089584743578-WATER SKI.mp4,9119089584743578-WATER SKI,605207,WATERSKI,True,29.996,83,640,480,2.767,31.4474,0.25,0.0,4.0712
P36,07550237967516482-NAME.mp4,NAME,D_01_021,train,ASL_Citizen/videos/07550237967516482-NAME.mp4,07550237967516482-NAME,434466,NAME,True,30.487,60,640,480,1.968,9.675,0.375,0.375,0.5458
P36,9559670026678313-ZIPPER.mp4,ZIPPER,D_01_034,train,ASL_Citizen/videos/9559670026678313-ZIPPER.mp4,9559670026678313-ZIPPER,497235,ZIPPER,True,30.0,66,640,480,2.2,10.7513,0.125,0.0,
P36,9202711012693181-SLEEP.mp4,SLEEP,B_03_037,train,ASL_Citizen/videos/9202711012693181-SLEEP.mp4,9202711012693181-SLEEP,575038,SLEEP,True,30.269,81,640,480,2.676,10.07,0.25,0.0,0.4884
P36,4401481526745743-KID.mp4,KID,C_03_057,train,ASL_Citizen/videos/4401481526745743-KID.mp4,4401481526745743-KID,452998,KID,True,29.995,59,640,480,1.967,8.1973,0.375,0.0,0.2389
P36,7669129569150939-BEANIE.mp4,BEANIE,E_03_091,train,ASL_Citizen/videos/7669129569150939-BEANIE.mp4,7669129569150939-BEANIE,503369,BEANIE,True,30.496,67,640,480,2.197,18.8447,0.375,0.125,1.7341
P36,28473618954601276-HUMOR.mp4,HUMOR,H_03_063,train,ASL_Citizen/videos/28473618954601276-HUMOR.mp4,28473618954601276-HUMOR,562618,HUMOR,True,29.918,80,640,480,2.674,12.8642,0.5,0.0,1.1513
P36,5395339411835125-NEWSPAPER.mp4,NEWSPAPER,D_02_053,train,ASL_Citizen/videos/5395339411835125-NEWSPAPER.mp4,5395339411835125-NEWSPAPER,429323,NEWSPAPER,True,30.565,60,640,480,1.963,8.7116,0.375,0.0,2.758
P36,5787844095877386-FALL 2.mp4,FALL2,C_03_007,train,ASL_Citizen/videos/5787844095877386-FALL 2.mp4,5787844095877386-FALL 2,399819,FALL,True,29.994,53,640,480,1.767,7.0717,0.375,0.0,1.8118
P36,43064645973867144-BORED 2.mp4,BORED2,K_03_122,train,ASL_Citizen/videos/43064645973867144-BORED 2.mp4,43064645973867144-BORED 2,620293,BORED,True,30.0,87,640,480,2.9,38.0568,0.375,0.0,4.2391
P36,1517359740656592-CATAPULT.mp4,CATAPULT,E_03_083,train,ASL_Citizen/videos/1517359740656592-CATAPULT.mp4,1517359740656592-CATAPULT,584524,CATAPULT,True,29.996,83,640,480,2.767,13.262,0.375,0.0,3.0078
P36,9022647882602894-EXCUSE.mp4,EXCUSE,D_03_052,train,ASL_Citizen/videos/9022647882602894-EXCUSE.mp4,9022647882602894-EXCUSE,469441,EXCUSE,True,30.005,64,640,480,2.133,8.6834,0.375,0.25,3.2169
P36,45681021228600605-LIFT 2.mp4,LIFT2,K_03_029,train,ASL_Citizen/videos/45681021228600605-LIFT 2.mp4,45681021228600605-LIFT 2,551212,LIFT,True,29.973,77,640,480,2.569,16.2402,0.375,0.0,3.3392
P36,5946445520317383-SET UP.mp4,SETUP,B_03_021,train,ASL_Citizen/videos/5946445520317383-SET UP.mp4,5946445520317383-SET UP,545445,SETUP,True,30.386,77,640,480,2.534,9.8276,0.375,0.125,2.6386
P37,4508341798030795-WEAR.mp4,WEAR,B_02_032,train,ASL_Citizen/videos/4508341798030795-WEAR.mp4,4508341798030795-WEAR,376912,WEAR,True,30.513,51,640,480,1.671,15.7983,0.375,0.125,3.3604
P37,25122941989560554-PEACH.mp4,PEACH1,A_01_070,train,ASL_Citizen/videos/25122941989560554-PEACH.mp4,25122941989560554-PEACH,386615,PEACH,True,30.005,55,640,480,1.833,10.2446,0.5,0.0,1.9179
P37,9858325161708861-HAPPY.mp4,HAPPY,C_03_078,train,ASL_Citizen/videos/9858325161708861-HAPPY.mp4,9858325161708861-HAPPY,496283,HAPPY,True,29.996,74,640,480,2.467,13.5326,0.375,0.0,0.4876
P37,052260060033033406-SHORT DISTANCE.mp4,SHORTDISTANCE,H_01_049,train,ASL_Citizen/videos/052260060033033406-SHORT DISTANCE.mp4,052260060033033406-SHORT DISTANCE,432574,SHORTDISTANCE,True,29.915,56,640,480,1.872,11.3582,0.375,0.0,0.7814
P37,37276206216745744-COME OUT.mp4,COMEOUT,E_02_020,train,ASL_Citizen/videos/37276206216745744-COME OUT.mp4,37276206216745744-COME OUT,488202,COMEOUT,True,29.995,65,640,480,2.167,19.8651,0.375,0.375,0.8263
P37,6696729548384996-SCARED.mp4,SCARED,B_03_079,train,ASL_Citizen/videos/6696729548384996-SCARED.mp4,6696729548384996-SCARED,398361,SCARED,True,30.005,55,640,480,1.833,10.5377,0.5,0.25,3.9929
P37,5315681575640829-GRAPES 2.mp4,GRAPES2,K_01_010,train,ASL_Citizen/videos/5315681575640829-GRAPES 2.mp4,5315681575640829-GRAPES 2,467596,GRAPES,True,29.995,65,640,480,2.167,12.5224,0.5,0.5,1.109
P37,7724235446142758-TAKE PILL.mp4,TAKEPILL,F_01_045,train,ASL_Citizen/videos/7724235446142758-TAKE PILL.mp4,7724235446142758-TAKE PILL,522276,TAKEPILL,True,30.793,71,640,480,2.306,5.8103,0.125,0.0,
P37,11253304596671598-WIFE.mp4,WIFE,D_03_025,train,ASL_Citizen/videos/11253304596671598-WIFE.mp4,11253304596671598-WIFE,407698,WIFE,True,29.994,53,640,480,1.767,14.7859,0.5,0.125,3.1126
P37,09734878070308994-PINK.mp4,PINK,C_01_074,train,ASL_Citizen/videos/09734878070308994-PINK.mp4,09734878070308994-PINK,372389,PINK,True,29.976,50,640,480,1.668,9.4001,0.25,0.0,0.4126
P37,08723629719960146-MEXICAN 2.mp4,MEXICAN2,H_03_091,train,ASL_Citizen/videos/08723629719960146-MEXICAN 2.mp4,08723629719960146-MEXICAN 2,415140,MEXICAN,True,30.005,55,640,480,1.833,8.6881,0.25,0.0,0.0953
P37,9615892409510356-CAMCORDER.mp4,CAMCORDER,E_03_021,train,ASL_Citizen/videos/9615892409510356-CAMCORDER.mp4,9615892409510356-CAMCORDER,453783,CAMCORDER,True,29.971,63,640,480,2.102,11.5608,0.5,0.25,2.288
P37,11173376429977999-JACKET 2.mp4,JACKET3,K_01_116,train,ASL_Citizen/videos/11173376429977999-JACKET 2.mp4,11173376429977999-JACKET 2,464147,JACKET,True,29.924,67,640,480,2.239,9.896,0.25,0.125,2.8357
P37,20032450550143444-CAPTURE.mp4,CAPTURE,H_03_048,train,ASL_Citizen/videos/20032450550143444-CAPTURE.mp4,20032450550143444-CAPTURE,413446,CAPTURE,True,29.994,53,640,480,1.767,14.0998,0.5,0.125,4.453
P37,8809577301056204-TUBE.mp4,TUBE,G_03_042,train,ASL_Citizen/videos/8809577301056204-TUBE.mp4,8809577301056204-TUBE,451555,TUBE,True,30.0,60,640,480,2.0,16.4417,0.375,0.375,0.4347
P37,8686832123486647-SUIT.mp4,SUIT,G_01_103,train,ASL_Citizen/videos/8686832123486647-SUIT.mp4,8686832123486647-SUIT,525006,SUIT,True,30.861,76,640,480,2.463,12.5272,0.375,0.125,5.4854
P37,37353150802687796-DEDICATE 2.mp4,DEDICATE1,G_03_094,train,ASL_Citizen/videos/37353150802687796-DEDICATE 2.mp4,37353150802687796-DEDICATE 2,622265,DEDICATE,True,29.997,92,640,480,3.067,26.592,0.75,0.375,3.4474
P37,9202276549000159-MOUSE.mp4,MOUSE,A_03_009,train,ASL_Citizen/videos/9202276549000159-MOUSE.mp4,9202276549000159-MOUSE,351901,MOUSE,True,29.994,50,640,480,1.667,12.7179,0.5,0.0,1.885
P37,5730224927631586-PSYCHOLOGY.mp4,PSYCHOLOGY,F_02_074,train,ASL_Citizen/videos/5730224927631586-PSYCHOLOGY.mp4,5730224927631586-PSYCHOLOGY,463427,PSYCHOLOGY,True,29.995,62,640,480,2.067,12.6465,0.375,0.0,1.0371
P37,43660769524074494-TURKEY.mp4,TURKEY1,A_02_078,train,ASL_Citizen/videos/43660769524074494-TURKEY.mp4,43660769524074494-TURKEY,440545,TURKEY,True,30.005,61,640,480,2.033,18.5987,0.5,0.0,1.7811
P37,26457211156373295-FADE.mp4,FADE,J_02_053,train,ASL_Citizen/videos/26457211156373295-FADE.mp4,26457211156373295-FADE,428621,FADE,True,30.005,61,640,480,2.033,15.5403,0.375,0.125,6.3469
P37,8358916356218851-VERB.mp4,VERB,A_03_005,train,ASL_Citizen/videos/8358916356218851-VERB.mp4,8358916356218851-VERB,397547,VERB,True,30.006,52,640,480,1.733,9.9333,0.375,0.0,0.8441
P37,09714329486323847-NO.mp4,NO,C_03_041,train,ASL_Citizen/videos/09714329486323847-NO.mp4,09714329486323847-NO,295951,NO,True,29.963,40,640,480,1.335,11.9676,0.375,0.0,1.0074
P37,21287998395941665-DRY.mp4,DRY,F_03_005,train,ASL_Citizen/videos/21287998395941665-DRY.mp4,21287998395941665-DRY,523749,DRY,True,30.004,76,640,480,2.533,12.3561,0.25,0.0,1.0898
P37,1499127026337388-PARACHUTE 3.mp4,PARACHUTE3,K_01_059,train,ASL_Citizen/videos/1499127026337388-PARACHUTE 3.mp4,1499127026337388-PARACHUTE 3,470685,PARACHUTE,True,29.926,65,640,480,2.172,16.2484,0.375,0.125,1.9432
P37,3240164926826339-LEAVE ALONE.mp4,LEAVEALONE,H_03_105,train,ASL_Citizen/videos/3240164926826339-LEAVE ALONE.mp4,3240164926826339-LEAVE ALONE,362784,LEAVEALONE,True,30.007,46,640,480,1.533,14.7031,1.0,0.25,5.0875
P37,988917436163661-GAMBLE.mp4,GAMBLE,F_01_051,train,ASL_Citizen/videos/988917436163661-GAMBLE.mp4,988917436163661-GAMBLE,448670,GAMBLE,True,30.005,58,640,480,1.933,9.1506,0.375,0.0,2.4889
P37,9484684824521701-BOW.mp4,BOW1,F_03_065,train,ASL_Citizen/videos/9484684824521701-BOW.mp4,9484684824521701-BOW,526930,BOW,True,30.0,75,640,480,2.5,37.0677,0.125,0.0,
P38,20072447667273896-FIFTH.mp4,FIFTH,J_03_046,train,ASL_Citizen/videos/20072447667273896-FIFTH.mp4,20072447667273896-FIFTH,569859,FIFTH,True,16.667,70,640,480,4.2,9.0868,0.25,0.0,0.4239
P38,27103389535111955-DRINK 2.mp4,DRINK2,K_03_092,train,ASL_Citizen/videos/27103389535111955-DRINK 2.mp4,27103389535111955-DRINK 2,631501,DRINK,True,16.667,80,640,480,4.8,14.5179,0.125,0.0,
P38,4381525865125082-WILL.mp4,WILL,F_03_025,train,ASL_Citizen/videos/4381525865125082-WILL.mp4,4381525865125082-WILL,436164,WILL,True,16.667,55,640,480,3.3,9.7723,0.375,0.0,0.8917
P38,3073298450723829-STETHOSCOPE 3.mp4,STETHOSCOPE4,K_01_075,train,ASL_Citizen/videos/3073298450723829-STETHOSCOPE 3.mp4,3073298450723829-STETHOSCOPE 3,741214,STETHOSCOPE,True,16.667,93,640,480,5.58,17.7021,0.5,0.25,4.1338
P38,7931661907085596-SO.mp4,SO,G_01_069,train,ASL_Citizen/videos/7931661907085596-SO.mp4,7931661907085596-SO,420450,SO,True,16.667,52,640,480,3.12,4.7315,0.125,0.0,
P38,9997755331158287-GET IN_BED.mp4,GETINBED,J_03_010,train,ASL_Citizen/videos/9997755331158287-GET IN_BED.mp4,9997755331158287-GET IN_BED,476946,GETINBED,True,16.667,58,640,480,3.48,17.9566,0.375,0.375,0.7363
P38,9840276388705085-MOUTH.mp4,MOUTH,C_02_087,train,ASL_Citizen/videos/9840276388705085-MOUTH.mp4,9840276388705085-MOUTH,354550,MOUTH,True,16.667,46,640,480,2.76,11.463,0.375,0.0,1.4525
P38,36266006490335845-OVER.mp4,OVER,F_03_079,train,ASL_Citizen/videos/36266006490335845-OVER.mp4,36266006490335845-OVER,409266,OVER,True,16.667,49,640,480,2.94,10.7133,0.375,0.125,1.6597
P38,5931370711991422-MASSAGE.mp4,MASSAGE,H_01_100,train,ASL_Citizen/videos/5931370711991422-MASSAGE.mp4,5931370711991422-MASSAGE,566363,MASSAGE,True,16.667,69,640,480,4.14,14.9908,0.375,0.375,1.4479
P38,950812287551968-AUTISM.mp4,AUTISM1,F_03_011,train,ASL_Citizen/videos/950812287551968-AUTISM.mp4,950812287551968-AUTISM,560143,AUTISM,True,16.667,69,640,480,4.14,23.0566,0.375,0.125,4.9727
P38,3882694619137228-FAN.mp4,FAN,F_03_055,train,ASL_Citizen/videos/3882694619137228-FAN.mp4,3882694619137228-FAN,572562,FAN,True,16.667,72,640,480,4.32,9.3225,0.375,0.125,2.554
P38,17845066103140805-TRIANGLE.mp4,TRIANGLE,J_02_080,train,ASL_Citizen/videos/17845066103140805-TRIANGLE.mp4,17845066103140805-TRIANGLE,447897,TRIANGLE,True,16.667,59,640,480,3.54,11.4799,0.5,0.5,1.1481
P38,475276350175186-DYE.mp4,DYE,F_02_092,train,ASL_Citizen/videos/475276350175186-DYE.mp4,475276350175186-DYE,424859,DYE,True,16.667,51,640,480,3.06,13.5811,0.5,0.25,11.4925
P38,09353167989999389-SANDWICH 2.mp4,SANDWICH4,K_02_086,train,ASL_Citizen/videos/09353167989999389-SANDWICH 2.mp4,09353167989999389-SANDWICH 2,501249,SANDWICH,True,16.667,61,640,480,3.66,12.0076,0.375,0.0,1.3258
P38,33848562795713755-ERASE 5.mp4,ERASE4,K_03_095,train,ASL_Citizen/videos/33848562795713755-ERASE 5.mp4,33848562795713755-ERASE 5,583619,ERASE,True,16.667,72,640,480,4.32,20.632,0.375,0.25,1.4146
P38,12301657845922032-BRAIDS.mp4,BRAIDS,K_03_125,train,ASL_Citizen/videos/12301657845922032-BRAIDS.mp4,12301657845922032-BRAIDS,600219,BRAIDS,True,16.667,73,640,480,4.38,18.5031,0.25,0.25,1.7098
P38,6335100605902133-HANDS.mp4,HANDS,G_01_065,train,ASL_Citizen/videos/6335100605902133-HANDS.mp4,6335100605902133-HANDS,490902,HANDS,True,16.667,61,640,480,3.66,16.004,0.25,0.125,0.5647
P38,37886354312700066-MAILMAN.mp4,MAILMAN,F_02_082,train,ASL_Citizen/videos/37886354312700066-MAILMAN.mp4,37886354312700066-MAILMAN,618058,MAILMAN,True,16.667,80,640,480,4.8,10.0102,0.25,0.0,2.6261
P38,5873797561084939-SCARF 4.mp4,SCARF2,K_02_120,train,ASL_Citizen/videos/5873797561084939-SCARF 4.mp4,5873797561084939-SCARF 4,503433,SCARF,True,16.667,62,640,480,3.72,16.3192,0.375,0.0,2.9146
P38,44864710765134386-ROAD.mp4,ROAD,F_02_083,train,ASL_Citizen/videos/44864710765134386-ROAD.mp4,44864710765134386-ROAD,615273,ROAD,True,16.667,78,640,480,4.68,14.7896,0.25,0.125,0.569
P38,16745478139443915-POLICEMAN 2.mp4,POLICEMAN2,K_03_104,train,ASL_Citizen/videos/16745478139443915-POLICEMAN 2.mp4,16745478139443915-POLICEMAN 2,480766,POLICEMAN,True,16.667,59,640,480,3.54,14.2442,0.375,0.0,0.1265
P38,21371864723567402-TOOTHBRUSH-CA.mp4,TOOTHBRUSH-CA,K_03_058,train,ASL_Citizen/videos/21371864723567402-TOOTHBRUSH-CA.mp4,21371864723567402-TOOTHBRUSH-CA,660675,TOOTHBRUSH-CA,True,16.667,84,640,480,5.04,5.0437,0.25,0.0,0.1255
P38,7112618786564238-SPLASH-CA.mp4,SPLASH-CA,K_02_037,train,ASL_Citizen/videos/7112618786564238-SPLASH-CA.mp4,7112618786564238-SPLASH-CA,616884,SPLASH-CA,True,16.667,76,640,480,4.56,13.1847,0.25,0.25,1.2595
P38,2619284696045212-8 HOUR.mp4,8HOUR,C_02_055,train,ASL_Citizen/videos/2619284696045212-8 HOUR.mp4,2619284696045212-8 HOUR,488714,8HOUR,True,16.667,60,640,480,3.6,20.6788,0.5,0.375,3.1722
P38,09145147438730139-SHOULDER 2.mp4,SHOULDER3,K_03_006,train,ASL_Citizen/videos/09145147438730139-SHOULDER 2.mp4,09145147438730139-SHOULDER 2,551397,SHOULDER,True,16.667,67,640,480,4.02,11.5874,0.375,0.0,0.6691
P38,9769961961457541-DRY.mp4,DRY,F_03_005,train,ASL_Citizen/videos/9769961961457541-DRY.mp4,9769961961457541-DRY,285735,DRY,True,16.667,37,640,480,2.22,7.113,0.75,0.0,3.704
P38,9802753357268721-THEY.mp4,THEY1,F_02_103,train,ASL_Citizen/videos/9802753357268721-THEY.mp4,9802753357268721-THEY,374112,THEY,True,16.667,47,640,480,2.82,7.6647,0.375,0.0,4.2892
P38,6380028861423857-BOTH.mp4,BOTH,H_01_076,train,ASL_Citizen/videos/6380028861423857-BOTH.mp4,6380028861423857-BOTH,522646,BOTH,True,16.667,65,640,480,3.9,19.954,0.25,0.0,0.6976
P39,9190825531319848-LOYAL.mp4,LOYAL,D_03_017,val,ASL_Citizen/videos/9190825531319848-LOYAL.mp4,9190825531319848-LOYAL,916277,LOYAL,True,29.997,119,640,480,3.967,9.3701,0.375,0.0,0.9862
P39,9162869371858511-SILVER.mp4,SILVER,D_03_091,val,ASL_Citizen/videos/9162869371858511-SILVER.mp4,9162869371858511-SILVER,858193,SILVER,True,29.998,125,640,480,4.167,7.2958,0.375,0.0,2.9788
P39,9078273779600274-HAIR.mp4,HAIR1,A_02_056,val,ASL_Citizen/videos/9078273779600274-HAIR.mp4,9078273779600274-HAIR,991542,HAIR,True,29.998,125,640,480,4.167,9.957,0.375,0.0,1.2377
P39,38731487247930807-THEY.mp4,THEY1,F_02_103,val,ASL_Citizen/videos/38731487247930807-THEY.mp4,38731487247930807-THEY,1028887,THEY,True,30.0,138,640,480,4.6,12.2205,0.375,0.0,1.0938
P39,744085755815288-COOL.mp4,COOL1,H_03_032,val,ASL_Citizen/videos/744085755815288-COOL.mp4,744085755815288-COOL,884660,COOL,True,30.0,129,640,480,4.3,9.3953,0.25,0.0,0.3175
P39,7221236148216204-CAPTION.mp4,CAPTION,C_02_086,val,ASL_Citizen/videos/7221236148216204-CAPTION.mp4,7221236148216204-CAPTION,971743,CAPTION,True,30.002,133,640,480,4.433,11.3225,0.375,0.25,1.4445
P39,2041637296504244-FORK 3.mp4,FORK2,K_03_003,val,ASL_Citizen/videos/2041637296504244-FORK 3.mp4,2041637296504244-FORK 3,888744,FORK,True,30.0,123,640,480,4.1,9.9809,0.375,0.25,1.9845
P39,9640764607502863-CLOCK 2.mp4,CLOCK1,K_02_038,val,ASL_Citizen/videos/9640764607502863-CLOCK 2.mp4,9640764607502863-CLOCK 2,1115932,CLOCK,True,29.998,131,640,480,4.367,13.7872,0.375,0.125,3.8637
P39,1493429103533752-LISTEN.mp4,LISTEN,K_01_117,val,ASL_Citizen/videos/1493429103533752-LISTEN.mp4,1493429103533752-LISTEN,1170713,LISTEN,True,29.97,172,640,480,5.739,16.3341,0.125,0.0,
P39,5764316574897619-POPCORN.mp4,POPCORN,A_02_080,val,ASL_Citizen/videos/5764316574897619-POPCORN.mp4,5764316574897619-POPCORN,855758,POPCORN,True,30.002,127,640,480,4.233,8.7756,0.375,0.375,1.1189
P39,5946779511503464-CREAM.mp4,CREAM1,F_02_010,val,ASL_Citizen/videos/5946779511503464-CREAM.mp4,5946779511503464-CREAM,696826,CREAM,True,29.997,104,640,480,3.467,9.3689,0.5,0.25,3.8157
P39,9273333376529236-NOTHING.mp4,NOTHING1,B_01_079,val,ASL_Citizen/videos/9273333376529236-NOTHING.mp4,9273333376529236-NOTHING,1076875,NOTHING,True,30.002,160,640,480,5.333,10.7928,0.375,0.25,3.2567
P39,674051280092625-ACCENT.mp4,ACCENT,E_01_073,val,ASL_Citizen/videos/674051280092625-ACCENT.mp4,674051280092625-ACCENT,1188414,ACCENT,True,30.0,174,640,480,5.8,13.1042,0.25,0.0,0.1562
P39,14107936727280213-MY.mp4,MY,C_01_060,val,ASL_Citizen/videos/14107936727280213-MY.mp4,14107936727280213-MY,973958,MY,True,30.002,124,640,480,4.133,8.0077,0.25,0.0,1.1127
P39,8708977267616693-IMPRESS.mp4,IMPRESS,F_02_032,val,ASL_Citizen/videos/8708977267616693-IMPRESS.mp4,8708977267616693-IMPRESS,764943,IMPRESS,True,30.0,108,640,480,3.6,9.6959,0.25,0.25,1.3741
P39,582530237600686-STACK 2.mp4,STACK1,K_02_102,val,ASL_Citizen/videos/582530237600686-STACK 2.mp4,582530237600686-STACK 2,1172408,STACK,True,30.002,172,640,480,5.733,17.4168,0.375,0.25,3.3763
P39,30407183385042-CHEW 3.mp4,CHEW3,K_02_041,val,ASL_Citizen/videos/30407183385042-CHEW 3.mp4,30407183385042-CHEW 3,915280,CHEW,True,29.998,137,640,480,4.567,16.0362,0.5,0.5,1.2172
P39,2833230118635093-LOOK BACK.mp4,LOOKBACK,J_01_094,val,ASL_Citizen/videos/2833230118635093-LOOK BACK.mp4,2833230118635093-LOOK BACK,1118021,LOOKBACK,True,29.969,163,640,480,5.439,12.2718,0.125,0.0,
P39,21863319205081932-INNOCENT.mp4,INNOCENT,G_02_062,val,ASL_Citizen/videos/21863319205081932-INNOCENT.mp4,21863319205081932-INNOCENT,695781,INNOCENT,True,29.997,104,640,480,3.467,9.2898,0.25,0.25,1.7103
P39,330062612654491-SHEEP.mp4,SHEEP,A_02_010,val,ASL_Citizen/videos/330062612654491-SHEEP.mp4,330062612654491-SHEEP,891791,SHEEP,True,29.998,131,640,480,4.367,8.5673,0.375,0.0,2.374
P39,17395163507734912-PARENTS.mp4,PARENTS,B_03_044,val,ASL_Citizen/videos/17395163507734912-PARENTS.mp4,17395163507734912-PARENTS,1173772,PARENTS,True,30.0,177,640,480,5.9,11.49,0.25,0.0,3.1875
P39,88497293720018-STRONG.mp4,STRONG,G_03_027,val,ASL_Citizen/videos/88497293720018-STRONG.mp4,88497293720018-STRONG,865495,STRONG,True,30.0,129,640,480,4.3,11.4577,0.375,0.25,2.9483
P39,24442962392359258-SCHOOL.mp4,SCHOOL,C_03_089,val,ASL_Citizen/videos/24442962392359258-SCHOOL.mp4,24442962392359258-SCHOOL,862652,SCHOOL,True,30.002,127,640,480,4.233,8.251,0.125,0.0,
P39,16870669316247833-THANK YOU.mp4,THANKYOU,H_02_053,val,ASL_Citizen/videos/16870669316247833-THANK YOU.mp4,16870669316247833-THANK YOU,815134,THANKYOU,True,30.0,117,640,480,3.9,8.4961,0.25,0.0,2.9238
P39,651423502031681-BLUR.mp4,BLUR,J_03_088,val,ASL_Citizen/videos/651423502031681-BLUR.mp4,651423502031681-BLUR,897020,BLUR,True,30.0,126,640,480,4.2,11.6276,0.375,0.25,2.8829
P39,32681982705136003-CROSS HEART.mp4,CROSSHEART,J_01_064,val,ASL_Citizen/videos/32681982705136003-CROSS HEART.mp4,32681982705136003-CROSS HEART,783879,CROSSHEART,True,30.003,118,640,480,3.933,8.1818,0.375,0.0,2.3718
P39,6826511820169445-PRIDE.mp4,PRIDE,A_01_081,val,ASL_Citizen/videos/6826511820169445-PRIDE.mp4,6826511820169445-PRIDE,979054,PRIDE,True,30.002,142,640,480,4.733,12.1494,0.375,0.0,3.4225
P39,5426301216016656-BACKYARD.mp4,BACKYARD,F_03_003,val,ASL_Citizen/videos/5426301216016656-BACKYARD.mp4,5426301216016656-BACKYARD,959120,BACKYARD,True,30.0,135,640,480,4.5,10.3383,0.375,0.0,1.945
P4,6802013998699374-WARN.mp4,WARN,B_01_033,train,ASL_Citizen/videos/6802013998699374-WARN.mp4,6802013998699374-WARN,720187,WARN,True,29.838,107,640,480,3.586,14.4939,0.25,0.0,0.7786
P4,6045778841848166-HOLIDAY.mp4,HOLIDAY,D_03_031,train,ASL_Citizen/videos/6045778841848166-HOLIDAY.mp4,6045778841848166-HOLIDAY,799734,HOLIDAY,True,29.998,125,640,480,4.167,11.7764,0.25,0.25,1.0036
P4,4916288732826961-EMPEROR.mp4,EMPEROR,C_03_005,train,ASL_Citizen/videos/4916288732826961-EMPEROR.mp4,4916288732826961-EMPEROR,878341,EMPEROR,True,30.0,135,640,480,4.5,11.7363,0.125,0.0,
P4,7959391441418424-RING.mp4,RING,A_03_053,train,ASL_Citizen/videos/7959391441418424-RING.mp4,7959391441418424-RING,853617,RING,True,29.922,126,640,480,4.211,19.0477,0.375,0.0,2.4351
P4,8886786484140352-BIRTH.mp4,BIRTH,C_02_076,train,ASL_Citizen/videos/8886786484140352-BIRTH.mp4,8886786484140352-BIRTH,1247725,BIRTH,True,29.97,181,640,480,6.039,12.766,0.25,0.125,1.2449
P4,74408615022445-ENGINEER.mp4,ENGINEER,A_03_014,train,ASL_Citizen/videos/74408615022445-ENGINEER.mp4,74408615022445-ENGINEER,848392,ENGINEER,True,29.968,130,640,480,4.338,17.0326,0.375,0.375,3.7157
P4,5518966801659471-FLIP SWITCH.mp4,FLIPSWITCH,E_01_066,train,ASL_Citizen/videos/5518966801659471-FLIP SWITCH.mp4,5518966801659471-FLIP SWITCH,632430,FLIPSWITCH,True,29.842,98,640,480,3.284,15.7758,0.375,0.0,3.4971
P4,19717125244640954-BITE ON NECK.mp4,BITEONNECK,E_03_035,train,ASL_Citizen/videos/19717125244640954-BITE ON NECK.mp4,19717125244640954-BITE ON NECK,859519,BITEONNECK,True,29.497,132,640,480,4.475,29.7711,0.125,0.0,
P4,8295120858461442-SENTENCE.mp4,SENTENCE1,,train,ASL_Citizen/videos/8295120858461442-SENTENCE.mp4,8295120858461442-SENTENCE,684442,SENTENCE,True,29.918,106,640,480,3.543,12.6396,0.375,0.375,1.0405
P4,5856207685229631-HORRIBLE.mp4,HORRIBLE,D_03_049,train,ASL_Citizen/videos/5856207685229631-HORRIBLE.mp4,5856207685229631-HORRIBLE,754807,HORRIBLE,True,29.97,114,640,480,3.804,12.4703,0.375,0.375,2.0601
P4,8383737923390566-PEN.mp4,PEN,E_02_097,train,ASL_Citizen/videos/8383737923390566-PEN.mp4,8383737923390566-PEN,626608,PEN,True,29.92,97,640,480,3.242,9.7232,0.375,0.25,2.4634
P4,639491564888611-BUSINESS.mp4,BUSINESS,D_01_022,train,ASL_Citizen/videos/639491564888611-BUSINESS.mp4,639491564888611-BUSINESS,764308,BUSINESS,True,29.833,121,640,480,4.056,12.9407,0.25,0.125,1.0119
P4,3501114521914035-SHIELD.mp4,SHIELD,E_01_050,train,ASL_Citizen/videos/3501114521914035-SHIELD.mp4,3501114521914035-SHIELD,737832,SHIELD,True,29.919,111,640,480,3.71,15.3417,0.375,0.0,1.2935
P4,0179216982597179-REALLY.mp4,REALLY,B_02_021,train,ASL_Citizen/videos/0179216982597179-REALLY.mp4,0179216982597179-REALLY,558520,REALLY,True,29.917,82,640,480,2.741,6.8986,0.25,0.0,0.7305
P4,8696594886501936-DRYER.mp4,DRYER,C_01_007,train,ASL_Citizen/videos/8696594886501936-DRYER.mp4,8696594886501936-DRYER,757474,DRYER,True,29.967,108,640,480,3.604,11.8688,0.5,0.0,5.1946
P4,0909056403412476-MOVE.mp4,MOVE,D_03_090,train,ASL_Citizen/videos/0909056403412476-MOVE.mp4,0909056403412476-MOVE,619533,MOVE,True,29.974,94,640,480,3.136,15.2992,0.375,0.125,2.7372
P4,20095685301135524-MUSTACHE.mp4,MUSTACHE,B_01_021,train,ASL_Citizen/videos/20095685301135524-MUSTACHE.mp4,20095685301135524-MUSTACHE,753830,MUSTACHE,True,30.0,108,640,480,3.6,10.2236,0.375,0.25,2.0448
P4,22542058100647333-MUSIC.mp4,MUSIC,A_01_080,train,ASL_Citizen/videos/22542058100647333-MUSIC.mp4,22542058100647333-MUSIC,805316,MUSIC,True,29.917,123,640,480,4.111,12.8486,0.375,0.0,1.5743
P4,7034505248866334-HAMBURGER.mp4,HAMBURGER,A_01_004,train,ASL_Citizen/videos/7034505248866334-HAMBURGER.mp4,7034505248866334-HAMBURGER,759584,HAMBURGER,True,29.973,121,640,480,4.037,11.0451,0.375,0.125,1.907
P4,4442176056213012-ACT.mp4,ACT,B_02_038,train,ASL_Citizen/videos/4442176056213012-ACT.mp4,4442176056213012-ACT,646889,ACT,True,29.916,96,640,480,3.209,11.7097,0.375,0.25,1.5949
P4,9163747512650042-SHARPEN 2.mp4,SHARPEN3,K_03_097,train,ASL_Citizen/videos/9163747512650042-SHARPEN 2.mp4,9163747512650042-SHARPEN 2,1249385,SHARPEN,True,59.94,231,640,480,3.854,21.3901,0.5,0.125,6.0104
P4,3264895447576619-TYPE.mp4,TYPE1,F_03_059,train,ASL_Citizen/videos/3264895447576619-TYPE.mp4,3264895447576619-TYPE,958376,TYPE,True,29.964,145,640,480,4.839,27.1094,0.25,0.25,1.0052
P4,3747268223377356-ART.mp4,ART,C_01_075,train,ASL_Citizen/videos/3747268223377356-ART.mp4,3747268223377356-ART,1415738,ART,True,59.94,252,640,480,4.204,13.395,0.25,0.0,0.2395
P4,36721619673427-LATER.mp4,LATER,D_01_077,train,ASL_Citizen/videos/36721619673427-LATER.mp4,36721619673427-LATER,517726,LATER,True,29.996,77,640,480,2.567,10.066,0.375,0.0,2.2063
P4,9241123360684247-HELMET 2.mp4,HELMET2,K_01_066,train,ASL_Citizen/videos/9241123360684247-HELMET 2.mp4,9241123360684247-HELMET 2,1115600,HELMET,True,59.94,202,640,480,3.37,11.8099,0.375,0.25,2.6042
P4,7885377545712717-INTEREST.mp4,INTEREST,B_03_038,train,ASL_Citizen/videos/7885377545712717-INTEREST.mp4,7885377545712717-INTEREST,748273,INTEREST,True,29.969,117,640,480,3.904,13.3443,0.375,0.375,1.4528
P4,9416708401380642-CONTINUE.mp4,CONTINUE,D_03_032,train,ASL_Citizen/videos/9416708401380642-CONTINUE.mp4,9416708401380642-CONTINUE,712705,CONTINUE,True,30.0,104,640,480,3.467,13.8241,0.375,0.25,2.2054
P4,5070650488093082-PLOW.mp4,PLOW1,H_02_058,train,ASL_Citizen/videos/5070650488093082-PLOW.mp4,5070650488093082-PLOW,829694,PLOW,True,29.921,128,640,480,4.278,14.9323,0.375,0.125,6.2866
P40,07681342997376661-EYE TURN.mp4,EYETURN,H_03_039,train,ASL_Citizen/videos/07681342997376661-EYE TURN.mp4,07681342997376661-EYE TURN,691596,EYETURN,True,29.92,97,640,480,3.242,15.9067,0.5,0.5,5.4708
P40,35728857036118145-SAFE.mp4,SAFE,G_01_085,train,ASL_Citizen/videos/35728857036118145-SAFE.mp4,35728857036118145-SAFE,577109,SAFE,True,29.97,79,640,480,2.636,7.9751,0.375,0.25,1.2197
P40,4614534315577101-NOW.mp4,NOW,C_03_062,train,ASL_Citizen/videos/4614534315577101-NOW.mp4,4614534315577101-NOW,759508,NOW,True,30.0,102,640,480,3.4,6.3404,0.5,0.25,4.2342
P40,12606031724124622-POLICEMAN.mp4,POLICEMAN1,A_01_052,train,ASL_Citizen/videos/12606031724124622-POLICEMAN.mp4,12606031724124622-POLICEMAN,617904,POLICEMAN,True,30.0,87,640,480,2.9,6.5858,0.375,0.0,0.1703
P40,39878139372685606-EXPERIMENT.mp4,EXPERIMENT,H_03_002,train,ASL_Citizen/videos/39878139372685606-EXPERIMENT.mp4,39878139372685606-EXPERIMENT,1124941,EXPERIMENT,True,29.997,101,640,480,3.367,8.2974,0.75,0.25,3.9978
P40,703831493724637-EARTH.mp4,EARTH,C_03_002,train,ASL_Citizen/videos/703831493724637-EARTH.mp4,703831493724637-EARTH,655855,EARTH,True,29.915,91,640,480,3.042,12.128,0.375,0.25,2.0247
P40,6096795736324836-MUST.mp4,MUST,F_02_004,train,ASL_Citizen/videos/6096795736324836-MUST.mp4,6096795736324836-MUST,526833,MUST,True,30.0,72,640,480,2.4,7.6648,0.375,0.0,0.8362
P40,746884857630183-DICTIONARY.mp4,DICTIONARY,F_03_035,train,ASL_Citizen/videos/746884857630183-DICTIONARY.mp4,746884857630183-DICTIONARY,661684,DICTIONARY,True,30.003,100,640,480,3.333,8.3485,0.5,0.375,2.8756
P40,4885294701538685-GOING THROUGH_A_HARD_TIME.mp4,GOINGTHROUGHAHARDTIME,G_03_021,train,ASL_Citizen/videos/4885294701538685-GOING THROUGH_A_HARD_TIME.mp4,4885294701538685-GOING THROUGH_A_HARD_TIME,631727,GOINGTHROUGHAHARDTIME,True,29.997,89,640,480,2.967,13.9488,0.5,0.5,1.9061
P40,06509153784135058-CHEAT 1.mp4,CHEAT1,A_02_008,train,ASL_Citizen/videos/06509153784135058-CHEAT 1.mp4,06509153784135058-CHEAT 1,590510,CHEAT,True,29.967,81,640,480,2.703,7.4188,0.5,0.375,3.753
P40,05452686760821068-TEXT.mp4,TEXT,B_03_054,train,ASL_Citizen/videos/05452686760821068-TEXT.mp4,05452686760821068-TEXT,628885,TEXT,True,29.976,86,640,480,2.869,5.9769,0.5,0.375,3.6723
P40,21345201266496527-BOOTS.mp4,BOOTS2,C_03_019,train,ASL_Citizen/videos/21345201266496527-BOOTS.mp4,21345201266496527-BOOTS,670502,BOOTS,True,30.003,91,640,480,3.033,6.9098,0.375,0.25,3.3461
P40,2580996150082284-BEHAVIOR.mp4,BEHAVIOR,C_02_036,train,ASL_Citizen/videos/2580996150082284-BEHAVIOR.mp4,2580996150082284-BEHAVIOR,556111,BEHAVIOR,True,29.922,81,640,480,2.707,7.8383,0.5,0.5,3.2565
P40,5985361886447882-WHITE PERSON.mp4,WHITEPERSON,J_02_043,train,ASL_Citizen/videos/5985361886447882-WHITE PERSON.mp4,5985361886447882-WHITE PERSON,538397,WHITEPERSON,True,29.972,74,640,480,2.469,9.3662,0.5,0.0,2.8779
P40,8053447797575675-POUR 2.mp4,POUR1,K_01_094,train,ASL_Citizen/videos/8053447797575675-POUR 2.mp4,8053447797575675-POUR 2,635569,POUR,True,30.0,87,640,480,2.9,9.7207,0.375,0.0,0.898
P40,9710533280846911-SEND.mp4,SEND,E_02_009,train,ASL_Citizen/videos/9710533280846911-SEND.mp4,9710533280846911-SEND,507537,SEND,True,30.004,70,640,480,2.333,5.0052,0.5,0.0,1.9618
P40,009252570300134266-FOREIGNER.mp4,FOREIGNER1,C_01_077,train,ASL_Citizen/videos/009252570300134266-FOREIGNER.mp4,009252570300134266-FOREIGNER,778586,FOREIGNER,True,29.969,106,640,480,3.537,9.0677,0.5,0.375,4.8516
P40,823110623400116-WANT.mp4,WANT2,C_03_013,train,ASL_Citizen/videos/823110623400116-WANT.mp4,823110623400116-WANT,773025,WANT,True,29.923,112,640,480,3.743,23.7997,0.25,0.125,4.19
P40,5564949705093372-RADIO.mp4,RADIO,A_01_075,train,ASL_Citizen/videos/5564949705093372-RADIO.mp4,5564949705093372-RADIO,465270,RADIO,True,29.974,69,640,480,2.302,5.8929,0.625,0.0,4.3697
P40,7651660691924158-RUSH.mp4,RUSH,E_03_054,train,ASL_Citizen/videos/7651660691924158-RUSH.mp4,7651660691924158-RUSH,579131,RUSH,True,29.975,83,640,480,2.769,7.1541,0.375,0.375,1.0718
P40,25204780191133236-LIVE.mp4,LIVE1,B_03_061,train,ASL_Citizen/videos/25204780191133236-LIVE.mp4,25204780191133236-LIVE,671966,LIVE,True,30.235,95,640,480,3.142,6.8032,0.375,0.375,1.8973
P40,496888220083215-FORK 3.mp4,FORK2,K_03_003,train,ASL_Citizen/videos/496888220083215-FORK 3.mp4,496888220083215-FORK 3,775354,FORK,True,29.923,105,640,480,3.509,11.7043,0.375,0.25,2.8037
P40,02417596973931868-FRISK.mp4,FRISK,K_02_070,train,ASL_Citizen/videos/02417596973931868-FRISK.mp4,02417596973931868-FRISK,1007393,FRISK,True,30.002,124,640,480,4.133,8.7597,1.0,0.375,6.5581
P40,5872467669891628-RAIN.mp4,RAIN,A_03_061,train,ASL_Citizen/videos/5872467669891628-RAIN.mp4,5872467669891628-RAIN,624899,RAIN,True,29.997,89,640,480,2.967,11.3958,0.5,0.375,5.1052
P40,7535449770372906-THANK YOU.mp4,THANKYOU,H_02_053,train,ASL_Citizen/videos/7535449770372906-THANK YOU.mp4,7535449770372906-THANK YOU,751042,THANKYOU,True,29.997,92,640,480,3.067,5.694,0.25,0.0,1.3657
P40,8300296493288641-JACKET 4.mp4,JACKET4,K_03_053,train,ASL_Citizen/videos/8300296493288641-JACKET 4.mp4,8300296493288641-JACKET 4,797440,JACKET,True,29.974,116,640,480,3.87,10.8482,0.5,0.375,3.2219
P40,7170327719525225-INSPIRE.mp4,INSPIRE,G_02_051,train,ASL_Citizen/videos/7170327719525225-INSPIRE.mp4,7170327719525225-INSPIRE,1284722,INSPIRE,True,29.997,101,640,480,3.367,9.2061,0.375,0.25,6.9811
P40,49931904838459795-SINCE.mp4,SINCE,D_03_014,train,ASL_Citizen/videos/49931904838459795-SINCE.mp4,49931904838459795-SINCE,587983,SINCE,True,29.996,83,640,480,2.767,31.231,0.5,0.5,1.6537
P41,8491923630160707-PRICE.mp4,PRICE,C_02_004,train,ASL_Citizen/videos/8491923630160707-PRICE.mp4,8491923630160707-PRICE,809544,PRICE,True,25.0,119,640,480,4.76,20.9298,0.25,0.25,0.2635
P41,9734355985344116-FRECKLES.mp4,FRECKLES,B_01_083,train,ASL_Citizen/videos/9734355985344116-FRECKLES.mp4,9734355985344116-FRECKLES,704567,FRECKLES,True,25.0,97,640,480,3.88,10.491,0.375,0.25,2.3402
P41,40587436280803746-STOMACH.mp4,STOMACH,C_03_054,train,ASL_Citizen/videos/40587436280803746-STOMACH.mp4,40587436280803746-STOMACH,640667,STOMACH,True,29.974,91,640,480,3.036,9.9891,0.0,0.0,
P41,7890015206813448-VIOLIN.mp4,VIOLIN,A_03_083,train,ASL_Citizen/videos/7890015206813448-VIOLIN.mp4,7890015206813448-VIOLIN,982594,VIOLIN,True,29.92,142,640,480,4.746,13.2078,0.25,0.0,0.2891
P41,25802117645943423-HELLO.mp4,HELLO,D_02_055,train,ASL_Citizen/videos/25802117645943423-HELLO.mp4,25802117645943423-HELLO,681175,HELLO,True,29.967,100,640,480,3.337,11.2147,0.25,0.0,0.1153
P41,16319399751609986-5 DOLLARS.mp4,5DOLLARS,B_01_062,train,ASL_Citizen/videos/16319399751609986-5 DOLLARS.mp4,16319399751609986-5 DOLLARS,726950,5DOLLARS,True,30.003,106,640,480,3.533,8.3547,0.125,0.0,
P41,6473611679417244-FRAUD.mp4,FRAUD,D_02_070,train,ASL_Citizen/videos/6473611679417244-FRAUD.mp4,6473611679417244-FRAUD,859943,FRAUD,True,29.919,125,640,480,4.178,13.3295,0.125,0.0,
P42,4954862894641283-HOLD TOGETHER.mp4,HOLDTOGETHER,E_02_003,test,ASL_Citizen/videos/4954862894641283-HOLD TOGETHER.mp4,4954862894641283-HOLD TOGETHER,791064,HOLDTOGETHER,True,30.004,67,960,540,2.233,6.317,0.375,0.25,3.1486
P42,33397002745583126-SOUTH.mp4,SOUTH,C_02_029,test,ASL_Citizen/videos/33397002745583126-SOUTH.mp4,33397002745583126-SOUTH,989834,SOUTH,True,30.574,75,960,540,2.453,6.3397,0.375,0.0,0.9708
P42,2734257436398633-DIAPER.mp4,DIAPER,A_02_002,test,ASL_Citizen/videos/2734257436398633-DIAPER.mp4,2734257436398633-DIAPER,1073111,DIAPER,True,30.421,101,960,540,3.32,10.6249,0.375,0.25,8.2958
P42,5725425588178272-SPECIAL.mp4,SPECIAL1,J_02_020,test,ASL_Citizen/videos/5725425588178272-SPECIAL.mp4,5725425588178272-SPECIAL,468536,SPECIAL,True,30.701,42,960,540,1.368,10.9517,0.375,0.375,1.1853
P42,7636955763773909-WRING.mp4,WRING,H_01_029,test,ASL_Citizen/videos/7636955763773909-WRING.mp4,7636955763773909-WRING,815208,WRING,True,30.0,81,960,540,2.7,11.7292,0.375,0.375,0.5472
P42,05695606807895759-ACCOMPLISH.mp4,ACCOMPLISH,C_02_085,test,ASL_Citizen/videos/05695606807895759-ACCOMPLISH.mp4,05695606807895759-ACCOMPLISH,1110454,ACCOMPLISH,True,29.997,86,960,540,2.867,8.0563,0.25,0.25,0.8307
P42,5408830817600472-CALL 2.mp4,CALL2,J_02_048,test,ASL_Citizen/videos/5408830817600472-CALL 2.mp4,5408830817600472-CALL 2,461537,CALL,True,30.868,43,960,540,1.393,7.7247,0.25,0.25,0.7834
P42,17309586344618877-VIDEOPHONE.mp4,VIDEOPHONE,B_01_039,test,ASL_Citizen/videos/17309586344618877-VIDEOPHONE.mp4,17309586344618877-VIDEOPHONE,1045527,VIDEOPHONE,True,30.419,95,960,540,3.123,11.0923,0.375,0.0,1.6192
P42,7978966409741841-PROXIMALIZATION.mp4,PROXIMALIZATION,J_01_106,test,ASL_Citizen/videos/7978966409741841-PROXIMALIZATION.mp4,7978966409741841-PROXIMALIZATION,534214,PROXIMALIZATION,True,30.732,52,960,540,1.692,10.6497,0.5,0.375,1.9747
P42,9991005724389694-RETIRE.mp4,RETIRE,J_03_084,test,ASL_Citizen/videos/9991005724389694-RETIRE.mp4,9991005724389694-RETIRE,504068,RETIRE,True,30.687,46,960,540,1.499,8.0809,0.375,0.375,1.1394
P42,6663708012671183-COLD.mp4,COLD,C_02_068,test,ASL_Citizen/videos/6663708012671183-COLD.mp4,6663708012671183-COLD,399949,COLD,True,30.0,39,960,540,1.3,6.2673,0.375,0.25,2.595
P42,5630292120705906-TURKEY.mp4,TURKEY1,A_02_078,test,ASL_Citizen/videos/5630292120705906-TURKEY.mp4,5630292120705906-TURKEY,1084895,TURKEY,True,30.467,84,960,540,2.757,5.3826,0.375,0.0,1.9541
P42,7771974331423925-PEAS 2.mp4,PEAS2,F_02_052,test,ASL_Citizen/videos/7771974331423925-PEAS 2.mp4,7771974331423925-PEAS 2,954875,PEAS,True,30.565,74,960,540,2.421,6.5951,0.5,0.5,1.8242
P42,609569691552732-BLOW CANDLE_2.mp4,BLOWCANDLE2,K_02_022,test,ASL_Citizen/videos/609569691552732-BLOW CANDLE_2.mp4,609569691552732-BLOW CANDLE_2,305546,BLOWCANDLE,True,30.563,32,960,540,1.047,5.2241,0.375,0.0,0.3931
P42,25878375376675744-GLUE 1.mp4,GLUE2,K_03_117,test,ASL_Citizen/videos/25878375376675744-GLUE 1.mp4,25878375376675744-GLUE 1,501889,GLUE,True,30.586,49,960,540,1.602,7.1912,0.5,0.375,3.7474
P42,5479591188349886-DEDICATE 2.mp4,DEDICATE1,G_03_094,test,ASL_Citizen/videos/5479591188349886-DEDICATE 2.mp4,5479591188349886-DEDICATE 2,513564,DEDICATE,True,30.819,47,960,540,1.525,7.2672,0.5,0.375,4.2703
P42,4033702656472984-FINGER.mp4,FINGER,G_02_097,test,ASL_Citizen/videos/4033702656472984-FINGER.mp4,4033702656472984-FINGER,424938,FINGER,True,31.147,38,960,540,1.22,7.9933,0.375,0.0,0.6273
P42,3817227123636109-STRESS.mp4,STRESS,B_02_075,test,ASL_Citizen/videos/3817227123636109-STRESS.mp4,3817227123636109-STRESS,964281,STRESS,True,30.511,71,960,540,2.327,5.0576,0.0,0.0,
P42,24987533018892472-CANCELLATION.mp4,CANCELLATION,C_02_017,test,ASL_Citizen/videos/24987533018892472-CANCELLATION.mp4,24987533018892472-CANCELLATION,443977,CANCELLATION,True,30.873,41,960,540,1.328,7.9314,0.625,0.25,4.269
P42,04775838309812985-BUS.mp4,BUS,E_01_004,test,ASL_Citizen/videos/04775838309812985-BUS.mp4,04775838309812985-BUS,490610,BUS,True,30.007,46,960,540,1.533,6.0157,0.375,0.0,0.4879
P42,11257232622740987-SOFA.mp4,SOFA,G_03_006,test,ASL_Citizen/videos/11257232622740987-SOFA.mp4,11257232622740987-SOFA,480366,SOFA,True,30.812,44,960,540,1.428,8.024,0.75,0.125,6.215
P42,16815794343609958-BALD.mp4,BALD,F_02_100,test,ASL_Citizen/videos/16815794343609958-BALD.mp4,16815794343609958-BALD,977332,BALD,True,30.0,90,960,540,3.0,11.0209,0.375,0.0,2.4352
P42,6132597016107686-BOWTIE.mp4,BOWTIE,A_01_044,test,ASL_Citizen/videos/6132597016107686-BOWTIE.mp4,6132597016107686-BOWTIE,795241,BOWTIE,True,29.996,80,960,540,2.667,7.6476,0.25,0.25,0.1762
P42,9695555294102203-CAREFUL.mp4,CAREFUL,B_03_039,test,ASL_Citizen/videos/9695555294102203-CAREFUL.mp4,9695555294102203-CAREFUL,514771,CAREFUL,True,30.769,46,960,540,1.495,5.7309,0.375,0.125,1.9664
P42,9859158369118783-ELEVATOR.mp4,ELEVATOR1,G_03_036,test,ASL_Citizen/videos/9859158369118783-ELEVATOR.mp4,9859158369118783-ELEVATOR,983530,ELEVATOR,True,30.37,96,960,540,3.161,10.9491,0.375,0.0,2.5413
P42,12988528828085255-FLUTE.mp4,FLUTE,E_02_036,test,ASL_Citizen/videos/12988528828085255-FLUTE.mp4,12988528828085255-FLUTE,949351,FLUTE,True,30.608,79,960,540,2.581,7.9963,0.375,0.375,2.8402
P42,6077814039488578-CHARACTER.mp4,CHARACTER,B_02_088,test,ASL_Citizen/videos/6077814039488578-CHARACTER.mp4,6077814039488578-CHARACTER,1070322,CHARACTER,True,30.401,94,960,540,3.092,9.2243,0.25,0.25,0.6032
P42,052702652975922915-ALIGN.mp4,ALIGN,H_02_022,test,ASL_Citizen/videos/052702652975922915-ALIGN.mp4,052702652975922915-ALIGN,523963,ALIGN,True,30.0,48,960,540,1.6,15.0039,0.375,0.125,5.3888
P43,18793028836248604-BULLSHIT.mp4,BULLSHIT,J_03_053,train,ASL_Citizen/videos/18793028836248604-BULLSHIT.mp4,18793028836248604-BULLSHIT,541109,BULLSHIT,True,29.996,80,640,480,2.667,8.3555,0.375,0.0,1.3204
P43,15043865087852604-FED UP.mp4,FEDUP,E_01_047,train,ASL_Citizen/videos/15043865087852604-FED UP.mp4,15043865087852604-FED UP,506423,FEDUP,True,29.972,74,640,480,2.469,5.5753,0.375,0.0,0.7319
P43,09975897706725734-SLICE.mp4,SLICE2,J_01_035,train,ASL_Citizen/videos/09975897706725734-SLICE.mp4,09975897706725734-SLICE,641624,SLICE,True,30.003,88,640,480,2.933,8.7329,0.375,0.0,1.046
P43,11089375050930084-PASS.mp4,PASS,H_03_033,train,ASL_Citizen/videos/11089375050930084-PASS.mp4,11089375050930084-PASS,511848,PASS,True,30.0,69,640,480,2.3,8.8168,0.25,0.25,0.6003
P43,7562077282774307-FASHION.mp4,FASHION,J_01_010,train,ASL_Citizen/videos/7562077282774307-FASHION.mp4,7562077282774307-FASHION,670805,FASHION,True,30.003,97,640,480,3.233,32.4916,0.5,0.0,9.6134
P43,753813922780795-CALCULATOR.mp4,CALCULATOR,E_03_103,train,ASL_Citizen/videos/753813922780795-CALCULATOR.mp4,753813922780795-CALCULATOR,583308,CALCULATOR,True,29.968,84,640,480,2.803,15.6736,0.375,0.375,0.4507
P43,17195855615886702-SCULPT.mp4,SCULPT,J_01_028,train,ASL_Citizen/videos/17195855615886702-SCULPT.mp4,17195855615886702-SCULPT,593945,SCULPT,True,29.996,83,640,480,2.767,11.5581,0.375,0.25,0.9034
P43,46918670233616866-MINIMUM.mp4,MINIMUM2,J_03_077,train,ASL_Citizen/videos/46918670233616866-MINIMUM.mp4,46918670233616866-MINIMUM,617854,MINIMUM,True,29.997,86,640,480,2.867,11.143,0.5,0.375,2.0343
P43,09947880888502714-WHISPER.mp4,WHISPER,H_03_075,train,ASL_Citizen/videos/09947880888502714-WHISPER.mp4,09947880888502714-WHISPER,826994,WHISPER,True,30.311,114,640,480,3.761,14.2643,0.375,0.125,1.762
P43,8178271536533821-SOPHOMORE.mp4,SOPHOMORE,J_01_107,train,ASL_Citizen/videos/8178271536533821-SOPHOMORE.mp4,8178271536533821-SOPHOMORE,580060,SOPHOMORE,True,30.004,82,640,480,2.733,26.5765,0.5,0.375,1.8068
P43,6701575476354089-FANTASY.mp4,FANTASY,J_01_045,train,ASL_Citizen/videos/6701575476354089-FANTASY.mp4,6701575476354089-FANTASY,487111,FANTASY,True,30.33,66,640,480,2.176,19.7593,0.5,0.375,3.1003
P43,922987513731234-PRIORITY.mp4,PRIORITY,J_01_074,train,ASL_Citizen/videos/922987513731234-PRIORITY.mp4,922987513731234-PRIORITY,492521,PRIORITY,True,29.996,71,640,480,2.367,14.5358,0.5,0.125,2.8922
P43,8335502012159159-FRUIT.mp4,FRUIT,C_02_083,train,ASL_Citizen/videos/8335502012159159-FRUIT.mp4,8335502012159159-FRUIT,431133,FRUIT,True,30.505,64,640,480,2.098,5.9608,0.5,0.0,0.4963
P43,2935343968735329-LIKE.mp4,LIKE,F_03_063,train,ASL_Citizen/videos/2935343968735329-LIKE.mp4,2935343968735329-LIKE,420355,LIKE,True,29.923,62,640,480,2.072,5.753,0.375,0.0,0.9513
P43,9081054201663847-FURNITURE.mp4,FURNITURE,C_02_059,train,ASL_Citizen/videos/9081054201663847-FURNITURE.mp4,9081054201663847-FURNITURE,491143,FURNITURE,True,29.924,67,640,480,2.239,6.6114,0.375,0.25,2.1345
P43,1860612395462249-SURE.mp4,SURE,C_03_044,train,ASL_Citizen/videos/1860612395462249-SURE.mp4,1860612395462249-SURE,382650,SURE,True,30.521,55,640,480,1.802,4.5144,0.5,0.0,1.5625
P43,7382460351716511-ARRIVE.mp4,ARRIVE,D_01_073,train,ASL_Citizen/videos/7382460351716511-ARRIVE.mp4,7382460351716511-ARRIVE,583698,ARRIVE,True,29.967,81,640,480,2.703,10.0706,0.375,0.25,3.15
P43,563153197682775-TOGETHER.mp4,TOGETHER,G_01_097,train,ASL_Citizen/videos/563153197682775-TOGETHER.mp4,563153197682775-TOGETHER,623600,TOGETHER,True,29.972,85,640,480,2.836,8.4142,0.25,0.25,0.2821
P43,991249196158916-LOCKER.mp4,LOCKER,K_01_126,train,ASL_Citizen/videos/991249196158916-LOCKER.mp4,991249196158916-LOCKER,417819,LOCKER,True,30.005,61,640,480,2.033,7.2664,0.375,0.0,0.3756
P43,381603803230792-TOY 3.mp4,TOY1,H_03_070,train,ASL_Citizen/videos/381603803230792-TOY 3.mp4,381603803230792-TOY 3,630125,TOY,True,30.709,88,640,480,2.866,11.8378,0.25,0.25,0.1273
P43,13923543055899334-HANDS.mp4,HANDS,G_01_065,train,ASL_Citizen/videos/13923543055899334-HANDS.mp4,13923543055899334-HANDS,383503,HANDS,True,30.0,54,640,480,1.8,16.4449,0.25,0.25,0.6779
P43,668834896300053-WRISTWATCH 3.mp4,WRISTWATCH2,K_01_054,train,ASL_Citizen/videos/668834896300053-WRISTWATCH 3.mp4,668834896300053-WRISTWATCH 3,532965,WRISTWATCH,True,29.996,74,640,480,2.467,18.8067,0.5,0.0,1.6828
P43,7049486497272253-CIRCLE.mp4,CIRCLE,E_02_062,train,ASL_Citizen/videos/7049486497272253-CIRCLE.mp4,7049486497272253-CIRCLE,465637,CIRCLE,True,29.923,62,640,480,2.072,12.2619,0.125,0.0,
P43,2538090255412251-TWO OF_US.mp4,TWOOFUS,H_02_090,train,ASL_Citizen/videos/2538090255412251-TWO OF_US.mp4,2538090255412251-TWO OF_US,642829,TWOOFUS,True,30.373,92,640,480,3.029,4.395,0.375,0.0,0.2076
P43,7515537092527524-LOBSTER 2.mp4,LOBSTER2,K_03_039,train,ASL_Citizen/videos/7515537092527524-LOBSTER 2.mp4,7515537092527524-LOBSTER 2,501275,LOBSTER,True,29.974,69,640,480,2.302,8.1269,0.375,0.25,2.4108
P43,4034293946540164-RULER.mp4,RULER,G_02_086,train,ASL_Citizen/videos/4034293946540164-RULER.mp4,4034293946540164-RULER,561009,RULER,True,29.916,82,640,480,2.741,8.5055,0.375,0.375,0.5855
P43,7646621786777874-WATERDROP.mp4,WATERDROP,H_01_019,train,ASL_Citizen/videos/7646621786777874-WATERDROP.mp4,7646621786777874-WATERDROP,847828,WATERDROP,True,29.921,114,640,480,3.81,15.0197,0.25,0.0,0.5794
P43,5231461868423759-RELIEF.mp4,RELIEF,H_01_063,train,ASL_Citizen/videos/5231461868423759-RELIEF.mp4,5231461868423759-RELIEF,521766,RELIEF,True,29.972,74,640,480,2.469,10.5954,0.5,0.0,1.1874
P44,9383785162459717-PET 2.mp4,PET2,K_02_085,train,ASL_Citizen/videos/9383785162459717-PET 2.mp4,9383785162459717-PET 2,716131,PET,True,29.026,103,640,480,3.549,12.1552,0.25,0.0,4.2378
P44,9971842464887584-CHEAT 2.mp4,CHEAT2,D_01_027,train,ASL_Citizen/videos/9971842464887584-CHEAT 2.mp4,9971842464887584-CHEAT 2,918999,CHEAT,True,29.661,129,640,480,4.349,11.3105,0.125,0.0,
P44,07677923853061919-CHEW 2_MOUTH.mp4,CHEW2MOUTH,K_01_100,train,ASL_Citizen/videos/07677923853061919-CHEW 2_MOUTH.mp4,07677923853061919-CHEW 2_MOUTH,790991,CHEW2MOUTH,True,29.713,116,640,480,3.904,9.2703,0.25,0.125,1.0452
P44,8246379548921741-SIGN LANGUAGE.mp4,SIGNLANGUAGE,D_02_031,train,ASL_Citizen/videos/8246379548921741-SIGN LANGUAGE.mp4,8246379548921741-SIGN LANGUAGE,771997,SIGNLANGUAGE,True,29.894,111,640,480,3.713,12.2685,0.25,0.125,2.6045
P44,1155659769676356-BLOW CANDLE_1.mp4,BLOWCANDLE1,K_01_070,train,ASL_Citizen/videos/1155659769676356-BLOW CANDLE_1.mp4,1155659769676356-BLOW CANDLE_1,1163771,BLOWCANDLE,True,29.246,168,640,480,5.744,8.478,0.25,0.0,0.4218
P44,2155045647013336-WANT.mp4,WANT2,C_03_013,train,ASL_Citizen/videos/2155045647013336-WANT.mp4,2155045647013336-WANT,799344,WANT,True,30.007,114,640,480,3.799,8.9111,0.375,0.0,10.0045
P44,7880576174636196-ARRIVE.mp4,ARRIVE,D_01_073,train,ASL_Citizen/videos/7880576174636196-ARRIVE.mp4,7880576174636196-ARRIVE,845226,ARRIVE,True,29.891,121,640,480,4.048,12.3337,0.25,0.0,3.3225
P44,34952771770204594-FRENCH.mp4,FRENCH,C_02_022,train,ASL_Citizen/videos/34952771770204594-FRENCH.mp4,34952771770204594-FRENCH,748183,FRENCH,True,29.817,108,640,480,3.622,10.0843,0.25,0.0,0.4186
P44,8243103392208047-PARACHUTE 2.mp4,PARACHUTE2,K_03_005,train,ASL_Citizen/videos/8243103392208047-PARACHUTE 2.mp4,8243103392208047-PARACHUTE 2,825828,PARACHUTE,True,29.67,118,640,480,3.977,13.9287,0.25,0.0,3.5933
P44,417959141690339-NURSE.mp4,NURSE,C_03_065,train,ASL_Citizen/videos/417959141690339-NURSE.mp4,417959141690339-NURSE,829429,NURSE,True,29.089,123,640,480,4.228,10.929,0.125,0.125,
P44,6247620625980512-GUN.mp4,GUN1,D_02_046,train,ASL_Citizen/videos/6247620625980512-GUN.mp4,6247620625980512-GUN,742658,GUN,True,29.867,108,640,480,3.616,6.9436,0.125,0.0,
P44,4820386899802842-GLOVES 4.mp4,GLOVES3,K_02_105,train,ASL_Citizen/videos/4820386899802842-GLOVES 4.mp4,4820386899802842-GLOVES 4,922684,GLOVES,True,29.106,133,640,480,4.57,14.3126,0.375,0.0,5.3872
P44,680969676407533-YEAH.mp4,YEAH,D_01_058,train,ASL_Citizen/videos/680969676407533-YEAH.mp4,680969676407533-YEAH,736637,YEAH,True,30.163,105,640,480,3.481,6.6256,0.125,0.0,
P44,8232025417450308-SWEATER 3.mp4,SWEATER1,K_02_090,train,ASL_Citizen/videos/8232025417450308-SWEATER 3.mp4,8232025417450308-SWEATER 3,781579,SWEATER,True,29.086,110,640,480,3.782,7.2893,0.125,0.125,
P44,5036416015440501-DOLPHIN 2.mp4,DOLPHIN2,K_02_021,train,ASL_Citizen/videos/5036416015440501-DOLPHIN 2.mp4,5036416015440501-DOLPHIN 2,742050,DOLPHIN,True,28.945,106,640,480,3.662,11.2575,0.25,0.0,0.687
P44,30198323651905024-TV.mp4,TV,C_02_038,train,ASL_Citizen/videos/30198323651905024-TV.mp4,30198323651905024-TV,794172,TV,True,29.885,115,640,480,3.848,6.0755,0.125,0.0,
P44,9374851420106798-CROSS 3.mp4,CROSS2,K_03_028,train,ASL_Citizen/videos/9374851420106798-CROSS 3.mp4,9374851420106798-CROSS 3,798310,CROSS,True,29.877,115,640,480,3.849,9.75,0.25,0.0,1.2221
P44,26468837300724535-LINE.mp4,LINE,C_02_069,train,ASL_Citizen/videos/26468837300724535-LINE.mp4,26468837300724535-LINE,804912,LINE,True,29.896,116,640,480,3.88,10.3849,0.375,0.25,3.2135
P44,636454238836496-WHAT FOR 3.mp4,WHATFOR3,C_02_054,train,ASL_Citizen/videos/636454238836496-WHAT FOR 3.mp4,636454238836496-WHAT FOR 3,827566,WHATFOR,True,29.603,118,640,480,3.986,5.8968,0.25,0.0,0.7788
P44,1121203339848611-DOG 3.mp4,DOG3,K_01_055,train,ASL_Citizen/videos/1121203339848611-DOG 3.mp4,1121203339848611-DOG 3,970508,DOG,True,29.16,141,640,480,4.835,9.2315,0.25,0.0,0.8746
P44,2120391418867087-DUCK 2.mp4,DUCK1,K_02_068,train,ASL_Citizen/videos/2120391418867087-DUCK 2.mp4,2120391418867087-DUCK 2,887899,DUCK,True,29.91,127,640,480,4.246,7.5608,0.375,0.0,1.3157
P44,6228149183873317-LEAF 2.mp4,LEAF2,K_02_073,train,ASL_Citizen/videos/6228149183873317-LEAF 2.mp4,6228149183873317-LEAF 2,998958,LEAF,True,29.941,143,640,480,4.776,8.3619,0.25,0.0,0.6627
P44,5962124960214392-FINALLY.mp4,FINALLY,D_01_012,train,ASL_Citizen/videos/5962124960214392-FINALLY.mp4,5962124960214392-FINALLY,790431,FINALLY,True,29.917,113,640,480,3.777,6.7166,0.25,0.125,2.6215
P44,15446609739485972-DART.mp4,DART,C_03_029,train,ASL_Citizen/videos/15446609739485972-DART.mp4,15446609739485972-DART,843974,DART,True,29.062,121,640,480,4.164,10.589,0.375,0.0,2.3569
P44,7512417128553919-CANADA.mp4,CANADA,C_03_034,train,ASL_Citizen/videos/7512417128553919-CANADA.mp4,7512417128553919-CANADA,893555,CANADA,True,29.149,126,640,480,4.323,13.6145,0.25,0.0,1.1057
P44,6494706655585136-CLOCK.mp4,CLOCK2,D_02_076,train,ASL_Citizen/videos/6494706655585136-CLOCK.mp4,6494706655585136-CLOCK,995495,CLOCK,True,29.981,144,640,480,4.803,14.0135,0.25,0.125,1.6432
P44,2636353493952026-RUN FAUCET.mp4,RUNFAUCET,K_03_096,train,ASL_Citizen/videos/2636353493952026-RUN FAUCET.mp4,2636353493952026-RUN FAUCET,833735,RUNFAUCET,True,29.664,121,640,480,4.079,9.0942,0.25,0.0,1.8373
P44,1157236965732582-CHEW 3.mp4,CHEW3,K_02_041,train,ASL_Citizen/videos/1157236965732582-CHEW 3.mp4,1157236965732582-CHEW 3,1054498,CHEW,True,29.774,152,640,480,5.105,9.507,0.25,0.0,0.3992
P45,9976902462568114-STRAIN 1.mp4,STRAIN1,K_03_045,train,ASL_Citizen/videos/9976902462568114-STRAIN 1.mp4,9976902462568114-STRAIN 1,1259954,STRAIN,True,31.26,151,640,480,4.83,15.1258,0.375,0.125,2.2429
P45,5529327143293021-SHARPEN 1.mp4,SHARPEN1,H_03_060,train,ASL_Citizen/videos/5529327143293021-SHARPEN 1.mp4,5529327143293021-SHARPEN 1,1184474,SHARPEN,True,62.5,226,640,480,3.616,11.2252,0.375,0.375,0.6008
P45,021939327153324584-HOW.mp4,HOW1,D_02_082,train,ASL_Citizen/videos/021939327153324584-HOW.mp4,021939327153324584-HOW,607056,HOW,True,31.288,89,640,480,2.845,10.1485,0.375,0.375,0.9373
P45,7224794356191944-NUT 2.mp4,NUT2,K_02_066,train,ASL_Citizen/videos/7224794356191944-NUT 2.mp4,7224794356191944-NUT 2,603073,NUT,True,31.115,87,640,480,2.796,8.2486,0.375,0.0,3.0561
P45,8956498621741975-ENOUGH.mp4,ENOUGH,D_01_084,train,ASL_Citizen/videos/8956498621741975-ENOUGH.mp4,8956498621741975-ENOUGH,659294,ENOUGH,True,31.027,96,640,480,3.094,10.6659,0.25,0.25,0.4284
P45,0002600716749214804-VOMIT.mp4,VOMIT,D_02_072,train,ASL_Citizen/videos/0002600716749214804-VOMIT.mp4,0002600716749214804-VOMIT,862488,VOMIT,True,31.291,126,640,480,4.027,9.5863,0.125,0.0,
P45,428654908524865-BABY 2.mp4,BABY2,K_01_042,train,ASL_Citizen/videos/428654908524865-BABY 2.mp4,428654908524865-BABY 2,766416,BABY,True,31.273,113,640,480,3.613,12.4013,0.5,0.5,6.1071
P45,3197143275512784-BLINDS 2.mp4,BLINDS2,C_03_014,train,ASL_Citizen/videos/3197143275512784-BLINDS 2.mp4,3197143275512784-BLINDS 2,736710,BLINDS,True,31.299,107,640,480,3.419,26.0668,0.375,0.25,3.2528
P45,1855007642976274-RHINO 3.mp4,RHINO2,K_01_088,train,ASL_Citizen/videos/1855007642976274-RHINO 3.mp4,1855007642976274-RHINO 3,1025281,RHINO,True,62.5,197,640,480,3.152,7.9027,0.375,0.0,1.6307
P45,0039102073224548395-KNIGHT 3.mp4,KNIGHT4,K_02_034,train,ASL_Citizen/videos/0039102073224548395-KNIGHT 3.mp4,0039102073224548395-KNIGHT 3,1057326,KNIGHT,True,31.291,119,640,480,3.803,12.7844,0.375,0.125,2.2401
P45,9355514719707188-HELICOPTER.mp4,HELICOPTER2,D_02_042,train,ASL_Citizen/videos/9355514719707188-HELICOPTER.mp4,9355514719707188-HELICOPTER,704145,HELICOPTER,True,30.899,102,640,480,3.301,14.1048,0.375,0.375,1.0172
P45,09022684017311744-SKUNK.mp4,SKUNK,G_01_032,train,ASL_Citizen/videos/09022684017311744-SKUNK.mp4,09022684017311744-SKUNK,699818,SKUNK,True,31.328,103,640,480,3.288,17.8468,0.125,0.0,
P45,08873177858861414-WALK-TIGHTROPE-CL.mp4,WALK-TIGHTROPE-CL,K_01_024,train,ASL_Citizen/videos/08873177858861414-WALK-TIGHTROPE-CL.mp4,08873177858861414-WALK-TIGHTROPE-CL,1116715,WALK-TIGHTROPE-CL,True,31.25,168,640,480,5.376,14.049,0.5,0.5,1.5445
P45,699706148016493-TEACH.mp4,TEACH1,D_02_052,train,ASL_Citizen/videos/699706148016493-TEACH.mp4,699706148016493-TEACH,696716,TEACH,True,31.364,99,640,480,3.156,10.1548,0.25,0.25,0.1056
P45,3037369286672158-SAIL 2.mp4,SAIL2,K_01_048,train,ASL_Citizen/videos/3037369286672158-SAIL 2.mp4,3037369286672158-SAIL 2,1160564,SAIL,True,62.5,216,640,480,3.456,11.9019,0.25,0.0,1.6319
P45,582467512336287-8 HOUR.mp4,8HOUR,C_02_055,train,ASL_Citizen/videos/582467512336287-8 HOUR.mp4,582467512336287-8 HOUR,1165532,8HOUR,True,31.272,137,640,480,4.381,10.957,0.375,0.375,0.6617
P45,8949971034293978-KICK.mp4,KICK2,G_03_087,train,ASL_Citizen/videos/8949971034293978-KICK.mp4,8949971034293978-KICK,1104136,KICK,True,31.3,128,640,480,4.089,17.2005,0.375,0.125,6.3521
P45,17322728087787298-NEEDLE.mp4,NEEDLE,H_02_077,train,ASL_Citizen/videos/17322728087787298-NEEDLE.mp4,17322728087787298-NEEDLE,1152134,NEEDLE,True,31.261,136,640,480,4.35,11.3537,0.25,0.0,2.876
P45,15538032490862563-SHOCKED.mp4,SHOCKED,D_01_023,train,ASL_Citizen/videos/15538032490862563-SHOCKED.mp4,15538032490862563-SHOCKED,768439,SHOCKED,True,31.346,111,640,480,3.541,9.6128,0.25,0.25,1.5711
P45,5121938237753831-DUCK.mp4,DUCK2,D_01_079,train,ASL_Citizen/videos/5121938237753831-DUCK.mp4,5121938237753831-DUCK,606903,DUCK,True,31.325,90,640,480,2.873,11.451,0.5,0.0,3.6148
P45,9502956975879617-DOWNLOAD.mp4,DOWNLOAD,C_03_046,train,ASL_Citizen/videos/9502956975879617-DOWNLOAD.mp4,9502956975879617-DOWNLOAD,1077599,DOWNLOAD,True,62.5,201,640,480,3.216,9.1518,0.375,0.0,1.7969
P45,9978106876097432-DECIDE 2.mp4,DECIDE2,D_03_057,train,ASL_Citizen/videos/9978106876097432-DECIDE 2.mp4,9978106876097432-DECIDE 2,823870,DECIDE,True,30.837,119,640,480,3.859,7.5766,0.25,0.25,0.5084
P45,9263802470826215-PEG 3.mp4,PEG2,K_01_103,train,ASL_Citizen/videos/9263802470826215-PEG 3.mp4,9263802470826215-PEG 3,822640,PEG,True,31.337,122,640,480,3.893,13.5291,0.375,0.375,2.251
P45,5357960741782899-SINCE.mp4,SINCE,D_03_014,train,ASL_Citizen/videos/5357960741782899-SINCE.mp4,5357960741782899-SINCE,614533,SINCE,True,31.128,88,640,480,2.827,10.2163,0.375,0.375,1.9362
P45,46997855785181764-PENNY.mp4,PENNY,D_01_049,train,ASL_Citizen/videos/46997855785181764-PENNY.mp4,46997855785181764-PENNY,572026,PENNY,True,31.376,84,640,480,2.677,8.8853,0.375,0.0,0.9473
P45,52090552114496-SHARPEN 3.mp4,SHARPEN2,K_01_109,train,ASL_Citizen/videos/52090552114496-SHARPEN 3.mp4,52090552114496-SHARPEN 3,1470948,SHARPEN,True,62.5,266,640,480,4.256,12.6722,0.25,0.25,1.002
P45,38431420653235215-CHEER.mp4,CHEER,J_03_060,train,ASL_Citizen/videos/38431420653235215-CHEER.mp4,38431420653235215-CHEER,1334506,CHEER,True,31.27,158,640,480,5.053,10.1751,0.125,0.125,
P45,10603992896642866-METAL.mp4,METAL,D_02_037,train,ASL_Citizen/videos/10603992896642866-METAL.mp4,10603992896642866-METAL,616108,METAL,True,31.274,92,640,480,2.942,10.486,0.375,0.125,2.7705
P46,5010987691531066-ARRIVE.mp4,ARRIVE,D_01_073,train,ASL_Citizen/videos/5010987691531066-ARRIVE.mp4,5010987691531066-ARRIVE,1567202,ARRIVE,True,29.916,225,640,480,7.521,18.4964,0.0,0.0,
P46,8682292643334819-DEDICATE 1.mp4,DEDICATE2,F_03_085,train,ASL_Citizen/videos/8682292643334819-DEDICATE 1.mp4,8682292643334819-DEDICATE 1,1837813,DEDICATE,True,29.971,268,640,480,8.942,11.8244,0.25,0.125,0.9821
P46,7265533909120991-THIRD.mp4,THIRD1,F_02_088,train,ASL_Citizen/videos/7265533909120991-THIRD.mp4,7265533909120991-THIRD,1736405,THIRD,True,29.971,252,640,480,8.408,11.9143,0.25,0.0,0.3974
P46,5070742913300796-DOLPHIN 2.mp4,DOLPHIN2,K_02_021,train,ASL_Citizen/videos/5070742913300796-DOLPHIN 2.mp4,5070742913300796-DOLPHIN 2,1567680,DOLPHIN,True,30.138,227,640,480,7.532,14.6271,0.25,0.0,1.4479
P46,34339690863866057-SHORT PERSON.mp4,SHORTPERSON,H_02_092,train,ASL_Citizen/videos/34339690863866057-SHORT PERSON.mp4,34339690863866057-SHORT PERSON,2278304,SHORTPERSON,True,29.999,335,640,480,11.167,10.9711,0.125,0.0,
P46,7540645130532506-GOODY GOODY.mp4,GOODYGOODY,G_03_083,train,ASL_Citizen/videos/7540645130532506-GOODY GOODY.mp4,7540645130532506-GOODY GOODY,1730350,GOODYGOODY,True,30.122,253,640,480,8.399,10.3299,0.5,0.0,0.1177
P46,8515925536918127-SHAKE.mp4,SHAKE1,G_01_062,train,ASL_Citizen/videos/8515925536918127-SHAKE.mp4,8515925536918127-SHAKE,1901688,SHAKE,True,29.999,278,640,480,9.267,16.3567,0.5,0.125,4.0725
P46,31442256788375733-TRASH.mp4,TRASH,A_01_035,train,ASL_Citizen/videos/31442256788375733-TRASH.mp4,31442256788375733-TRASH,1995330,TRASH,True,30.124,296,640,480,9.826,27.3071,0.25,0.0,1.3071
P46,3048894822134831-RUN FAUCET.mp4,RUNFAUCET,K_03_096,train,ASL_Citizen/videos/3048894822134831-RUN FAUCET.mp4,3048894822134831-RUN FAUCET,1657556,RUNFAUCET,True,30.155,242,640,480,8.025,19.281,0.25,0.0,0.4981
P46,5843989467729442-DEER.mp4,DEER,A_03_060,train,ASL_Citizen/videos/5843989467729442-DEER.mp4,5843989467729442-DEER,1763138,DEER,True,29.999,257,640,480,8.567,18.8841,0.375,0.375,1.0756
P46,9564337508135821-SPREAD 1.mp4,SPREAD1,G_03_012,train,ASL_Citizen/videos/9564337508135821-SPREAD 1.mp4,9564337508135821-SPREAD 1,1568682,SPREAD,True,29.999,224,640,480,7.467,18.5565,0.25,0.125,1.3314
P46,41282936517113966-DEFEAT.mp4,DEFEAT,G_03_090,train,ASL_Citizen/videos/41282936517113966-DEFEAT.mp4,41282936517113966-DEFEAT,988533,DEFEAT,True,30.0,253,640,480,8.433,20.3557,0.125,0.0,
P46,6313889644327697-ISLAND.mp4,ISLAND,A_01_025,train,ASL_Citizen/videos/6313889644327697-ISLAND.mp4,6313889644327697-ISLAND,3470519,ISLAND,True,29.916,511,640,480,17.081,22.3178,0.125,0.0,
P46,5673235029946362-ALRIGHT.mp4,ALRIGHT,J_03_025,train,ASL_Citizen/videos/5673235029946362-ALRIGHT.mp4,5673235029946362-ALRIGHT,3217186,ALRIGHT,True,30.0,471,640,480,15.7,16.9827,0.375,0.0,1.3563
P46,5241537220175312-SHORTS.mp4,SHORTS,A_01_037,train,ASL_Citizen/videos/5241537220175312-SHORTS.mp4,5241537220175312-SHORTS,1756585,SHORTS,True,30.125,257,640,480,8.531,13.6874,0.25,0.25,0.2559
P46,8236466213724152-FIREMAN 2.mp4,FIREMAN2,K_03_052,train,ASL_Citizen/videos/8236466213724152-FIREMAN 2.mp4,8236466213724152-FIREMAN 2,1647553,FIREMAN,True,29.971,235,640,480,7.841,12.8922,0.5,0.0,0.9209
P46,5186016958980995-DONKEY.mp4,DONKEY,J_01_012,train,ASL_Citizen/videos/5186016958980995-DONKEY.mp4,5186016958980995-DONKEY,1033520,DONKEY,True,29.971,145,640,480,4.838,16.3986,0.5,0.375,2.8666
P46,9116897977316643-IF.mp4,IF,G_03_017,train,ASL_Citizen/videos/9116897977316643-IF.mp4,9116897977316643-IF,3324053,IF,True,30.0,483,640,480,16.1,14.5397,0.375,0.0,1.097
P46,8391935060115663-DIP 3.mp4,DIP3,K_02_052,train,ASL_Citizen/videos/8391935060115663-DIP 3.mp4,8391935060115663-DIP 3,1696599,DIP,True,29.916,246,640,480,8.223,17.814,0.0,0.0,
P46,39053677749051974-DESERT.mp4,DESERT,A_03_008,train,ASL_Citizen/videos/39053677749051974-DESERT.mp4,39053677749051974-DESERT,2166749,DESERT,True,30.0,318,640,480,10.6,12.6629,0.25,0.125,0.4776
P46,6255697193088565-WADE.mp4,WADE2,H_01_036,train,ASL_Citizen/videos/6255697193088565-WADE.mp4,6255697193088565-WADE,1959631,WADE,True,30.115,278,640,480,9.231,19.4118,0.25,0.125,1.6098
P46,9291101663880403-FOLLOW 3.mp4,FOLLOW1,K_01_113,train,ASL_Citizen/videos/9291101663880403-FOLLOW 3.mp4,9291101663880403-FOLLOW 3,1854801,FOLLOW,True,30.0,270,640,480,9.0,16.7067,0.375,0.0,0.693
P46,2772104093277128-PLIERS.mp4,PLIERS,D_01_032,train,ASL_Citizen/videos/2772104093277128-PLIERS.mp4,2772104093277128-PLIERS,1828723,PLIERS,True,30.0,267,640,480,8.9,26.0369,0.375,0.0,0.4518
P46,9100430227499803-WISE.mp4,WISE,G_02_023,train,ASL_Citizen/videos/9100430227499803-WISE.mp4,9100430227499803-WISE,1611563,WISE,True,29.999,233,640,480,7.767,14.0048,0.5,0.0,0.5504
P46,7680797390430718-FILL OUT.mp4,FILLOUT,H_01_099,train,ASL_Citizen/videos/7680797390430718-FILL OUT.mp4,7680797390430718-FILL OUT,1915732,FILLOUT,True,29.999,275,640,480,9.167,21.7346,0.375,0.125,3.6846
P46,9475658580958672-HOMEWORK.mp4,HOMEWORK,A_03_003,train,ASL_Citizen/videos/9475658580958672-HOMEWORK.mp4,9475658580958672-HOMEWORK,1861108,HOMEWORK,True,30.001,271,640,480,9.033,10.228,0.25,0.0,0.9182
P46,48845369592543153-GARLIC.mp4,GARLIC,G_02_028,train,ASL_Citizen/videos/48845369592543153-GARLIC.mp4,48845369592543153-GARLIC,1677303,GARLIC,True,29.999,245,640,480,8.167,25.7249,0.375,0.0,0.6905
P46,7240387018860608-ERASE 2.mp4,ERASE2,K_03_098,train,ASL_Citizen/videos/7240387018860608-ERASE 2.mp4,7240387018860608-ERASE 2,1982150,ERASE,True,30.0,291,640,480,9.7,13.4591,0.0,0.0,
P47,0575717984434605-TURKEY.mp4,TURKEY1,A_02_078,test,ASL_Citizen/videos/0575717984434605-TURKEY.mp4,0575717984434605-TURKEY,668666,TURKEY,True,27.393,95,640,480,3.468,12.8605,0.375,0.0,0.4022
P47,7594759997530014-HOLD.mp4,HOLD1,F_02_080,test,ASL_Citizen/videos/7594759997530014-HOLD.mp4,7594759997530014-HOLD,588296,HOLD,True,29.909,83,640,480,2.775,5.8043,0.375,0.375,0.391
P47,82979256329312-AND.mp4,AND,B_03_072,test,ASL_Citizen/videos/82979256329312-AND.mp4,82979256329312-AND,587242,AND,True,28.913,83,640,480,2.871,6.6092,0.25,0.0,1.4236
P47,9560351458182348-EXPERIMENT.mp4,EXPERIMENT,H_03_002,test,ASL_Citizen/videos/9560351458182348-EXPERIMENT.mp4,9560351458182348-EXPERIMENT,750831,EXPERIMENT,True,31.056,107,640,480,3.445,11.4088,0.375,0.375,1.206
P47,42254856641617433-LIGHTER.mp4,LIGHTER,D_02_025,test,ASL_Citizen/videos/42254856641617433-LIGHTER.mp4,42254856641617433-LIGHTER,704062,LIGHTER,True,30.893,103,640,480,3.334,5.2825,0.25,0.0,0.0978
P47,9855721969050792-FRINGE.mp4,FRINGE,G_02_046,test,ASL_Citizen/videos/9855721969050792-FRINGE.mp4,9855721969050792-FRINGE,885937,FRINGE,True,31.104,133,640,480,4.276,10.8026,0.375,0.0,2.4736
P47,46810575724228576-PIPE 3.mp4,PIPE3,K_03_113,test,ASL_Citizen/videos/46810575724228576-PIPE 3.mp4,46810575724228576-PIPE 3,759667,PIPE,True,24.662,107,640,480,4.339,8.2537,0.375,0.0,2.0313
P47,28415075610750007-SHARK 2.mp4,SHARK1,E_02_071,test,ASL_Citizen/videos/28415075610750007-SHARK 2.mp4,28415075610750007-SHARK 2,790926,SHARK,True,28.391,118,640,480,4.156,22.2571,0.375,0.125,4.6585
P47,09787478510762249-HIT 2.mp4,HIT2,K_01_111,test,ASL_Citizen/videos/09787478510762249-HIT 2.mp4,09787478510762249-HIT 2,674829,HIT,True,30.904,100,640,480,3.236,8.6547,0.375,0.375,1.4821
P47,6500857784369816-SMILE 2.mp4,SMILE2,K_03_023,test,ASL_Citizen/videos/6500857784369816-SMILE 2.mp4,6500857784369816-SMILE 2,686121,SMILE,True,28.837,100,640,480,3.468,11.2337,0.25,0.25,0.3285
P47,5784894882348921-GUESS 2.mp4,GUESS2,C_01_057,test,ASL_Citizen/videos/5784894882348921-GUESS 2.mp4,5784894882348921-GUESS 2,701576,GUESS,True,25.533,97,640,480,3.799,4.7119,0.25,0.0,0.7922
P47,14150356074507697-THIRD 2.mp4,THIRD2,J_02_072,test,ASL_Citizen/videos/14150356074507697-THIRD 2.mp4,14150356074507697-THIRD 2,645021,THIRD,True,31.053,94,640,480,3.027,4.7644,0.375,0.0,1.9233
P47,3461444849734634-BALD.mp4,BALD,F_02_100,test,ASL_Citizen/videos/3461444849734634-BALD.mp4,3461444849734634-BALD,687442,BALD,True,25.956,97,640,480,3.737,14.7111,0.375,0.0,0.7863
P47,06573495192273482-WALLET.mp4,WALLET,F_01_081,test,ASL_Citizen/videos/06573495192273482-WALLET.mp4,06573495192273482-WALLET,616271,WALLET,True,31.095,90,640,480,2.894,5.624,0.375,0.25,2.0944
P47,350096531353697-COMMUNICATION.mp4,COMMUNICATION,B_03_013,test,ASL_Citizen/videos/350096531353697-COMMUNICATION.mp4,350096531353697-COMMUNICATION,749255,COMMUNICATION,True,28.306,111,640,480,3.921,8.1592,0.375,0.375,0.521
P47,07320199918903447-ERASER.mp4,ERASER,C_01_072,test,ASL_Citizen/videos/07320199918903447-ERASER.mp4,07320199918903447-ERASER,732719,ERASER,True,30.979,108,640,480,3.486,7.384,0.375,0.375,0.6843
P47,7716548381055142-FORK 4.mp4,FORK4,K_01_027,test,ASL_Citizen/videos/7716548381055142-FORK 4.mp4,7716548381055142-FORK 4,682195,FORK,True,31.14,102,640,480,3.276,9.7112,0.375,0.125,3.4221
P47,010330168492314051-HAPPEN.mp4,HAPPEN,B_03_080,test,ASL_Citizen/videos/010330168492314051-HAPPEN.mp4,010330168492314051-HAPPEN,625156,HAPPEN,True,29.986,92,640,480,3.068,7.9199,0.25,0.25,1.823
P47,45010446788664904-BOWLING.mp4,BOWLING1,A_02_003,test,ASL_Citizen/videos/45010446788664904-BOWLING.mp4,45010446788664904-BOWLING,645428,BOWLING,True,26.3,92,640,480,3.498,12.8026,0.375,0.0,1.8503
P47,6276702054916361-SMELL.mp4,SMELL,E_02_049,test,ASL_Citizen/videos/6276702054916361-SMELL.mp4,6276702054916361-SMELL,617564,SMELL,True,24.355,87,640,480,3.572,7.1048,0.375,0.0,0.9584
P47,9949947964398094-OFF.mp4,OFF,E_01_027,test,ASL_Citizen/videos/9949947964398094-OFF.mp4,9949947964398094-OFF,601371,OFF,True,30.901,89,640,480,2.88,10.1564,0.25,0.0,1.2299
P47,8190527829480256-FLOWER.mp4,FLOWER,A_03_017,test,ASL_Citizen/videos/8190527829480256-FLOWER.mp4,8190527829480256-FLOWER,625224,FLOWER,True,30.932,90,640,480,2.91,4.9314,0.375,0.0,1.0072
P47,44119564320594895-MENTION.mp4,MENTION,J_03_012,test,ASL_Citizen/videos/44119564320594895-MENTION.mp4,44119564320594895-MENTION,725229,MENTION,True,29.765,104,640,480,3.494,6.2266,0.25,0.125,2.5517
P47,7647507802538407-ALPHABET.mp4,ALPHABET,B_02_024,test,ASL_Citizen/videos/7647507802538407-ALPHABET.mp4,7647507802538407-ALPHABET,685223,ALPHABET,True,30.951,101,640,480,3.263,6.5064,0.375,0.0,0.5408
P47,0778449593938817-RECENT.mp4,RECENT1,H_03_090,test,ASL_Citizen/videos/0778449593938817-RECENT.mp4,0778449593938817-RECENT,540109,RECENT,True,28.1,77,640,480,2.74,5.3217,0.375,0.0,0.5062
P47,16491256224329076-OPINION 2.mp4,OPINION2,H_03_101,test,ASL_Citizen/videos/16491256224329076-OPINION 2.mp4,16491256224329076-OPINION 2,711817,OPINION,True,26.315,100,640,480,3.8,16.0633,0.5,0.0,3.7653
P47,07044127904603914-SIGN LANGUAGE.mp4,SIGNLANGUAGE,D_02_031,test,ASL_Citizen/videos/07044127904603914-SIGN LANGUAGE.mp4,07044127904603914-SIGN LANGUAGE,735329,SIGNLANGUAGE,True,31.064,109,640,480,3.509,8.8952,0.25,0.25,0.524
P47,9756142048713576-TRY.mp4,TRY,B_02_034,test,ASL_Citizen/videos/9756142048713576-TRY.mp4,9756142048713576-TRY,728430,TRY,True,31.05,109,640,480,3.51,8.7999,0.375,0.25,3.0478
P48,9471965009322212-OUR.mp4,OUR,G_02_067,test,ASL_Citizen/videos/9471965009322212-OUR.mp4,9471965009322212-OUR,394329,OUR,True,29.995,56,640,480,1.867,6.4516,0.5,0.0,2.4234
P48,31090954261767045-KNIGHT.mp4,KNIGHT1,H_01_054,test,ASL_Citizen/videos/31090954261767045-KNIGHT.mp4,31090954261767045-KNIGHT,589807,KNIGHT,True,30.004,82,640,480,2.733,6.7393,0.375,0.0,1.6906
P48,03582115602621383-SIDE.mp4,SIDE,J_03_055,test,ASL_Citizen/videos/03582115602621383-SIDE.mp4,03582115602621383-SIDE,543832,SIDE,True,30.004,76,640,480,2.533,7.8597,0.125,0.0,
P48,9054232678027778-STACK 2.mp4,STACK1,K_02_102,test,ASL_Citizen/videos/9054232678027778-STACK 2.mp4,9054232678027778-STACK 2,650137,STACK,True,30.0,90,640,480,3.0,15.3876,0.5,0.375,4.2951
P48,012937064027581213-IMPRESS.mp4,IMPRESS,F_02_032,test,ASL_Citizen/videos/012937064027581213-IMPRESS.mp4,012937064027581213-IMPRESS,550019,IMPRESS,True,30.004,79,640,480,2.633,11.3304,0.375,0.25,1.8082
P48,44991972883508224-LAPTOP.mp4,LAPTOP,C_03_042,test,ASL_Citizen/videos/44991972883508224-LAPTOP.mp4,44991972883508224-LAPTOP,687454,LAPTOP,True,29.997,98,640,480,3.267,7.8262,0.375,0.0,1.7017
P48,428555497647509-KNIGHT 3.mp4,KNIGHT4,K_02_034,test,ASL_Citizen/videos/428555497647509-KNIGHT 3.mp4,428555497647509-KNIGHT 3,350413,KNIGHT,True,30.006,49,640,480,1.633,9.7787,0.25,0.0,0.439
P48,3889173100151466-BARK.mp4,BARK2,J_02_051,test,ASL_Citizen/videos/3889173100151466-BARK.mp4,3889173100151466-BARK,585793,BARK,True,30.004,85,640,480,2.833,11.3597,0.375,0.375,1.9797
P48,6329931932403075-MOUTH.mp4,MOUTH,C_02_087,test,ASL_Citizen/videos/6329931932403075-MOUTH.mp4,6329931932403075-MOUTH,302108,MOUTH,True,29.993,44,640,480,1.467,6.7388,0.75,0.0,2.1544
P48,09338679156821961-BANK.mp4,BANK,D_02_032,test,ASL_Citizen/videos/09338679156821961-BANK.mp4,09338679156821961-BANK,620042,BANK,True,30.0,84,640,480,2.8,9.2076,0.25,0.0,0.0919
P48,6467017394102157-CHEW 1.mp4,CHEW2,G_02_091,test,ASL_Citizen/videos/6467017394102157-CHEW 1.mp4,6467017394102157-CHEW 1,542151,CHEW,True,30.0,78,640,480,2.6,6.376,0.375,0.125,1.0859
P48,4312724660062097-SODA.mp4,SODA,C_03_030,test,ASL_Citizen/videos/4312724660062097-SODA.mp4,4312724660062097-SODA,630455,SODA,True,29.997,89,640,480,2.967,8.5828,0.375,0.125,2.8479
P48,5286366909810902-EVALUATE.mp4,EVALUATE,A_03_015,test,ASL_Citizen/videos/5286366909810902-EVALUATE.mp4,5286366909810902-EVALUATE,480511,EVALUATE,True,30.0,69,640,480,2.3,7.1035,0.375,0.25,1.8625
P48,10096015350294096-DOWNLOAD.mp4,DOWNLOAD,C_03_046,test,ASL_Citizen/videos/10096015350294096-DOWNLOAD.mp4,10096015350294096-DOWNLOAD,562603,DOWNLOAD,True,30.004,79,640,480,2.633,15.1341,0.5,0.375,4.7578
P48,9233898800498062-CAMERAMAN.mp4,CAMERAMAN,E_02_034,test,ASL_Citizen/videos/9233898800498062-CAMERAMAN.mp4,9233898800498062-CAMERAMAN,1028519,CAMERAMAN,True,30.0,141,640,480,4.7,11.0818,0.375,0.125,3.3619
P48,16767693645705095-PSYCHOLOGIST.mp4,PSYCHOLOGIST,A_03_010,test,ASL_Citizen/videos/16767693645705095-PSYCHOLOGIST.mp4,16767693645705095-PSYCHOLOGIST,613051,PSYCHOLOGIST,True,30.003,88,640,480,2.933,9.1549,0.375,0.25,1.5059
P48,5351994136435385-DROWN.mp4,DROWN3,D_01_017,test,ASL_Citizen/videos/5351994136435385-DROWN.mp4,5351994136435385-DROWN,616763,DROWN,True,30.0,84,640,480,2.8,12.9364,0.25,0.125,1.8676
P48,19005324133505397-PIZZA.mp4,PIZZA1,G_01_013,test,ASL_Citizen/videos/19005324133505397-PIZZA.mp4,19005324133505397-PIZZA,627864,PIZZA,True,29.997,86,640,480,2.867,11.3693,0.375,0.25,3.7029
P48,7085356782985193-SUSHI.mp4,SUSHI,D_03_092,test,ASL_Citizen/videos/7085356782985193-SUSHI.mp4,7085356782985193-SUSHI,531456,SUSHI,True,30.004,73,640,480,2.433,5.2748,0.375,0.25,2.5142
P48,5239255064113602-POINT INDEX.mp4,POINTINDEX,K_02_083,test,ASL_Citizen/videos/5239255064113602-POINT INDEX.mp4,5239255064113602-POINT INDEX,339638,POINTINDEX,True,30.007,46,640,480,1.533,9.6563,0.5,0.0,1.8432
P48,9118611593112866-MEXICAN 2.mp4,MEXICAN2,H_03_091,test,ASL_Citizen/videos/9118611593112866-MEXICAN 2.mp4,9118611593112866-MEXICAN 2,515071,MEXICAN,True,29.996,71,640,480,2.367,5.281,0.625,0.0,1.5713
P48,32244369390325667-APPLE.mp4,APPLE,A_03_054,test,ASL_Citizen/videos/32244369390325667-APPLE.mp4,32244369390325667-APPLE,926468,APPLE,True,29.996,77,640,480,2.567,5.2302,0.25,0.0,0.5605
P48,06337167445330216-DONKEY.mp4,DONKEY,J_01_012,test,ASL_Citizen/videos/06337167445330216-DONKEY.mp4,06337167445330216-DONKEY,585813,DONKEY,True,30.0,87,640,480,2.9,17.4336,0.375,0.375,0.2968
P48,0009373732089863474-EVERYTHING.mp4,EVERYTHING,F_03_084,test,ASL_Citizen/videos/0009373732089863474-EVERYTHING.mp4,0009373732089863474-EVERYTHING,722904,EVERYTHING,True,30.003,103,640,480,3.433,10.3342,0.25,0.0,2.5668
P48,5942818264083232-EDIT 2.mp4,EDIT2,F_01_068,test,ASL_Citizen/videos/5942818264083232-EDIT 2.mp4,5942818264083232-EDIT 2,608631,EDIT,True,29.997,92,640,480,3.067,18.4864,0.375,0.25,2.0293
P48,09441931342239074-BETWEEN.mp4,BETWEEN,J_03_003,test,ASL_Citizen/videos/09441931342239074-BETWEEN.mp4,09441931342239074-BETWEEN,498385,BETWEEN,True,29.996,68,640,480,2.267,6.5789,0.25,0.0,0.3962
P48,22000378713429924-ATLANTA.mp4,ATLANTA,K_03_107,test,ASL_Citizen/videos/22000378713429924-ATLANTA.mp4,22000378713429924-ATLANTA,557129,ATLANTA,True,29.996,80,640,480,2.667,6.7722,0.375,0.0,1.9827
P48,05294711958209275-SPACESHIP.mp4,SPACESHIP,J_03_074,test,ASL_Citizen/videos/05294711958209275-SPACESHIP.mp4,05294711958209275-SPACESHIP,554897,SPACESHIP,True,29.996,80,640,480,2.667,16.2873,0.625,0.0,2.3177
P49,5376788419769192-SUPERVISE.mp4,SUPERVISE,J_01_018,test,ASL_Citizen/videos/5376788419769192-SUPERVISE.mp4,5376788419769192-SUPERVISE,685343,SUPERVISE,True,30.003,100,640,480,3.333,22.3814,0.375,0.125,1.4216
P49,9423553632022446-CLEAN.mp4,CLEAN,E_03_082,test,ASL_Citizen/videos/9423553632022446-CLEAN.mp4,9423553632022446-CLEAN,431117,CLEAN,True,14.989,53,640,480,3.536,18.3993,0.375,0.375,0.6283
P49,867262478689317-ARM 2.mp4,ARM2,K_01_095,test,ASL_Citizen/videos/867262478689317-ARM 2.mp4,867262478689317-ARM 2,644233,ARM,True,30.0,93,640,480,3.1,16.6987,0.5,0.125,2.0034
P49,687597506528375-EVERYDAY.mp4,EVERYDAY,E_01_084,test,ASL_Citizen/videos/687597506528375-EVERYDAY.mp4,687597506528375-EVERYDAY,283816,EVERYDAY,True,15.009,35,640,480,2.332,8.92,0.5,0.0,0.7718
P49,035669371662083504-LICK 1.mp4,LICK1,E_02_021,test,ASL_Citizen/videos/035669371662083504-LICK 1.mp4,035669371662083504-LICK 1,295631,LICK,True,15.009,35,640,480,2.332,10.2374,0.5,0.125,4.6863
P49,9300235867514746-EMPEROR.mp4,EMPEROR,C_03_005,test,ASL_Citizen/videos/9300235867514746-EMPEROR.mp4,9300235867514746-EMPEROR,279588,EMPEROR,True,15.004,34,640,480,2.266,13.3888,0.25,0.0,0.8091
P49,31713120541185313-DOOR.mp4,DOOR,A_03_052,test,ASL_Citizen/videos/31713120541185313-DOOR.mp4,31713120541185313-DOOR,439286,DOOR,True,30.005,64,640,480,2.133,16.8435,0.375,0.375,1.5108
P49,6636871834492388-SHAVE 5.mp4,SHAVE4,K_03_114,test,ASL_Citizen/videos/6636871834492388-SHAVE 5.mp4,6636871834492388-SHAVE 5,389295,SHAVE,True,15.003,46,640,480,3.066,15.0895,0.5,0.375,2.7382
P49,03389355459981047-VACATION.mp4,VACATION,B_03_016,test,ASL_Citizen/videos/03389355459981047-VACATION.mp4,03389355459981047-VACATION,288896,VACATION,True,14.919,34,640,480,2.279,10.5497,0.25,0.25,0.0758
P49,8429045063336982-SHORT DISTANCE.mp4,SHORTDISTANCE,H_01_049,test,ASL_Citizen/videos/8429045063336982-SHORT DISTANCE.mp4,8429045063336982-SHORT DISTANCE,179018,SHORTDISTANCE,True,15.0,21,640,480,1.4,12.2514,0.5,0.0,1.3329
P49,8101505316310005-CLOSE DOOR.mp4,CLOSEDOOR,H_03_061,test,ASL_Citizen/videos/8101505316310005-CLOSE DOOR.mp4,8101505316310005-CLOSE DOOR,290875,CLOSEDOOR,True,14.991,34,640,480,2.268,22.5089,0.25,0.25,0.5747
P49,21756431783227015-RELAX 2.mp4,RELAX2,K_02_032,test,ASL_Citizen/videos/21756431783227015-RELAX 2.mp4,21756431783227015-RELAX 2,564624,RELAX,True,14.988,71,640,480,4.737,16.7255,0.5,0.5,1.2322
P49,6345202046608052-LINGUISTICS.mp4,LINGUISTICS,H_01_004,test,ASL_Citizen/videos/6345202046608052-LINGUISTICS.mp4,6345202046608052-LINGUISTICS,340622,LINGUISTICS,True,14.993,43,640,480,2.868,16.2584,0.375,0.375,1.4282
P49,667396657882922-BAND AID.mp4,BANDAID1,H_01_088,test,ASL_Citizen/videos/667396657882922-BAND AID.mp4,667396657882922-BAND AID,645654,BANDAID,True,30.0,96,640,480,3.2,20.8284,0.5,0.375,3.0429
P49,42555224679580994-TOW 1.mp4,TOW2,H_01_086,test,ASL_Citizen/videos/42555224679580994-TOW 1.mp4,42555224679580994-TOW 1,741123,TOW,True,30.003,106,640,480,3.533,16.6495,0.5,0.375,4.4574
P49,5948455246671771-POUR.mp4,POUR2,F_02_063,test,ASL_Citizen/videos/5948455246671771-POUR.mp4,5948455246671771-POUR,397093,POUR,True,30.005,58,640,480,1.933,14.951,0.625,0.0,2.8788
P49,245740728785516-ADOPT.mp4,ADOPT,J_03_014,test,ASL_Citizen/videos/245740728785516-ADOPT.mp4,245740728785516-ADOPT,431372,ADOPT,True,29.995,62,640,480,2.067,10.4501,0.375,0.375,1.1451
P49,7974891092059726-FUNNY.mp4,FUNNY,E_03_038,test,ASL_Citizen/videos/7974891092059726-FUNNY.mp4,7974891092059726-FUNNY,446903,FUNNY,True,30.0,63,640,480,2.1,7.9164,0.375,0.0,0.2207
P49,5676257640917461-POSSUM.mp4,POSSUM,H_03_079,test,ASL_Citizen/videos/5676257640917461-POSSUM.mp4,5676257640917461-POSSUM,694252,POSSUM,True,29.997,101,640,480,3.367,15.7349,0.5,0.375,3.2695
P49,47712955688188896-DAMN.mp4,DAMN,F_01_098,test,ASL_Citizen/videos/47712955688188896-DAMN.mp4,47712955688188896-DAMN,388120,DAMN,True,29.995,59,640,480,1.967,14.1813,0.625,0.0,6.6023
P49,4387079024232483-CRASH PLANE.mp4,CRASHPLANE,K_01_034,test,ASL_Citizen/videos/4387079024232483-CRASH PLANE.mp4,4387079024232483-CRASH PLANE,721942,CRASHPLANE,True,29.997,104,640,480,3.467,21.4937,0.5,0.125,1.8915
P49,9223686251798706-OPPORTUNITY.mp4,OPPORTUNITY,J_02_090,test,ASL_Citizen/videos/9223686251798706-OPPORTUNITY.mp4,9223686251798706-OPPORTUNITY,337359,OPPORTUNITY,True,14.989,42,640,480,2.802,12.7082,0.25,0.25,0.3349
P49,874537940433896-STATE.mp4,STATE,F_01_086,test,ASL_Citizen/videos/874537940433896-STATE.mp4,874537940433896-STATE,410750,STATE,True,14.993,50,640,480,3.335,15.9873,0.5,0.0,1.3913
P49,4146570776733145-COMMITTEE.mp4,COMMITTEE,J_03_072,test,ASL_Citizen/videos/4146570776733145-COMMITTEE.mp4,4146570776733145-COMMITTEE,346172,COMMITTEE,True,29.994,50,640,480,1.667,12.4916,0.625,0.0,3.7576
P49,046104879896933015-FRENCHFRIES.mp4,FRENCHFRIES,A_01_085,test,ASL_Citizen/videos/046104879896933015-FRENCHFRIES.mp4,046104879896933015-FRENCHFRIES,230155,FRENCHFRIES,True,14.918,29,640,480,1.944,12.9129,0.875,0.0,5.0646
P49,30001896636555325-SCREWDRIVER 3.mp4,SCREWDRIVER3,K_01_014,test,ASL_Citizen/videos/30001896636555325-SCREWDRIVER 3.mp4,30001896636555325-SCREWDRIVER 3,654749,SCREWDRIVER,True,30.0,96,640,480,3.2,18.6787,0.5,0.375,4.7928
P49,7771489268934204-CIRCUSWHEEL.mp4,CIRCUSWHEEL,H_02_065,test,ASL_Citizen/videos/7771489268934204-CIRCUSWHEEL.mp4,7771489268934204-CIRCUSWHEEL,853866,CIRCUSWHEEL,True,30.002,124,640,480,4.133,21.3153,0.5,0.5,1.1119
P49,8240048277919259-SHOT.mp4,SHOT,E_01_013,test,ASL_Citizen/videos/8240048277919259-SHOT.mp4,8240048277919259-SHOT,287326,SHOT,True,14.991,34,640,480,2.268,11.0836,0.5,0.0,2.9891
P5,6939804871630404-DANGER.mp4,DANGER,E_02_067,val,ASL_Citizen/videos/6939804871630404-DANGER.mp4,6939804871630404-DANGER,636635,DANGER,True,29.997,92,640,480,3.067,12.1129,0.25,0.0,0.2956
P5,713149447367305-SCARF 2.mp4,SCARF4,K_03_085,val,ASL_Citizen/videos/713149447367305-SCARF 2.mp4,713149447367305-SCARF 2,1023859,SCARF,True,29.916,150,640,480,5.014,39.0119,0.25,0.0,1.2335
P5,22270061627420823-PERSPECTIVE.mp4,PERSPECTIVE,H_01_006,val,ASL_Citizen/videos/22270061627420823-PERSPECTIVE.mp4,22270061627420823-PERSPECTIVE,756213,PERSPECTIVE,True,29.97,109,640,480,3.637,15.8576,0.25,0.125,1.0965
P5,3145764404147309-CRACK.mp4,CRACK,F_03_067,val,ASL_Citizen/videos/3145764404147309-CRACK.mp4,3145764404147309-CRACK,630155,CRACK,True,29.966,89,640,480,2.97,14.8517,0.375,0.375,1.2312
P5,9472210156205194-BAR.mp4,BAR,A_03_072,val,ASL_Citizen/videos/9472210156205194-BAR.mp4,9472210156205194-BAR,560247,BAR,True,30.004,82,640,480,2.733,7.4582,0.5,0.0,3.3718
P5,3597317233873729-STOCKINGS.mp4,STOCKINGS,E_01_061,val,ASL_Citizen/videos/3597317233873729-STOCKINGS.mp4,3597317233873729-STOCKINGS,780676,STOCKINGS,True,29.835,114,640,480,3.821,12.2232,0.375,0.125,7.0156
P5,6162494351392802-SNOB.mp4,SNOB,B_03_042,val,ASL_Citizen/videos/6162494351392802-SNOB.mp4,6162494351392802-SNOB,460211,SNOB,True,29.926,65,640,480,2.172,8.4999,0.25,0.0,0.7
P5,5360935407801806-PHONE.mp4,PHONE,A_02_040,val,ASL_Citizen/videos/5360935407801806-PHONE.mp4,5360935407801806-PHONE,588716,PHONE,True,30.003,88,640,480,2.933,5.3376,0.375,0.0,1.1128
P5,14328866497226067-KANGAROO 3.mp4,KANGAROO1,K_02_012,val,ASL_Citizen/videos/14328866497226067-KANGAROO 3.mp4,14328866497226067-KANGAROO 3,654645,KANGAROO,True,29.917,94,640,480,3.142,12.6393,0.375,0.25,3.505
P5,7485291873395523-PENCIL.mp4,PENCIL,A_02_053,val,ASL_Citizen/videos/7485291873395523-PENCIL.mp4,7485291873395523-PENCIL,667988,PENCIL,True,30.003,97,640,480,3.233,9.3723,0.25,0.25,0.9031
P5,03330585886062121-WRONG.mp4,WRONG,B_01_055,val,ASL_Citizen/videos/03330585886062121-WRONG.mp4,03330585886062121-WRONG,578661,WRONG,True,29.996,83,640,480,2.767,5.5539,0.25,0.0,0.0499
P5,6366427660322116-PARACHUTE 2.mp4,PARACHUTE2,K_03_005,val,ASL_Citizen/videos/6366427660322116-PARACHUTE 2.mp4,6366427660322116-PARACHUTE 2,848546,PARACHUTE,True,30.003,118,640,480,3.933,11.3817,0.375,0.25,3.2336
P5,19448180321463715-DESIGN.mp4,DESIGN,J_03_104,val,ASL_Citizen/videos/19448180321463715-DESIGN.mp4,19448180321463715-DESIGN,641152,DESIGN,True,29.967,92,640,480,3.07,18.9721,0.5,0.25,4.2407
P5,9324123921553229-STRING.mp4,STRING,F_03_054,val,ASL_Citizen/videos/9324123921553229-STRING.mp4,9324123921553229-STRING,636071,STRING,True,30.003,91,640,480,3.033,10.8553,0.375,0.25,1.8783
P5,9454605710580559-MUSCLE.mp4,MUSCLE,G_01_095,val,ASL_Citizen/videos/9454605710580559-MUSCLE.mp4,9454605710580559-MUSCLE,708806,MUSCLE,True,29.916,103,640,480,3.443,9.7705,0.25,0.0,0.9552
P5,29178497724138497-NONE.mp4,NONE,J_02_046,val,ASL_Citizen/videos/29178497724138497-NONE.mp4,29178497724138497-NONE,714542,NONE,True,29.916,103,640,480,3.443,14.651,0.375,0.25,3.2471
P5,603629399645689-NECKLACE 3.mp4,NECKLACE4,K_02_080,val,ASL_Citizen/videos/603629399645689-NECKLACE 3.mp4,603629399645689-NECKLACE 3,447140,NECKLACE,True,29.922,69,640,480,2.306,7.819,0.5,0.0,2.3558
P5,2591177165349323-ENVELOPE 5.mp4,ENVELOPE3,K_02_107,val,ASL_Citizen/videos/2591177165349323-ENVELOPE 5.mp4,2591177165349323-ENVELOPE 5,759413,ENVELOPE,True,30.379,114,640,480,3.753,12.0168,0.375,0.25,3.8919
P5,4953111756288-GOLF.mp4,GOLF,A_02_017,val,ASL_Citizen/videos/4953111756288-GOLF.mp4,4953111756288-GOLF,732517,GOLF,True,29.916,103,640,480,3.443,11.6747,0.25,0.25,2.1266
P5,07717302241379231-LECTURE.mp4,LECTURE,C_03_048,val,ASL_Citizen/videos/07717302241379231-LECTURE.mp4,07717302241379231-LECTURE,631358,LECTURE,True,29.997,92,640,480,3.067,8.0107,0.375,0.0,0.7011
P5,8828565299201225-CHIN 2.mp4,CHIN,F_02_070,val,ASL_Citizen/videos/8828565299201225-CHIN 2.mp4,8828565299201225-CHIN 2,470525,CHIN,True,29.996,68,640,480,2.267,9.9937,0.375,0.0,0.8359
P5,3730941307383533-ROLLERBLADING.mp4,ROLLERBLADING,D_02_033,val,ASL_Citizen/videos/3730941307383533-ROLLERBLADING.mp4,3730941307383533-ROLLERBLADING,736741,ROLLERBLADING,True,29.997,107,640,480,3.567,11.6595,0.625,0.625,2.072
P5,8322538982085503-SUSPENDERS 2.mp4,SUSPENDERS2,E_01_028,val,ASL_Citizen/videos/8322538982085503-SUSPENDERS 2.mp4,8322538982085503-SUSPENDERS 2,718206,SUSPENDERS,True,29.921,102,640,480,3.409,11.2377,0.25,0.125,3.6712
P5,8710294613452771-CHINA.mp4,CHINA,D_03_061,val,ASL_Citizen/videos/8710294613452771-CHINA.mp4,8710294613452771-CHINA,759067,CHINA,True,29.917,115,640,480,3.844,7.5,0.125,0.0,
P5,7785704564266311-ENEMY.mp4,ENEMY,E_02_045,val,ASL_Citizen/videos/7785704564266311-ENEMY.mp4,7785704564266311-ENEMY,767041,ENEMY,True,29.838,107,640,480,3.586,13.1358,0.25,0.25,1.2479
P5,2938382140665936-FREE.mp4,FREE,G_01_027,val,ASL_Citizen/videos/2938382140665936-FREE.mp4,2938382140665936-FREE,548345,FREE,True,29.996,80,640,480,2.667,13.9685,0.375,0.25,3.1935
P5,5914600667576899-PERFECT.mp4,PERFECT,D_01_008,val,ASL_Citizen/videos/5914600667576899-PERFECT.mp4,5914600667576899-PERFECT,821329,PERFECT,True,30.0,123,640,480,4.1,28.6318,0.25,0.0,1.5166
P5,26945637183070703-ROOMMATE.mp4,ROOMMATE,H_03_073,val,ASL_Citizen/videos/26945637183070703-ROOMMATE.mp4,26945637183070703-ROOMMATE,615918,ROOMMATE,True,30.337,91,640,480,3.0,13.585,0.375,0.375,0.387
P50,6657630771535601-BROTHER.mp4,BROTHER,B_01_065,train,ASL_Citizen/videos/6657630771535601-BROTHER.mp4,6657630771535601-BROTHER,486911,BROTHER,True,29.996,68,640,480,2.267,18.6562,0.25,0.125,2.2648
P50,8025890745607995-PEACH 2.mp4,PEACH2,K_02_087,train,ASL_Citizen/videos/8025890745607995-PEACH 2.mp4,8025890745607995-PEACH 2,542434,PEACH,True,30.004,79,640,480,2.633,8.1501,0.375,0.0,0.1339
P50,03655867714699834-GOD.mp4,GOD,D_02_068,train,ASL_Citizen/videos/03655867714699834-GOD.mp4,03655867714699834-GOD,618895,GOD,True,30.0,84,640,480,2.8,9.8691,0.125,0.0,
P50,3584444832213878-HOODIE 1.mp4,HOODIE1,K_02_044,train,ASL_Citizen/videos/3584444832213878-HOODIE 1.mp4,3584444832213878-HOODIE 1,541355,HOODIE,True,30.004,76,640,480,2.533,9.3494,0.5,0.25,6.3672
P50,5613897088333932-DONT WANT.mp4,DONTWANT,E_02_014,train,ASL_Citizen/videos/5613897088333932-DONT WANT.mp4,5613897088333932-DONT WANT,505703,DONTWANT,True,30.0,69,640,480,2.3,7.6994,0.375,0.25,3.1083
P50,8535923518304356-CROCODILE.mp4,CROCODILE,D_01_081,train,ASL_Citizen/videos/8535923518304356-CROCODILE.mp4,8535923518304356-CROCODILE,556709,CROCODILE,True,30.0,72,640,480,2.4,20.6192,0.25,0.0,0.4269
P50,7522460591520035-ISOLATED.mp4,ISOLATED,F_02_033,train,ASL_Citizen/videos/7522460591520035-ISOLATED.mp4,7522460591520035-ISOLATED,548658,ISOLATED,True,29.996,74,640,480,2.467,7.0829,0.375,0.0,1.0946
P50,3942015574547937-PAY.mp4,PAY,F_01_082,train,ASL_Citizen/videos/3942015574547937-PAY.mp4,3942015574547937-PAY,457215,PAY,True,30.0,63,640,480,2.1,11.3955,0.25,0.125,1.6025
P50,1751500985690635-WAR.mp4,WAR,B_03_075,train,ASL_Citizen/videos/1751500985690635-WAR.mp4,1751500985690635-WAR,568022,WAR,True,30.004,79,640,480,2.633,16.6506,0.5,0.25,3.6873
P50,7871691270296015-ALL OVER.mp4,ALLOVER,J_02_064,train,ASL_Citizen/videos/7871691270296015-ALL OVER.mp4,7871691270296015-ALL OVER,541382,ALLOVER,True,30.0,72,640,480,2.4,15.1413,0.375,0.0,4.0361
P50,11350981814423666-OPINION 2.mp4,OPINION2,H_03_101,train,ASL_Citizen/videos/11350981814423666-OPINION 2.mp4,11350981814423666-OPINION 2,475235,OPINION,True,29.995,65,640,480,2.167,9.6853,0.375,0.0,1.3832
P50,5791625388129429-KNITTING 3.mp4,KNITTING1,K_03_013,train,ASL_Citizen/videos/5791625388129429-KNITTING 3.mp4,5791625388129429-KNITTING 3,514918,KNITTING,True,30.004,67,640,480,2.233,14.3258,0.5,0.5,0.3303
P50,4105268525597696-BABYSITTER.mp4,BABYSITTER,F_03_061,train,ASL_Citizen/videos/4105268525597696-BABYSITTER.mp4,4105268525597696-BABYSITTER,663735,BABYSITTER,True,30.0,93,640,480,3.1,16.1235,0.375,0.125,6.3689
P50,0693061280585272-PERCEIVE.mp4,PERCEIVE,J_02_063,train,ASL_Citizen/videos/0693061280585272-PERCEIVE.mp4,0693061280585272-PERCEIVE,625519,PERCEIVE,True,29.997,89,640,480,2.967,8.9047,0.375,0.25,2.2769
P50,45715303365426396-OPERATE MACHINE.mp4,OPERATEMACHINE,G_02_026,train,ASL_Citizen/videos/45715303365426396-OPERATE MACHINE.mp4,45715303365426396-OPERATE MACHINE,464151,OPERATEMACHINE,True,29.995,59,640,480,1.967,12.7832,0.375,0.25,2.1308
P50,8140986324904689-POPE.mp4,POPE,G_02_077,train,ASL_Citizen/videos/8140986324904689-POPE.mp4,8140986324904689-POPE,581826,POPE,True,29.996,80,640,480,2.667,11.271,0.5,0.25,3.5592
P50,6274329989657883-SOFTBALL.mp4,SOFTBALL,G_01_030,train,ASL_Citizen/videos/6274329989657883-SOFTBALL.mp4,6274329989657883-SOFTBALL,466652,SOFTBALL,True,29.995,65,640,480,2.167,5.7665,0.375,0.375,0.1649
P50,09947766426698057-ARTICLE.mp4,ARTICLE,J_02_041,train,ASL_Citizen/videos/09947766426698057-ARTICLE.mp4,09947766426698057-ARTICLE,652733,ARTICLE,True,29.997,92,640,480,3.067,16.953,0.5,0.25,3.9913
P50,2875039244396185-LOYAL.mp4,LOYAL,D_03_017,train,ASL_Citizen/videos/2875039244396185-LOYAL.mp4,2875039244396185-LOYAL,502053,LOYAL,True,30.0,72,640,480,2.4,10.633,0.5,0.0,2.3869
P50,7716987223343876-FOOTBALL.mp4,FOOTBALL,A_02_027,train,ASL_Citizen/videos/7716987223343876-FOOTBALL.mp4,7716987223343876-FOOTBALL,588303,FOOTBALL,True,30.004,85,640,480,2.833,13.3613,0.25,0.25,0.322
P50,12566198434416243-WIFE.mp4,WIFE,D_03_025,train,ASL_Citizen/videos/12566198434416243-WIFE.mp4,12566198434416243-WIFE,523036,WIFE,True,29.996,71,640,480,2.367,10.7984,0.375,0.0,3.1645
P50,933274327707148-LICK 2.mp4,LICK2,F_02_090,train,ASL_Citizen/videos/933274327707148-LICK 2.mp4,933274327707148-LICK 2,501124,LICK,True,30.004,70,640,480,2.333,11.4711,0.375,0.25,2.2294
P50,7242088293538-SCREAM.mp4,SCREAM,E_03_027,train,ASL_Citizen/videos/7242088293538-SCREAM.mp4,7242088293538-SCREAM,452974,SCREAM,True,30.005,58,640,480,1.933,10.1118,0.5,0.0,4.0225
P50,95375935352444-GLOW.mp4,GLOW,D_03_093,train,ASL_Citizen/videos/95375935352444-GLOW.mp4,95375935352444-GLOW,616076,GLOW,True,29.997,92,640,480,3.067,8.7073,0.25,0.125,2.0303
P50,6937202654647265-TOILET.mp4,TOILET,A_02_038,train,ASL_Citizen/videos/6937202654647265-TOILET.mp4,6937202654647265-TOILET,573887,TOILET,True,29.996,77,640,480,2.567,4.3852,0.375,0.0,0.7475
P50,5184266598150171-FREE.mp4,FREE,G_01_027,train,ASL_Citizen/videos/5184266598150171-FREE.mp4,5184266598150171-FREE,467647,FREE,True,30.005,64,640,480,2.133,8.7546,0.375,0.375,0.5571
P50,9578020989132343-HAT 2.mp4,HAT2,K_03_099,train,ASL_Citizen/videos/9578020989132343-HAT 2.mp4,9578020989132343-HAT 2,491726,HAT,True,30.004,67,640,480,2.233,14.3019,0.375,0.125,5.24
P50,11615442196098535-BEND.mp4,BEND,G_03_031,train,ASL_Citizen/videos/11615442196098535-BEND.mp4,11615442196098535-BEND,483732,BEND,True,30.0,69,640,480,2.3,15.3898,0.375,0.25,2.3509
P51,18526417494054925-WADE 2.mp4,WADE1,K_03_024,train,ASL_Citizen/videos/18526417494054925-WADE 2.mp4,18526417494054925-WADE 2,518957,WADE,True,30.004,73,640,480,2.433,10.7914,0.375,0.375,1.0964
P51,8549662816535366-TRAVEL.mp4,TRAVEL,B_02_089,train,ASL_Citizen/videos/8549662816535366-TRAVEL.mp4,8549662816535366-TRAVEL,902962,TRAVEL,True,30.004,85,640,480,2.833,4.9655,0.25,0.0,0.5995
P51,682496537857324-COPY.mp4,COPY,D_01_064,train,ASL_Citizen/videos/682496537857324-COPY.mp4,682496537857324-COPY,519478,COPY,True,30.004,76,640,480,2.533,10.2928,0.375,0.375,1.1272
P51,02176540635998192-WHISTLE 3.mp4,WHISTLE2,K_03_055,train,ASL_Citizen/videos/02176540635998192-WHISTLE 3.mp4,02176540635998192-WHISTLE 3,517634,WHISTLE,True,30.0,78,640,480,2.6,6.877,0.25,0.0,1.0028
P51,5780077570584161-UNCLE.mp4,UNCLE,D_02_011,train,ASL_Citizen/videos/5780077570584161-UNCLE.mp4,5780077570584161-UNCLE,491060,UNCLE,True,30.0,72,640,480,2.4,6.3079,0.25,0.0,0.415
P51,6454430437032328-PROFOUNDLY DEAF.mp4,PROFOUNDLYDEAF,H_02_016,train,ASL_Citizen/videos/6454430437032328-PROFOUNDLY DEAF.mp4,6454430437032328-PROFOUNDLY DEAF,423716,PROFOUNDLYDEAF,True,29.995,62,640,480,2.067,5.5202,0.375,0.0,0.5282
P51,09618295078058359-EACH.mp4,EACH,F_02_059,train,ASL_Citizen/videos/09618295078058359-EACH.mp4,09618295078058359-EACH,506044,EACH,True,30.004,76,640,480,2.533,4.8841,0.375,0.125,4.6626
P51,6624265900258184-EGYPT.mp4,EGYPT,C_02_042,train,ASL_Citizen/videos/6624265900258184-EGYPT.mp4,6624265900258184-EGYPT,689094,EGYPT,True,30.005,64,640,480,2.133,4.9253,0.375,0.0,1.5485
P51,1674849629898727-FALL 2.mp4,FALL2,C_03_007,train,ASL_Citizen/videos/1674849629898727-FALL 2.mp4,1674849629898727-FALL 2,557460,FALL,True,29.996,83,640,480,2.767,2.848,0.125,0.0,
P51,6013827702613608-CLOWN.mp4,CLOWN,A_03_026,train,ASL_Citizen/videos/6013827702613608-CLOWN.mp4,6013827702613608-CLOWN,526418,CLOWN,True,30.004,76,640,480,2.533,7.455,0.25,0.0,0.4794
P51,2837285526744675-SHORT DISTANCE.mp4,SHORTDISTANCE,H_01_049,train,ASL_Citizen/videos/2837285526744675-SHORT DISTANCE.mp4,2837285526744675-SHORT DISTANCE,240800,SHORTDISTANCE,True,15.005,31,640,480,2.066,7.6642,0.25,0.0,0.8712
P51,5044566387995728-UNCERTAIN.mp4,UNCERTAIN,H_02_020,train,ASL_Citizen/videos/5044566387995728-UNCERTAIN.mp4,5044566387995728-UNCERTAIN,552738,UNCERTAIN,True,29.996,83,640,480,2.767,4.7761,0.375,0.375,1.3529
P51,6150173366410261-CAN.mp4,CAN1,D_03_027,train,ASL_Citizen/videos/6150173366410261-CAN.mp4,6150173366410261-CAN,250798,CAN,True,15.006,36,640,480,2.399,5.1731,0.25,0.25,0.6141
P51,4707088319691042-SSHH.mp4,SSHH,E_02_016,train,ASL_Citizen/videos/4707088319691042-SSHH.mp4,4707088319691042-SSHH,443326,SSHH,True,29.996,68,640,480,2.267,3.947,0.25,0.0,0.1644
P51,7087143226635837-ROAST.mp4,ROAST,J_02_038,train,ASL_Citizen/videos/7087143226635837-ROAST.mp4,7087143226635837-ROAST,1035745,ROAST,True,30.0,150,640,480,5.0,10.8973,0.5,0.25,13.4164
P51,9387899703290132-FAT.mp4,FAT,C_01_011,train,ASL_Citizen/videos/9387899703290132-FAT.mp4,9387899703290132-FAT,471990,FAT,True,30.004,70,640,480,2.333,3.5488,0.25,0.25,0.4948
P51,3746786836387572-SLICE 2.mp4,SLICE1,K_01_028,train,ASL_Citizen/videos/3746786836387572-SLICE 2.mp4,3746786836387572-SLICE 2,713520,SLICE,True,30.004,67,640,480,2.233,3.11,0.375,0.125,1.9479
P51,9347250739037953-PROBLEM 2.mp4,PROBLEM1,B_03_047,train,ASL_Citizen/videos/9347250739037953-PROBLEM 2.mp4,9347250739037953-PROBLEM 2,418614,PROBLEM,True,30.005,61,640,480,2.033,3.3632,0.375,0.375,0.8193
P51,9966131573349557-CHEER.mp4,CHEER,J_03_060,train,ASL_Citizen/videos/9966131573349557-CHEER.mp4,9966131573349557-CHEER,474936,CHEER,True,30.004,70,640,480,2.333,10.0931,0.25,0.25,0.1839
P51,3169825479062436-UPSET.mp4,UPSET1,H_03_047,train,ASL_Citizen/videos/3169825479062436-UPSET.mp4,3169825479062436-UPSET,715418,UPSET,True,30.0,105,640,480,3.5,6.4758,0.25,0.0,1.7619
P51,18131003275004232-SHORT WORD.mp4,SHORTWORD,J_02_087,train,ASL_Citizen/videos/18131003275004232-SHORT WORD.mp4,18131003275004232-SHORT WORD,368256,SHORTWORD,True,30.005,55,640,480,1.833,3.2838,0.375,0.375,0.4453
P51,40337914073510306-SCROLL DOWN.mp4,SCROLLDOWN,C_03_084,train,ASL_Citizen/videos/40337914073510306-SCROLL DOWN.mp4,40337914073510306-SCROLL DOWN,461278,SCROLLDOWN,True,30.004,70,640,480,2.333,4.1678,0.25,0.0,1.6867
P51,23611010127689558-CAR BATTERY.mp4,CARBATTERY,E_01_039,train,ASL_Citizen/videos/23611010127689558-CAR BATTERY.mp4,23611010127689558-CAR BATTERY,499875,CARBATTERY,True,30.004,73,640,480,2.433,5.5126,0.25,0.125,3.4205
P51,4448758119695737-RELIGION.mp4,RELIGION,B_03_029,train,ASL_Citizen/videos/4448758119695737-RELIGION.mp4,4448758119695737-RELIGION,387612,RELIGION,True,30.005,58,640,480,1.933,4.0755,0.25,0.0,1.8893
P51,8863228905537739-MODEL 2.mp4,MODEL1,J_02_005,train,ASL_Citizen/videos/8863228905537739-MODEL 2.mp4,8863228905537739-MODEL 2,529206,MODEL,True,29.996,77,640,480,2.567,6.3028,0.375,0.125,1.1119
P51,8399306959149948-METAL.mp4,METAL,D_02_037,train,ASL_Citizen/videos/8399306959149948-METAL.mp4,8399306959149948-METAL,495663,METAL,True,29.996,74,640,480,2.467,5.8295,0.375,0.0,0.9404
P51,4973753336823712-REMOVE.mp4,REMOVE,J_02_092,train,ASL_Citizen/videos/4973753336823712-REMOVE.mp4,4973753336823712-REMOVE,787385,REMOVE,True,30.0,72,640,480,2.4,3.8762,0.25,0.25,1.1951
P51,8556276585939666-LEND.mp4,LEND,J_01_088,train,ASL_Citizen/videos/8556276585939666-LEND.mp4,8556276585939666-LEND,460227,LEND,True,29.996,71,640,480,2.367,4.4787,0.375,0.125,3.2664
P52,6241851355359722-seedSIDEBURNS.mp4,SIDEBURNS,F_01_087,train,ASL_Citizen/videos/6241851355359722-seedSIDEBURNS.mp4,6241851355359722-seedSIDEBURNS,959524,SIDEBURNS,True,29.969,147,640,480,4.905,16.3198,0.25,0.25,0.9951
P52,4494941416293381-seedGLUE 1.mp4,GLUE2,K_03_117,train,ASL_Citizen/videos/4494941416293381-seedGLUE 1.mp4,4494941416293381-seedGLUE 1,729849,GLUE,True,30.576,112,640,480,3.663,5.6307,0.375,0.375,0.6797
P52,92911828333062-seedCATCH 3.mp4,CATCH2,K_03_109,train,ASL_Citizen/videos/92911828333062-seedCATCH 3.mp4,92911828333062-seedCATCH 3,806482,CATCH,True,30.288,128,640,480,4.226,4.1789,0.125,0.0,
P52,6409175794470368-seedMARRY.mp4,MARRY,F_02_007,train,ASL_Citizen/videos/6409175794470368-seedMARRY.mp4,6409175794470368-seedMARRY,933811,MARRY,True,29.916,143,640,480,4.78,10.3556,0.125,0.125,
P52,9580372890443305-seedELEGANCE.mp4,ELEGANCE,D_03_042,train,ASL_Citizen/videos/9580372890443305-seedELEGANCE.mp4,9580372890443305-seedELEGANCE,922634,ELEGANCE,True,30.245,144,640,480,4.761,9.5249,0.25,0.0,2.5376
P52,935624750887212-seedGATE CLOSE.mp4,GATECLOSE,E_02_073,train,ASL_Citizen/videos/935624750887212-seedGATE CLOSE.mp4,935624750887212-seedGATE CLOSE,633422,GATECLOSE,True,30.589,97,640,480,3.171,8.4571,0.375,0.375,1.5455
P52,6672426067888029-seedNOT MIND.mp4,NOTMIND,G_01_060,train,ASL_Citizen/videos/6672426067888029-seedNOT MIND.mp4,6672426067888029-seedNOT MIND,1075975,NOTMIND,True,30.002,163,640,480,5.433,16.4507,0.25,0.0,3.8663
P52,9230851663107729-seedHOOD.mp4,HOOD,H_03_104,train,ASL_Citizen/videos/9230851663107729-seedHOOD.mp4,9230851663107729-seedHOOD,716408,HOOD,True,30.261,111,640,480,3.668,5.1699,0.5,0.375,5.1242
P52,9759029284162826-seedPUSH.mp4,PUSH,D_02_077,train,ASL_Citizen/videos/9759029284162826-seedPUSH.mp4,9759029284162826-seedPUSH,877717,PUSH,True,31.063,138,640,480,4.443,5.1417,0.125,0.125,
P52,9821307245988498-seedPECK.mp4,PECK,K_03_010,train,ASL_Citizen/videos/9821307245988498-seedPECK.mp4,9821307245988498-seedPECK,785249,PECK,True,31.185,122,640,480,3.912,7.7452,0.875,0.375,9.1131
P52,7874979779434099-seedSAME 2.mp4,SAME2,B_02_013,train,ASL_Citizen/videos/7874979779434099-seedSAME 2.mp4,7874979779434099-seedSAME 2,960095,SAME,True,29.92,149,640,480,4.98,8.6025,0.25,0.125,1.8912
P52,5617325649329079-seedARM 3.mp4,ARM3,K_02_002,train,ASL_Citizen/videos/5617325649329079-seedARM 3.mp4,5617325649329079-seedARM 3,650373,ARM,True,30.303,100,640,480,3.3,7.1917,0.375,0.25,1.5189
P52,9027268642604178-seedBAKE 2.mp4,BAKE2,B_01_051,train,ASL_Citizen/videos/9027268642604178-seedBAKE 2.mp4,9027268642604178-seedBAKE 2,1071945,BAKE,True,30.002,166,640,480,5.533,11.21,0.25,0.25,1.0046
P52,8061962144771699-seedA-LINE BOB.mp4,A-LINEBOB,K_03_127,train,ASL_Citizen/videos/8061962144771699-seedA-LINE BOB.mp4,8061962144771699-seedA-LINE BOB,713201,A-LINEBOB,True,31.043,107,640,480,3.447,8.6181,0.375,0.375,1.6297
P52,43981604479361835-seedGUESS.mp4,GUESS2,C_01_057,train,ASL_Citizen/videos/43981604479361835-seedGUESS.mp4,43981604479361835-seedGUESS,691607,GUESS,True,30.294,107,640,480,3.532,4.461,0.25,0.0,1.7318
P52,9240620788956599-seedREFRIGERATOR.mp4,REFRIGERATOR,G_01_001,train,ASL_Citizen/videos/9240620788956599-seedREFRIGERATOR.mp4,9240620788956599-seedREFRIGERATOR,841657,REFRIGERATOR,True,31.008,131,640,480,4.225,6.243,0.625,0.375,8.4217
P52,16053445151570034-seedINVEST.mp4,INVEST,F_03_045,train,ASL_Citizen/videos/16053445151570034-seedINVEST.mp4,16053445151570034-seedINVEST,1145701,INVEST,True,29.968,171,640,480,5.706,12.7868,0.25,0.125,0.9859
P52,2924541338556792-seedPRESS IN_MIND.mp4,PRESSINMIND,E_02_082,train,ASL_Citizen/videos/2924541338556792-seedPRESS IN_MIND.mp4,2924541338556792-seedPRESS IN_MIND,806719,PRESSINMIND,True,29.969,125,640,480,4.171,15.6028,0.375,0.0,7.6231
P52,0729275115837229-seedGRADUATE.mp4,GRADUATE,B_03_081,train,ASL_Citizen/videos/0729275115837229-seedGRADUATE.mp4,0729275115837229-seedGRADUATE,1096296,GRADUATE,True,29.918,167,640,480,5.582,10.8596,0.125,0.0,
P52,5869346216503564-seedCHANCE.mp4,CHANCE,A_03_080,train,ASL_Citizen/videos/5869346216503564-seedCHANCE.mp4,5869346216503564-seedCHANCE,1111174,CHANCE,True,29.972,170,640,480,5.672,9.3608,0.125,0.125,
P52,7832427403306295-seedAVERAGE.mp4,AVERAGE,G_03_050,train,ASL_Citizen/videos/7832427403306295-seedAVERAGE.mp4,7832427403306295-seedAVERAGE,827462,AVERAGE,True,31.172,129,640,480,4.138,4.592,0.25,0.125,1.136
P52,2798433924675019-seedHIGHLIGHTER.mp4,HIGHLIGHTER,G_01_020,train,ASL_Citizen/videos/2798433924675019-seedHIGHLIGHTER.mp4,2798433924675019-seedHIGHLIGHTER,728732,HIGHLIGHTER,True,30.335,114,640,480,3.758,5.3762,0.375,0.125,1.8778
P52,29528598683287455-seedRELEASE.mp4,RELEASE,E_03_059,train,ASL_Citizen/videos/29528598683287455-seedRELEASE.mp4,29528598683287455-seedRELEASE,846222,RELEASE,True,29.921,128,640,480,4.278,14.3352,0.25,0.125,0.7806
P52,3471783198230618-seedCHEAT 1.mp4,CHEAT1,A_02_008,train,ASL_Citizen/videos/3471783198230618-seedCHEAT 1.mp4,3471783198230618-seedCHEAT 1,1403578,CHEAT,True,29.918,212,640,480,7.086,24.7572,0.25,0.125,5.6707
P52,8278927819869593-seedNEUTRAL.mp4,NEUTRAL,A_03_021,train,ASL_Citizen/videos/8278927819869593-seedNEUTRAL.mp4,8278927819869593-seedNEUTRAL,976591,NEUTRAL,True,30.181,150,640,480,4.97,7.2916,0.125,0.0,
P52,09041654334586147-seedFRENCH.mp4,FRENCH,C_02_022,train,ASL_Citizen/videos/09041654334586147-seedFRENCH.mp4,09041654334586147-seedFRENCH,763711,FRENCH,True,30.567,119,640,480,3.893,4.4712,0.25,0.0,0.3246
P52,55237444147507-seedCONFUSED.mp4,CONFUSED2,J_02_067,train,ASL_Citizen/videos/55237444147507-seedCONFUSED.mp4,55237444147507-seedCONFUSED,813247,CONFUSED,True,30.317,127,640,480,4.189,4.7281,0.375,0.375,1.5138
P52,8638215005623915-seedVOCABULARY.mp4,VOCABULARY,H_01_082,train,ASL_Citizen/videos/8638215005623915-seedVOCABULARY.mp4,8638215005623915-seedVOCABULARY,751525,VOCABULARY,True,30.622,119,640,480,3.886,6.7869,0.375,0.375,0.7787
P6,6545285895586526-DINOSAUR 2.mp4,DINOSAUR2,K_03_047,test,ASL_Citizen/videos/6545285895586526-DINOSAUR 2.mp4,6545285895586526-DINOSAUR 2,476680,DINOSAUR,True,30.0,72,640,480,2.4,23.3354,0.5,0.125,5.5065
P6,17251078637883666-CONCEPT.mp4,CONCEPT,A_03_086,test,ASL_Citizen/videos/17251078637883666-CONCEPT.mp4,17251078637883666-CONCEPT,303699,CONCEPT,True,30.0,45,640,480,1.5,12.6415,0.375,0.0,0.3281
P6,9686631419959442-SANTA.mp4,SANTA,F_03_019,test,ASL_Citizen/videos/9686631419959442-SANTA.mp4,9686631419959442-SANTA,345351,SANTA,True,29.922,50,640,480,1.671,9.4244,0.375,0.25,1.8613
P6,9448235586041172-NECKLACE 4.mp4,NECKLACE2,K_03_090,test,ASL_Citizen/videos/9448235586041172-NECKLACE 4.mp4,9448235586041172-NECKLACE 4,505110,NECKLACE,True,29.918,66,640,480,2.206,17.6048,0.375,0.375,1.4005
P6,9129719528736404-GOODY GOODY.mp4,GOODYGOODY,G_03_083,test,ASL_Citizen/videos/9129719528736404-GOODY GOODY.mp4,9129719528736404-GOODY GOODY,436236,GOODYGOODY,True,29.979,56,640,480,1.868,21.7246,0.5,0.0,1.1457
P6,12410712146450331-INSURANCE.mp4,INSURANCE,D_02_030,test,ASL_Citizen/videos/12410712146450331-INSURANCE.mp4,12410712146450331-INSURANCE,287499,INSURANCE,True,29.839,37,640,480,1.24,10.2059,0.5,0.0,0.3365
P6,30576816106028337-GLASS 2.mp4,GLASS3,K_01_115,test,ASL_Citizen/videos/30576816106028337-GLASS 2.mp4,30576816106028337-GLASS 2,490739,GLASS,True,29.924,67,640,480,2.239,13.3613,0.5,0.375,2.4155
P6,43821652957058466-ORAL.mp4,ORAL,C_03_024,test,ASL_Citizen/videos/43821652957058466-ORAL.mp4,43821652957058466-ORAL,477330,ORAL,True,29.844,65,640,480,2.178,8.4086,0.5,0.0,0.7284
P6,5399787732772412-COOL.mp4,COOL1,H_03_032,test,ASL_Citizen/videos/5399787732772412-COOL.mp4,5399787732772412-COOL,344468,COOL,True,25.0,47,640,480,1.88,11.9301,0.5,0.0,0.4415
P6,3081075913873015-MEDITATE 2.mp4,MEDITATE3,K_03_061,test,ASL_Citizen/videos/3081075913873015-MEDITATE 2.mp4,3081075913873015-MEDITATE 2,527825,MEDITATE,True,29.918,73,640,480,2.44,9.3896,0.25,0.125,4.6125
P6,6034625259296462-DOWN.mp4,DOWN,G_03_055,test,ASL_Citizen/videos/6034625259296462-DOWN.mp4,6034625259296462-DOWN,478860,DOWN,True,29.926,65,640,480,2.172,12.1138,0.5,0.0,6.1139
P6,47235343668442575-PAY OFF_BILLS.mp4,PAYOFFBILLS,F_03_036,test,ASL_Citizen/videos/47235343668442575-PAY OFF_BILLS.mp4,47235343668442575-PAY OFF_BILLS,411845,PAYOFFBILLS,True,29.974,58,640,480,1.935,12.1647,0.5,0.25,4.5888
P6,525010092916903-SAME 2.mp4,SAME2,B_02_013,test,ASL_Citizen/videos/525010092916903-SAME 2.mp4,525010092916903-SAME 2,452302,SAME,True,29.843,61,640,480,2.044,16.8199,0.375,0.25,3.2066
P6,42212672612020974-AUTISM 2.mp4,AUTISM2,K_01_040,test,ASL_Citizen/videos/42212672612020974-AUTISM 2.mp4,42212672612020974-AUTISM 2,421509,AUTISM,True,25.0,48,640,480,1.92,12.6717,0.375,0.25,1.6003
P6,06192996262281536-SHARP 2.mp4,SHARP2,H_01_105,test,ASL_Citizen/videos/06192996262281536-SHARP 2.mp4,06192996262281536-SHARP 2,359886,SHARP,True,29.976,50,640,480,1.668,9.1195,0.375,0.25,1.6505
P6,6217086059779711-MAGNET 3.mp4,MAGNET1,K_01_026,test,ASL_Citizen/videos/6217086059779711-MAGNET 3.mp4,6217086059779711-MAGNET 3,355810,MAGNET,True,29.969,49,640,480,1.635,16.9113,0.75,0.125,5.8677
P6,4803225680024923-SQUARE IDIOT.mp4,SQUAREIDIOT,J_01_062,test,ASL_Citizen/videos/4803225680024923-SQUARE IDIOT.mp4,4803225680024923-SQUARE IDIOT,358214,SQUAREIDIOT,True,30.0,51,640,480,1.7,8.9785,0.375,0.0,0.9484
P6,04030453325446337-CRAWL 2.mp4,CRAWL2,K_02_088,test,ASL_Citizen/videos/04030453325446337-CRAWL 2.mp4,04030453325446337-CRAWL 2,452067,CRAWL,True,30.0,63,640,480,2.1,19.4095,0.5,0.25,6.5565
P6,46070187737730706-LIGHTER.mp4,LIGHTER,D_02_025,test,ASL_Citizen/videos/46070187737730706-LIGHTER.mp4,46070187737730706-LIGHTER,312314,LIGHTER,True,29.975,36,640,480,1.201,9.0489,0.375,0.0,0.5744
P6,31590114974812056-BARK 2.mp4,BARK1,K_01_074,test,ASL_Citizen/videos/31590114974812056-BARK 2.mp4,31590114974812056-BARK 2,541429,BARK,True,29.92,71,640,480,2.373,9.354,0.625,0.5,5.2363
P6,31432674657776283-SING.mp4,SING,D_03_075,test,ASL_Citizen/videos/31432674657776283-SING.mp4,31432674657776283-SING,457090,SING,True,29.995,62,640,480,2.067,10.908,0.5,0.0,2.3222
P6,8818081853196704-CALL.mp4,CALL1,C_02_061,test,ASL_Citizen/videos/8818081853196704-CALL.mp4,8818081853196704-CALL,337521,CALL,True,29.915,42,640,480,1.404,7.5238,0.375,0.0,2.2721
P6,9345074035304357-BEANS.mp4,BEANS,E_02_069,test,ASL_Citizen/videos/9345074035304357-BEANS.mp4,9345074035304357-BEANS,406843,BEANS,True,29.921,57,640,480,1.905,14.2167,0.5,0.25,4.5243
P6,23184664744539596-IMPORTANT.mp4,IMPORTANT,B_01_081,test,ASL_Citizen/videos/23184664744539596-IMPORTANT.mp4,23184664744539596-IMPORTANT,455629,IMPORTANT,True,29.977,64,640,480,2.135,19.1414,0.25,0.25,1.1368
P6,6956239348425071-HOT.mp4,HOT,F_02_093,test,ASL_Citizen/videos/6956239348425071-HOT.mp4,6956239348425071-HOT,264196,HOT,True,29.982,34,640,480,1.134,6.0708,0.25,0.0,1.848
P6,8875542213598027-CHARGE.mp4,CHARGE,F_01_025,test,ASL_Citizen/videos/8875542213598027-CHARGE.mp4,8875542213598027-CHARGE,438263,CHARGE,True,30.0,63,640,480,2.1,12.6107,0.375,0.125,2.1616
P6,57337857006252-BASKETBALL.mp4,BASKETBALL1,A_03_045,test,ASL_Citizen/videos/57337857006252-BASKETBALL.mp4,57337857006252-BASKETBALL,304247,BASKETBALL,True,29.993,44,640,480,1.467,13.6585,0.375,0.0,1.2361
P6,5612062415680501-DEAL CARDS.mp4,DEALCARDS,J_02_074,test,ASL_Citizen/videos/5612062415680501-DEAL CARDS.mp4,5612062415680501-DEAL CARDS,426562,DEALCARDS,True,29.97,60,640,480,2.002,7.6089,0.125,0.125,
P7,46872059376636366-CAN.mp4,CAN1,D_03_027,train,ASL_Citizen/videos/46872059376636366-CAN.mp4,46872059376636366-CAN,503384,CAN,True,30.395,71,640,480,2.336,14.4348,0.125,0.125,
P7,46853468509504537-BAKE 1.mp4,BAKE1,A_01_060,train,ASL_Citizen/videos/46853468509504537-BAKE 1.mp4,46853468509504537-BAKE 1,652874,BAKE,True,30.378,99,640,480,3.259,14.8969,0.375,0.0,1.8746
P7,9701285835763032-ANSWER.mp4,ANSWER,E_03_065,train,ASL_Citizen/videos/9701285835763032-ANSWER.mp4,9701285835763032-ANSWER,439911,ANSWER,True,13.333,52,640,480,3.9,9.8309,0.25,0.0,1.1725
P7,772867424380135-ROAR.mp4,ROAR1,J_03_062,train,ASL_Citizen/videos/772867424380135-ROAR.mp4,772867424380135-ROAR,396383,ROAR,True,13.333,34,640,480,2.55,7.6602,0.25,0.0,0.5315
P7,09242717124055-ERASE.mp4,ERASE1,J_03_085,train,ASL_Citizen/videos/09242717124055-ERASE.mp4,09242717124055-ERASE,673788,ERASE,True,30.377,99,640,480,3.259,13.2828,0.375,0.0,1.5913
P7,2206970891939921-PANCAKE.mp4,PANCAKE,G_03_068,train,ASL_Citizen/videos/2206970891939921-PANCAKE.mp4,2206970891939921-PANCAKE,382795,PANCAKE,True,15.008,38,640,480,2.532,12.6195,0.125,0.0,
P7,28111560426713766-SAW 2.mp4,SAW2,K_02_007,train,ASL_Citizen/videos/28111560426713766-SAW 2.mp4,28111560426713766-SAW 2,691352,SAW,True,30.339,100,640,480,3.296,24.0813,0.5,0.25,1.4033
P7,7634950601910355-MONDAY.mp4,MONDAY,C_03_070,train,ASL_Citizen/videos/7634950601910355-MONDAY.mp4,7634950601910355-MONDAY,593905,MONDAY,True,30.003,88,640,480,2.933,12.4332,0.5,0.0,4.4716
P7,8879593090443645-COOL.mp4,COOL1,H_03_032,train,ASL_Citizen/videos/8879593090443645-COOL.mp4,8879593090443645-COOL,464151,COOL,True,30.274,65,640,480,2.147,12.8835,0.5,0.0,1.5295
P7,11249646142966907-CANCELLATION.mp4,CANCELLATION,C_02_017,train,ASL_Citizen/videos/11249646142966907-CANCELLATION.mp4,11249646142966907-CANCELLATION,635634,CANCELLATION,True,30.322,96,640,480,3.166,13.2412,0.25,0.0,1.6835
P7,25452629111360814-HEARING.mp4,HEARING,C_02_023,train,ASL_Citizen/videos/25452629111360814-HEARING.mp4,25452629111360814-HEARING,516360,HEARING,True,30.366,74,640,480,2.437,8.3479,0.5,0.0,1.2987
P7,7966126206277044-GONE.mp4,GONE,G_03_051,train,ASL_Citizen/videos/7966126206277044-GONE.mp4,7966126206277044-GONE,603310,GONE,True,30.2,89,640,480,2.947,14.9815,0.75,0.0,5.7749
P7,7521065366538306-BLOW.mp4,BLOW,E_02_096,train,ASL_Citizen/videos/7521065366538306-BLOW.mp4,7521065366538306-BLOW,503091,BLOW,True,29.996,71,640,480,2.367,16.0506,0.5,0.5,1.8347
P7,8963793717239534-RED.mp4,RED,C_02_090,train,ASL_Citizen/videos/8963793717239534-RED.mp4,8963793717239534-RED,676463,RED,True,30.349,100,640,480,3.295,17.5891,0.25,0.0,0.4846
P7,72757382323778-MCDONALDS.mp4,MCDONALDS,C_01_035,train,ASL_Citizen/videos/72757382323778-MCDONALDS.mp4,72757382323778-MCDONALDS,419473,MCDONALDS,True,30.005,58,640,480,1.933,11.9076,0.125,0.0,
P7,06268304654457024-QUIET.mp4,QUIET,C_01_037,train,ASL_Citizen/videos/06268304654457024-QUIET.mp4,06268304654457024-QUIET,453030,QUIET,True,29.995,62,640,480,2.067,9.701,0.375,0.125,2.8979
P7,941439998918389-JACKET 3.mp4,JACKET2,K_02_079,train,ASL_Citizen/videos/941439998918389-JACKET 3.mp4,941439998918389-JACKET 3,599898,JACKET,True,29.972,85,640,480,2.836,23.3461,0.375,0.25,6.7957
P7,7473363153984902-DINOSAUR.mp4,DINOSAUR1,A_01_031,train,ASL_Citizen/videos/7473363153984902-DINOSAUR.mp4,7473363153984902-DINOSAUR,617264,DINOSAUR,True,30.169,89,640,480,2.95,15.1762,0.375,0.0,4.6458
P7,32927782949773055-WELL.mp4,WELL,D_01_009,train,ASL_Citizen/videos/32927782949773055-WELL.mp4,32927782949773055-WELL,579052,WELL,True,30.426,82,640,480,2.695,19.287,0.25,0.25,0.7249
P7,07190579430721389-HITCHHIKE.mp4,HITCHHIKE,J_02_034,train,ASL_Citizen/videos/07190579430721389-HITCHHIKE.mp4,07190579430721389-HITCHHIKE,354012,HITCHHIKE,True,17.142,42,640,480,2.45,18.6032,0.25,0.0,0.3202
P7,17659395377249743-CHAIR.mp4,CHAIR,A_01_017,train,ASL_Citizen/videos/17659395377249743-CHAIR.mp4,17659395377249743-CHAIR,1230495,CHAIR,True,26.94,152,640,480,5.642,30.1965,0.25,0.25,0.5509
P7,8910177559614034-APART.mp4,APART,E_02_033,train,ASL_Citizen/videos/8910177559614034-APART.mp4,8910177559614034-APART,606116,APART,True,29.973,88,640,480,2.936,16.8773,0.125,0.0,
P7,37889025706680046-SLIDE 2.mp4,SLIDE2,K_01_058,train,ASL_Citizen/videos/37889025706680046-SLIDE 2.mp4,37889025706680046-SLIDE 2,620500,SLIDE,True,30.0,90,640,480,3.0,17.6062,0.5,0.125,1.1861
P7,17996767705308603-LIPSTICK.mp4,LIPSTICK,B_02_046,train,ASL_Citizen/videos/17996767705308603-LIPSTICK.mp4,17996767705308603-LIPSTICK,496912,LIPSTICK,True,29.996,71,640,480,2.367,8.5294,0.375,0.0,1.2258
P7,17512772041011715-MOCK.mp4,MOCK,C_01_015,train,ASL_Citizen/videos/17512772041011715-MOCK.mp4,17512772041011715-MOCK,647353,MOCK,True,30.34,97,640,480,3.197,10.119,0.25,0.25,0.3487
P7,41662220243914705-NEW.mp4,NEW,B_02_070,train,ASL_Citizen/videos/41662220243914705-NEW.mp4,41662220243914705-NEW,722400,NEW,True,29.997,107,640,480,3.567,9.474,0.375,0.0,4.315
P7,16973271441039817-WOLF.mp4,WOLF,A_01_049,train,ASL_Citizen/videos/16973271441039817-WOLF.mp4,16973271441039817-WOLF,605009,WOLF,True,30.271,87,640,480,2.874,9.5327,0.375,0.0,1.6839
P7,0638032411056142-WOMAN.mp4,WOMAN1,C_02_028,train,ASL_Citizen/videos/0638032411056142-WOMAN.mp4,0638032411056142-WOMAN,516218,WOMAN,True,30.452,74,640,480,2.43,4.7575,0.0,0.0,
P8,8028016927072017-BRA 3.mp4,BRA3,K_02_039,train,ASL_Citizen/videos/8028016927072017-BRA 3.mp4,8028016927072017-BRA 3,930854,BRA,True,30.0,90,960,540,3.0,8.62,0.5,0.0,3.606
P8,446587380027766-GRAPES 2.mp4,GRAPES2,K_01_010,train,ASL_Citizen/videos/446587380027766-GRAPES 2.mp4,446587380027766-GRAPES 2,949168,GRAPES,True,30.312,94,960,540,3.101,21.7975,0.625,0.625,1.3785
P8,24362898130141986-DUCK.mp4,DUCK2,D_01_079,train,ASL_Citizen/videos/24362898130141986-DUCK.mp4,24362898130141986-DUCK,512331,DUCK,True,30.006,52,960,540,1.733,8.0014,0.5,0.0,0.3411
P8,8085575898898538-WASH 3.mp4,WASH2,K_02_024,train,ASL_Citizen/videos/8085575898898538-WASH 3.mp4,8085575898898538-WASH 3,1016285,WASH,True,29.997,98,960,540,3.267,26.5649,0.625,0.5,6.8703
P8,5235985845837987-BRA 2.mp4,BRA2,K_01_090,train,ASL_Citizen/videos/5235985845837987-BRA 2.mp4,5235985845837987-BRA 2,669766,BRA,True,29.997,92,960,540,3.067,10.2612,0.375,0.0,3.7654
P8,06056577522694706-REST ALL_DAY.mp4,RESTALLDAY,J_03_043,train,ASL_Citizen/videos/06056577522694706-REST ALL_DAY.mp4,06056577522694706-REST ALL_DAY,706019,RESTALLDAY,True,30.004,70,960,540,2.333,12.7539,0.5,0.0,0.8146
P8,388089591353721-FOREVER.mp4,FOREVER1,D_03_072,train,ASL_Citizen/videos/388089591353721-FOREVER.mp4,388089591353721-FOREVER,667662,FOREVER,True,30.651,64,960,540,2.088,11.2619,0.625,0.0,2.0573
P8,8101729040960248-MICROSCOPE 3.mp4,MICROSCOPE2,K_02_008,train,ASL_Citizen/videos/8101729040960248-MICROSCOPE 3.mp4,8101729040960248-MICROSCOPE 3,799637,MICROSCOPE,True,30.591,74,960,540,2.419,9.9703,0.5,0.375,0.8966
P8,5498802608265096-GRAMMAR.mp4,GRAMMAR,J_03_078,train,ASL_Citizen/videos/5498802608265096-GRAMMAR.mp4,5498802608265096-GRAMMAR,643995,GRAMMAR,True,29.995,62,960,540,2.067,15.3792,0.5,0.5,0.7387
P8,6435870891034039-CARROT 2.mp4,CARROT3,K_01_105,train,ASL_Citizen/videos/6435870891034039-CARROT 2.mp4,6435870891034039-CARROT 2,539032,CARROT,True,30.004,67,960,540,2.233,9.9354,0.625,0.0,3.2132
P8,08408059125780443-CRY 4.mp4,CRY3,K_03_060,train,ASL_Citizen/videos/08408059125780443-CRY 4.mp4,08408059125780443-CRY 4,641513,CRY,True,30.0,60,960,540,2.0,7.3388,0.75,0.0,0.8978
P8,9680722716555599-PENNY.mp4,PENNY,D_01_049,train,ASL_Citizen/videos/9680722716555599-PENNY.mp4,9680722716555599-PENNY,579869,PENNY,True,30.0,57,960,540,1.9,9.8335,0.5,0.0,1.8508
P8,3067629855363059-CLOSE EYES.mp4,CLOSEEYES,E_01_068,train,ASL_Citizen/videos/3067629855363059-CLOSE EYES.mp4,3067629855363059-CLOSE EYES,726314,CLOSEEYES,True,30.0,66,960,540,2.2,15.7354,0.625,0.625,2.3104
P8,6447861747943417-ROCKING CHAIR 2.mp4,ROCKINGCHAIR2,E_03_024,train,ASL_Citizen/videos/6447861747943417-ROCKING CHAIR 2.mp4,6447861747943417-ROCKING CHAIR 2,804823,ROCKINGCHAIR,True,30.603,74,960,540,2.418,17.4708,0.625,0.625,0.7998
P8,021563088386113316-BOOTS.mp4,BOOTS2,C_03_019,train,ASL_Citizen/videos/021563088386113316-BOOTS.mp4,021563088386113316-BOOTS,663253,BOOTS,True,30.0,72,960,540,2.4,19.1689,0.75,0.625,9.007
P8,7380427999191097-HALF HOUR.mp4,HALFHOUR,J_02_024,train,ASL_Citizen/videos/7380427999191097-HALF HOUR.mp4,7380427999191097-HALF HOUR,845703,HALFHOUR,True,30.0,90,960,540,3.0,12.4346,0.375,0.25,0.7656
P8,6579262515664734-WEIGH.mp4,WEIGH,D_03_077,train,ASL_Citizen/videos/6579262515664734-WEIGH.mp4,6579262515664734-WEIGH,864748,WEIGH,True,29.996,83,960,540,2.767,7.9851,0.5,0.5,1.2097
P8,07094542864791942-SHARPEN 1.mp4,SHARPEN1,H_03_060,train,ASL_Citizen/videos/07094542864791942-SHARPEN 1.mp4,07094542864791942-SHARPEN 1,775181,SHARPEN,True,29.996,77,960,540,2.567,12.0796,0.5,0.5,0.6992
P8,3493244013209136-TEACH 2.mp4,TEACH2,K_02_055,train,ASL_Citizen/videos/3493244013209136-TEACH 2.mp4,3493244013209136-TEACH 2,846123,TEACH,True,29.967,81,960,540,2.703,14.1729,0.5,0.5,1.1107
P8,8370733641565598-HOW.mp4,HOW1,D_02_082,train,ASL_Citizen/videos/8370733641565598-HOW.mp4,8370733641565598-HOW,854871,HOW,True,30.0,78,960,540,2.6,11.6366,0.375,0.25,3.5123
P8,4093273889476343-BISON.mp4,BISON,E_02_068,train,ASL_Citizen/videos/4093273889476343-BISON.mp4,4093273889476343-BISON,779081,BISON,True,30.004,73,960,540,2.433,24.198,0.625,0.625,2.4546
P8,403895128040205-DIVIDE.mp4,DIVIDE,E_02_018,train,ASL_Citizen/videos/403895128040205-DIVIDE.mp4,403895128040205-DIVIDE,680466,DIVIDE,True,29.977,64,960,540,2.135,9.1111,0.5,0.5,3.3786
P8,06401585297247392-BALL.mp4,BALL,C_02_044,train,ASL_Citizen/videos/06401585297247392-BALL.mp4,06401585297247392-BALL,783791,BALL,True,30.003,94,960,540,3.133,10.8336,0.5,0.5,1.0087
P8,2823794466134719-KNIGHT 2.mp4,KNIGHT3,K_01_053,train,ASL_Citizen/videos/2823794466134719-KNIGHT 2.mp4,2823794466134719-KNIGHT 2,711820,KNIGHT,True,29.996,71,960,540,2.367,11.1961,0.5,0.0,3.2517
P8,41448646806758704-BACK.mp4,BACK,D_03_029,train,ASL_Citizen/videos/41448646806758704-BACK.mp4,41448646806758704-BACK,613440,BACK,True,30.829,55,960,540,1.784,10.1469,0.625,0.0,3.2184
P8,4001378278154195-PHYSICS.mp4,PHYSICS,E_03_014,train,ASL_Citizen/videos/4001378278154195-PHYSICS.mp4,4001378278154195-PHYSICS,757155,PHYSICS,True,30.0,69,960,540,2.3,18.9321,0.625,0.625,0.8804
P8,579159472410089-PIZZA CUTTER.mp4,PIZZACUTTER,E_02_084,train,ASL_Citizen/videos/579159472410089-PIZZA CUTTER.mp4,579159472410089-PIZZA CUTTER,973014,PIZZACUTTER,True,30.402,93,960,540,3.059,15.6976,0.625,0.625,1.5751
P8,5298502182829976-SKUNK.mp4,SKUNK,G_01_032,train,ASL_Citizen/videos/5298502182829976-SKUNK.mp4,5298502182829976-SKUNK,574669,SKUNK,True,30.709,55,960,540,1.791,25.0035,0.5,0.0,4.0731
P9,6886634508506817-ROBOT.mp4,ROBOT,F_01_034,test,ASL_Citizen/videos/6886634508506817-ROBOT.mp4,6886634508506817-ROBOT,1055838,ROBOT,True,30.002,157,640,480,5.233,27.9174,0.5,0.0,20.4794
P9,9407578919530861-MAKE BELIEVE.mp4,MAKEBELIEVE,J_02_097,test,ASL_Citizen/videos/9407578919530861-MAKE BELIEVE.mp4,9407578919530861-MAKE BELIEVE,631078,MAKEBELIEVE,True,30.003,88,640,480,2.933,13.3716,0.375,0.0,1.3186
P9,26060946278971486-CUTE 1.mp4,CUTE2,B_03_087,test,ASL_Citizen/videos/26060946278971486-CUTE 1.mp4,26060946278971486-CUTE 1,677715,CUTE,True,29.922,100,640,480,3.342,9.2084,0.375,0.0,0.3452
P9,35867317948219957-PINEAPPLE.mp4,PINEAPPLE1,C_02_088,test,ASL_Citizen/videos/35867317948219957-PINEAPPLE.mp4,35867317948219957-PINEAPPLE,791548,PINEAPPLE,True,29.997,116,640,480,3.867,18.3011,0.5,0.375,2.5238
P9,0352695201193336-PEPSI.mp4,PEPSI,C_01_021,test,ASL_Citizen/videos/0352695201193336-PEPSI.mp4,0352695201193336-PEPSI,692647,PEPSI,True,29.971,104,640,480,3.47,12.0841,0.25,0.0,1.381
P9,029222318140726733-SHOUT 2.mp4,SHOUT2,K_02_084,test,ASL_Citizen/videos/029222318140726733-SHOUT 2.mp4,029222318140726733-SHOUT 2,570267,SHOUT,True,29.996,80,640,480,2.667,14.9249,0.125,0.0,
P9,6808582661766822-OFTEN.mp4,OFTEN,J_02_106,test,ASL_Citizen/videos/6808582661766822-OFTEN.mp4,6808582661766822-OFTEN,682170,OFTEN,True,30.003,100,640,480,3.333,12.5728,0.375,0.375,0.649
P9,30759692284144236-SIREN.mp4,SIREN,G_03_065,test,ASL_Citizen/videos/30759692284144236-SIREN.mp4,30759692284144236-SIREN,855088,SIREN,True,30.0,111,640,480,3.7,21.965,0.375,0.25,3.216
P9,7626466956618692-FAINT.mp4,FAINT,G_03_046,test,ASL_Citizen/videos/7626466956618692-FAINT.mp4,7626466956618692-FAINT,802896,FAINT,True,29.92,116,640,480,3.877,28.2293,0.375,0.0,7.4263
P9,5154326034616739-POLICEMAN.mp4,POLICEMAN1,A_01_052,test,ASL_Citizen/videos/5154326034616739-POLICEMAN.mp4,5154326034616739-POLICEMAN,796821,POLICEMAN,True,30.002,121,640,480,4.033,9.7826,0.25,0.0,0.0798
P9,01502565597484895-FLIP.mp4,FLIP,H_02_088,test,ASL_Citizen/videos/01502565597484895-FLIP.mp4,01502565597484895-FLIP,639275,FLIP,True,30.312,97,640,480,3.2,7.7989,0.375,0.0,2.7219
P9,7473108605818439-SINGLE.mp4,SINGLE,H_01_018,test,ASL_Citizen/videos/7473108605818439-SINGLE.mp4,7473108605818439-SINGLE,681668,SINGLE,True,29.997,104,640,480,3.467,8.0436,0.375,0.0,1.6592
P9,5515681081506727-SICK.mp4,SICK,B_01_072,test,ASL_Citizen/videos/5515681081506727-SICK.mp4,5515681081506727-SICK,642029,SICK,True,29.974,94,640,480,3.136,13.1354,0.25,0.25,0.0124
P9,6502992831454479-BULL.mp4,BULL,E_01_098,test,ASL_Citizen/videos/6502992831454479-BULL.mp4,6502992831454479-BULL,708689,BULL,True,29.922,100,640,480,3.342,10.985,0.5,0.0,4.2766
P9,3128555900687866-SHRIMP.mp4,SHRIMP,A_01_065,test,ASL_Citizen/videos/3128555900687866-SHRIMP.mp4,3128555900687866-SHRIMP,610063,SHRIMP,True,29.974,91,640,480,3.036,8.7759,0.375,0.0,3.3076
P9,2750035175797547-MY.mp4,MY,C_01_060,test,ASL_Citizen/videos/2750035175797547-MY.mp4,2750035175797547-MY,611476,MY,True,30.0,90,640,480,3.0,7.3594,0.5,0.0,3.2987
P9,34625809561800525-UNAWARE.mp4,UNAWARE,H_03_082,test,ASL_Citizen/videos/34625809561800525-UNAWARE.mp4,34625809561800525-UNAWARE,921034,UNAWARE,True,29.971,112,640,480,3.737,15.0983,0.375,0.0,2.0326
P9,5759660875076875-PAINTBRUSH.mp4,PAINTBRUSH,A_02_079,test,ASL_Citizen/videos/5759660875076875-PAINTBRUSH.mp4,5759660875076875-PAINTBRUSH,734856,PAINTBRUSH,True,29.918,106,640,480,3.543,15.2489,0.375,0.375,0.357
P9,6422051297319356-ADDRESS.mp4,ADDRESS,D_01_016,test,ASL_Citizen/videos/6422051297319356-ADDRESS.mp4,6422051297319356-ADDRESS,787334,ADDRESS,True,30.003,118,640,480,3.933,17.35,0.5,0.375,5.7851
P9,7861185887976607-PERSON.mp4,PERSON,B_01_066,test,ASL_Citizen/videos/7861185887976607-PERSON.mp4,7861185887976607-PERSON,1032470,PERSON,True,29.971,123,640,480,4.104,12.3017,0.25,0.25,1.1226
P9,2632070246864535-TRAFFIC.mp4,TRAFFIC,B_01_043,test,ASL_Citizen/videos/2632070246864535-TRAFFIC.mp4,2632070246864535-TRAFFIC,1108709,TRAFFIC,True,30.38,138,640,480,4.542,15.2257,0.625,0.0,10.61
P9,3105258368546291-REQUEST.mp4,REQUEST,E_01_024,test,ASL_Citizen/videos/3105258368546291-REQUEST.mp4,3105258368546291-REQUEST,654597,REQUEST,True,30.003,97,640,480,3.233,10.4009,0.375,0.0,2.5255
P9,91068661504467-TRIP 2.mp4,TRIP2,K_03_102,test,ASL_Citizen/videos/91068661504467-TRIP 2.mp4,91068661504467-TRIP 2,659977,TRIP,True,30.003,97,640,480,3.233,15.6037,0.5,0.375,3.4939
P9,1139444824516711-LAMP.mp4,LAMP1,D_03_037,test,ASL_Citizen/videos/1139444824516711-LAMP.mp4,1139444824516711-LAMP,699364,LAMP,True,30.417,99,640,480,3.255,24.5653,0.25,0.0,0.9067
P9,9876463030465903-PROBLEM 2.mp4,PROBLEM1,B_03_047,test,ASL_Citizen/videos/9876463030465903-PROBLEM 2.mp4,9876463030465903-PROBLEM 2,725152,PROBLEM,True,30.367,105,640,480,3.458,15.2311,0.375,0.375,0.14
P9,4207853041856162-FOR.mp4,FOR,B_03_049,test,ASL_Citizen/videos/4207853041856162-FOR.mp4,4207853041856162-FOR,779532,FOR,True,30.329,97,640,480,3.198,13.3371,0.125,0.0,
P9,17443784771536852-CANNON.mp4,CANNON,G_02_037,test,ASL_Citizen/videos/17443784771536852-CANNON.mp4,17443784771536852-CANNON,789923,CANNON,True,29.973,113,640,480,3.77,17.9491,0.375,0.25,0.7849
P9,16699107223038823-HABIT.mp4,HABIT,E_03_067,test,ASL_Citizen/videos/16699107223038823-HABIT.mp4,16699107223038823-HABIT,798844,HABIT,True,30.0,117,640,480,3.9,23.9188,0.625,0.25,6.6856
