video_id,ok,fps,n_frames,width,height,duration,motion_diff,det_rate,two_hand_rate,motion_wrist
7316392299762329-WATERDROP,True,29.996,77,640,480,2.567,9.632,0.25,0.0,1.4533
9533248897839621-BETWEEN,True,30.003,91,640,480,3.033,8.9614,0.375,0.0,3.0014
44178831586926837-MOSQUITO,True,30.0,93,640,480,3.1,12.6492,0.25,0.0,0.6221
7054741400093962-WILL GO,True,29.971,93,640,480,3.103,7.9457,0.25,0.0,0.4323
03369501517929252-PROPOSE,True,29.975,97,640,480,3.236,12.3619,0.25,0.125,2.3357
038446216989295845-WIDE,True,30.003,94,640,480,3.133,12.2643,0.25,0.125,2.2374
010850214999561736-CELEBRATE,True,30.003,112,640,480,3.733,16.5874,0.25,0.25,0.5164
42981546208191546-SQUARE,True,30.0,102,640,480,3.4,17.695,0.125,0.125,
996512226187074-EASY TO_DO,True,29.967,92,640,480,3.07,10.8348,0.375,0.25,2.0416
15890366051589533-APPLE,True,29.92,71,640,480,2.373,7.8503,0.375,0.0,0.4228
4520498201410337-BACKPACK,True,30.004,76,640,480,2.533,10.4573,0.375,0.375,1.7036
21344274764159632-ANYONE,True,30.004,79,640,480,2.633,6.8524,0.375,0.0,2.8054
031670126370264784-LICK ENVELOPE,True,29.996,80,640,480,2.667,12.6238,0.25,0.25,1.4744
49288220098651747-DOG,True,30.0,81,640,480,2.7,5.9022,0.375,0.0,0.9879
7809503445047001-BREAKFAST,True,29.996,77,640,480,2.567,6.5895,0.25,0.0,0.1525
37542279833186454-STINK,True,30.0,87,640,480,2.9,4.6472,0.375,0.0,0.4431
5290373884784241-HATBRIM,True,30.0,72,640,480,2.4,15.1146,0.5,0.0,4.2966
44939873429204336-CEMETERY,True,29.97,90,640,480,3.003,9.2575,0.375,0.25,4.9299
02808154918358552-PEACOCK,True,29.997,98,640,480,3.267,11.2847,0.25,0.0,0.2424
7448818785190525-CAPTURE,True,29.996,80,640,480,2.667,8.1137,0.375,0.25,2.6396
6343693205934693-SHORT WORD,True,29.996,80,640,480,2.667,15.2045,0.25,0.25,0.3093
5880724478842327-PARANOID,True,30.0,111,640,480,3.7,31.3448,0.375,0.375,1.4123
8221969382671432-SCOLD,True,30.004,85,640,480,2.833,9.0698,0.25,0.0,0.3882
19749527870729988-CLIENT,True,29.969,98,640,480,3.27,8.1045,0.125,0.125,
1676037390807208-GREET,True,30.003,109,640,480,3.633,32.0075,0.375,0.25,2.358
8212971647934255-SIGN PAPER,True,30.0,81,640,480,2.7,12.203,0.25,0.25,0.2846
23247991626849585-GYM,True,30.003,91,640,480,3.033,17.406,0.375,0.25,2.7067
001428415918161674-IMPROVE,True,30.383,91,640,480,2.995,10.5922,0.375,0.0,1.4027
7539638497657919-TOSS,True,29.997,89,640,480,2.967,15.1736,0.375,0.0,1.7534
021178261738775683-LICK ENVELOPE_2,True,29.839,146,640,480,4.893,25.9675,0.5,0.5,2.5501
2814557853552391-PRECIOUS,True,29.997,86,640,480,2.867,14.0093,0.5,0.5,1.0983
5811864245474216-WHISPER,True,30.0,120,640,480,4.0,34.2235,0.375,0.0,3.357
8445853412817497-NOSE BLEED,True,29.973,113,640,480,3.77,19.7495,0.5,0.375,4.2971
555557057295545-RESIGN,True,30.0,81,640,480,2.7,14.0546,0.375,0.375,0.4523
3605583978799616-MINIMUM,True,29.976,86,640,480,2.869,20.18,0.5,0.25,3.789
09828820324881482-PRACTICE,True,30.335,86,640,480,2.835,31.141,0.25,0.0,0.2518
305921157426585-BLOW,True,29.972,74,640,480,2.469,29.6465,0.125,0.0,
42092177013799237-CEMETERY,True,29.968,95,640,480,3.17,14.7717,0.375,0.375,1.8395
6095627327791597-EMPTY 2,True,29.975,97,640,480,3.236,19.9568,0.375,0.25,2.0712
6287079618715046-BETWEEN,True,29.996,74,640,480,2.467,28.7079,0.375,0.0,2.1253
30558124517083196-LONG AGO,True,30.366,102,640,480,3.359,14.3591,0.375,0.0,2.9878
1904873815978978-PILLOW 3,True,29.997,86,640,480,2.867,22.481,0.5,0.25,2.517
6790164094062809-SHAVE 4,True,30.003,106,640,480,3.533,18.8263,0.5,0.25,3.8816
3666834642627286-ASTRONAUT,True,30.0,87,640,480,2.9,16.0898,0.5,0.25,3.6513
47546125188749744-SQUARE,True,29.969,136,640,480,4.538,18.1246,0.625,0.375,1.94
9888762305099419-DOUBLE,True,30.003,91,640,480,3.033,15.1673,0.375,0.0,1.8141
5117619310612302-MAPLE,True,29.919,250,640,480,8.356,40.964,0.75,0.375,5.1497
06395508002745842-SNORKEL,True,30.363,91,640,480,2.997,27.9524,0.375,0.0,3.455
12044852047433174-INSTITUTE,True,30.0,96,640,480,3.2,15.8952,0.375,0.375,1.134
8843925372931778-FLASHLIGHT 3,True,29.97,109,640,480,3.637,20.597,0.75,0.25,7.2023
9055897783856317-DIFFERENT,True,29.975,83,640,480,2.769,18.3515,0.25,0.25,0.4701
7292482367362085-STAND 2,True,30.0,90,640,480,3.0,13.0622,0.375,0.125,2.038
5071931329705912-CHEW 2,True,29.971,93,640,480,3.103,25.2233,0.375,0.25,1.4155
11495417287006338-PULL CONVINCE,True,29.998,143,640,480,4.767,39.4669,0.5,0.5,2.5122
21575808056407753-CORNER,True,30.0,81,640,480,2.7,19.918,0.375,0.375,0.5412
16264087730273102-REMOVE,True,29.996,71,640,480,2.367,11.3497,0.375,0.0,2.0615
13159646710732065-NAVY,True,29.977,53,640,480,1.768,10.3071,0.25,0.25,1.1251
09512172323348755-REMOVE,True,30.0,45,640,480,1.5,12.1315,0.375,0.375,2.3672
5497508630223635-ALL TOGETHER,True,29.968,65,640,480,2.169,11.9653,0.25,0.125,1.3584
34994625300305815-STAY,True,29.932,44,640,480,1.47,8.4526,0.375,0.25,1.8044
3784745408237076-MILK,True,29.969,49,640,480,1.635,5.9742,0.25,0.0,0.1271
25714874269115295-BLOOM,True,29.979,56,640,480,1.868,11.8002,0.25,0.25,0.956
4747516197868804-SKIN,True,29.971,52,640,480,1.735,8.7692,0.125,0.0,
3056302859196467-STRAWBERRY 2,True,29.97,60,640,480,2.002,5.439,0.25,0.0,0.972
38009642185937564-CURTSEY 2,True,29.971,63,640,480,2.102,5.2524,0.375,0.0,0.8246
4565859971790316-WALL,True,30.0,42,640,480,1.4,7.8962,0.375,0.25,2.5193
8539244628879097-ABOUT 2,True,29.923,62,640,480,2.072,7.8324,0.25,0.0,0.1726
010491997198803782-SEE SEE,True,29.972,74,640,480,2.469,5.7741,0.25,0.0,0.1487
6227924595575061-UPLOAD,True,29.969,49,640,480,1.635,12.6322,0.25,0.25,1.4667
9214405974294881-DREADLOCKS,True,29.97,60,640,480,2.002,10.6384,0.5,0.25,5.6505
34430075224246837-BAG 2,True,29.974,58,640,480,1.935,12.7303,0.375,0.125,3.262
4586501986373326-HOME,True,29.97,60,640,480,2.002,9.0634,0.25,0.0,0.523
061750911557350685-ALCOHOL,True,29.971,52,640,480,1.735,9.9941,0.375,0.25,1.9562
7538688004095606-MISUNDERSTAND,True,29.974,47,640,480,1.568,5.7671,0.375,0.0,1.7528
5356590751985963-BRIGHT,True,29.968,57,640,480,1.902,8.3791,0.25,0.25,0.4492
5163303323951169-ROCK,True,29.922,50,640,480,1.671,6.8966,0.375,0.125,3.7659
09553222336557976-HANDSOME 3,True,29.996,74,640,480,2.467,8.7486,0.375,0.0,2.1811
31550032829167884-TRUCK 2,True,29.967,46,640,480,1.535,10.7235,0.5,0.25,5.121
20219847289059545-STUPID 1,True,29.925,48,640,480,1.604,8.1518,0.125,0.0,
8736526627821839-EXPRESS,True,29.963,48,640,480,1.602,6.3339,0.375,0.0,3.6357
9229236586644618-SARCASTIC,True,29.994,50,640,480,1.667,15.298,0.375,0.25,0.8817
004863715759637621-HELMET,True,29.932,44,640,480,1.47,16.3458,0.375,0.25,4.9215
04625975589048403-SOCCER 2,True,29.967,46,640,480,1.535,6.8868,0.5,0.25,4.9842
26604528436164676-BOWLING 2,True,29.974,47,640,480,1.568,8.7497,0.25,0.0,0.4543
6150062095177353-UPLOAD,True,29.973,66,640,480,2.202,12.608,0.5,0.375,4.2936
7502738277577992-ALARM,True,29.977,53,640,480,1.768,7.0717,0.625,0.375,1.3669
5087612535042978-FIGHT,True,30.005,61,640,480,2.033,9.7358,0.5,0.0,4.5012
7496447065789817-HOTEL,True,30.003,109,640,480,3.633,9.5935,0.375,0.25,1.6673
01290530886067165-PARENTS,True,29.97,60,640,480,2.002,8.9803,0.5,0.0,2.5639
3667327710276649-DEER,True,30.004,76,640,480,2.533,15.4065,0.375,0.25,3.1119
3539541476509367-SOAP,True,29.977,64,640,480,2.135,8.8899,0.375,0.375,0.3573
48764434217377106-TEACHER,True,29.975,61,640,480,2.035,12.0613,0.5,0.375,3.8791
6029451769485379-GRAPES,True,29.978,67,640,480,2.235,10.6475,0.5,0.375,3.0057
9670696859371226-BODY,True,29.995,62,640,480,2.067,8.3331,0.25,0.25,0.1464
9486655421389341-FIRST,True,29.994,50,640,480,1.667,6.3023,0.375,0.0,1.3739
7791424980867376-GOOD,True,29.977,53,640,480,1.768,5.3742,0.375,0.0,1.7716
40025411478786954-BOWTIE,True,30.004,70,640,480,2.333,9.2792,0.375,0.0,1.7402
02018925306549635-A LITTLE BIT,True,29.927,53,640,480,1.771,8.7457,0.5,0.0,17.2571
04054371959979797-CENTER,True,30.0,51,640,480,1.7,7.8129,0.375,0.25,2.9364
3406521362861936-DRYER,True,30.004,76,640,480,2.533,7.494,0.625,0.0,3.1159
30621099215646885-FLAG,True,29.995,62,640,480,2.067,12.0692,0.625,0.0,1.8331
24758144482774802-WHO,True,29.976,50,640,480,1.668,5.4976,0.5,0.0,1.2065
5973578983221044-HAMSTER,True,30.0,51,640,480,1.7,6.4704,0.375,0.0,0.4725
19039558672419843-WHEN,True,30.0,51,640,480,1.7,7.7846,0.5,0.375,2.554
6286630509591475-CERTIFICATE,True,30.589,55,640,480,1.798,9.2517,0.375,0.375,0.1719
7477453605531588-FEEL,True,29.919,52,640,480,1.738,6.4702,0.625,0.0,1.9526
6956446129755143-FLIP SWITCH,True,29.994,50,640,480,1.667,8.1473,0.375,0.0,0.8283
23960171827240861-WHISTLE,True,30.569,59,640,480,1.93,8.4008,0.375,0.0,0.155
19251166827026056-STRAWBERRY,True,29.974,58,640,480,1.935,9.3854,0.375,0.0,0.804
35455702192899774-LEARN,True,30.005,64,640,480,2.133,9.7902,0.375,0.0,2.805
0837225606034755-WATER SKI,True,29.996,77,640,480,2.567,8.8913,0.5,0.375,2.0646
490309511901436-HONK,True,29.995,62,640,480,2.067,9.4049,0.375,0.0,1.0229
47254428321033815-NOT MIND,True,30.0,132,640,480,4.4,11.1935,0.25,0.0,3.365
022354983429386133-CHAMP,True,15.003,75,640,480,4.999,7.9252,0.125,0.125,
807497670016361-CAKE,True,29.974,58,640,480,1.935,11.2027,0.375,0.0,0.9302
03616283033219392-PHYSICS,True,30.475,59,640,480,1.936,15.7249,0.5,0.375,3.006
45271353642946033-PIZZA CUTTER,True,29.917,94,640,480,3.142,14.9234,0.5,0.25,13.049
5575092774239518-FEED 2,True,30.761,66,640,480,2.146,9.0888,0.25,0.0,0.3243
7436623508280409-DIAPER,True,30.635,67,640,480,2.187,11.6145,0.375,0.25,5.83
26945502704397617-GIRAFFE,True,30.468,67,640,480,2.199,16.8815,0.375,0.0,2.0141
749256686029846-LEAVE,True,30.454,55,640,480,1.806,13.1999,0.375,0.25,3.4369
33927198866118635-SCRIPT,True,30.502,65,640,480,2.131,14.8254,0.375,0.25,1.6234
16793906083710386-LETTUCE 2,True,30.0,66,640,480,2.2,10.5684,0.375,0.0,0.4726
6922066006329073-DANCER,True,29.996,77,640,480,2.567,16.3211,0.25,0.0,4.7324
9763122886582376-BIND,True,30.004,73,640,480,2.433,8.8377,0.375,0.125,7.2631
05000362015724513-TWO WEEKS,True,30.0,69,640,480,2.3,12.0321,0.375,0.125,1.4428
5785099037486217-CLOSE EYES,True,30.005,61,640,480,2.033,15.4759,0.375,0.375,0.4245
748383999888639-DINING ROOM,True,30.004,79,640,480,2.633,8.819,0.625,0.125,5.3544
9846111472715839-RIDE 2,True,29.912,59,640,480,1.972,7.281,0.375,0.0,0.4396
755031246904718-LET KNOW,True,30.534,56,640,480,1.834,16.0854,0.375,0.125,6.6028
04233817642169213-DONT KNOW,True,30.362,62,640,480,2.042,13.8843,0.375,0.125,5.7213
17693535746396538-EITHER,True,30.427,53,640,480,1.742,6.6336,0.125,0.0,
10496504067219159-TOURNAMENT,True,30.534,64,640,480,2.096,14.0728,0.5,0.0,4.5405
5956139983741693-PLEASE,True,29.975,72,640,480,2.402,12.2632,0.375,0.0,1.5073
2849775584391827-DESSERT,True,30.004,67,640,480,2.233,7.6821,0.375,0.375,1.4566
4150910745199128-SCOOP,True,29.964,77,640,480,2.57,10.4088,0.0,0.0,
9743855332594995-MOP 2,True,29.97,71,640,480,2.369,12.6358,0.125,0.0,
6880585805336716-FLAG 2,True,30.414,58,640,480,1.907,9.3551,0.5,0.0,2.3533
5998700631365634-CAMERA,True,29.925,60,640,480,2.005,13.3067,0.375,0.25,2.4013
8082621375412273-SPIT OUT,True,30.322,47,640,480,1.55,4.4487,0.5,0.0,1.2887
6576010639886045-GIRL,True,29.994,53,640,480,1.767,9.1115,0.25,0.0,0.6112
7740108257847211-PRIDE,True,30.418,64,640,480,2.104,10.0181,0.25,0.0,0.1532
7950502065995313-FAULT,True,29.976,86,640,480,2.869,6.9353,0.375,0.0,2.2267
28645742627606263-AXE 2,True,29.998,197,640,480,6.567,21.4938,0.625,0.25,10.3047
052874934296611054-EUROPE,True,29.917,94,640,480,3.142,9.9091,0.375,0.0,1.9261
1343829873511997-CALIFORNIA,True,30.0,156,640,480,5.2,8.1942,0.375,0.0,2.3376
5804474557706663-CHIN 2,True,30.003,103,640,480,3.433,7.1623,0.375,0.0,0.3814
18825624699541077-CRY 3,True,29.973,146,640,480,4.871,16.6382,0.25,0.125,0.9011
9740758611731273-LOOK LIKE,True,30.0,108,640,480,3.6,15.6907,0.375,0.0,2.1256
8040555041132331-TRIM 2,True,30.003,106,640,480,3.533,13.5572,0.375,0.375,1.6485
6053145428088884-OPEN,True,30.414,174,640,480,5.721,11.8536,0.5,0.375,2.1374
8790279150116067-ALL,True,30.004,79,640,480,2.633,8.6781,0.375,0.25,3.5686
08427564057948222-FLOAT,True,29.97,109,640,480,3.637,11.9899,0.375,0.0,2.991
2865880121599427-HALF HOUR,True,29.998,197,640,480,6.567,14.8083,0.375,0.0,0.6772
5687279295950145-ABOUT 2,True,29.918,172,640,480,5.749,10.2132,0.5,0.5,0.3397
7495533920750443-FLAG,True,29.967,92,640,480,3.07,15.8431,0.375,0.125,1.7859
6613113262064576-BOTTOM,True,29.968,84,640,480,2.803,5.1737,0.375,0.0,0.7955
8082644399729977-DORMITORY,True,29.998,170,640,480,5.667,13.1547,0.375,0.0,2.7513
3565718036435941-SOMERSAULT,True,29.916,185,640,480,6.184,23.1411,0.375,0.25,2.538
2935799876191909-FORM,True,29.918,165,640,480,5.515,11.5173,0.125,0.125,
16681110982835512-LICK 1,True,30.237,140,640,480,4.63,29.1481,0.5,0.25,2.0866
4872502911936374-STRETCH 1,True,29.924,98,640,480,3.275,10.9606,0.5,0.125,4.2476
7698688743700464-BOARD,True,29.998,146,640,480,4.867,16.27,0.25,0.0,1.1217
3986572966680024-MEETING,True,30.001,211,640,480,7.033,7.7537,0.25,0.25,0.0995
45613275919189045-DUCK,True,29.998,176,640,480,5.867,14.5319,0.375,0.0,0.6701
08034777213813338-SOPHOMORE,True,29.998,146,640,480,4.867,12.7135,0.25,0.25,0.2821
8028704230157644-HAPPEN,True,29.969,155,640,480,5.172,19.6978,0.375,0.25,4.1209
7213381501215772-LEAVE ALONE,True,30.004,85,640,480,2.833,7.3675,0.375,0.25,3.5031
2612656121658259-GOLD,True,30.603,94,640,480,3.072,5.6673,0.375,0.0,1.8075
3108896149851206-DEPTH,True,30.002,166,640,480,5.533,27.2316,0.375,0.25,4.5912
2141395102507424-SARCASTIC,True,29.995,65,640,480,2.167,17.0831,0.5,0.375,2.0194
516787085039579-WHY NOT,True,29.995,56,640,480,1.867,8.1614,0.5,0.0,2.5982
42865044409237596-UNCERTAIN,True,29.915,63,640,480,2.106,9.0396,0.5,0.375,2.501
852274863060462-PEPSI,True,30.005,55,640,480,1.833,6.44,0.5,0.0,4.8451
8700779332488509-EGG BEATER,True,29.975,72,640,480,2.402,19.6162,0.5,0.0,0.6251
6833260084540722-STRAWBERRY 2,True,30.004,79,640,480,2.633,8.055,0.5,0.0,1.7889
6777068978717664-ROCKET 1,True,30.004,76,640,480,2.533,15.1759,0.625,0.125,4.9664
6679139031479595-TUBE TOP,True,29.92,71,640,480,2.373,18.3288,0.5,0.375,7.1214
48604078466345424-NEXT,True,30.0,72,640,480,2.4,15.0375,0.375,0.375,1.7967
30815259237743664-WINDOW,True,29.996,71,640,480,2.367,13.9409,0.5,0.375,1.6886
10738275775367034-DROP,True,30.0,57,640,480,1.9,13.5819,0.625,0.375,6.4208
27262770774597556-CAN,True,29.994,53,640,480,1.767,10.6241,0.5,0.25,5.575
8764310647431719-DROWN 4,True,29.995,65,640,480,2.167,16.0729,0.625,0.375,4.5494
5669441504120689-ALL WAY,True,29.996,74,640,480,2.467,11.8612,0.5,0.0,3.9274
6579643332523333-DISNEY,True,30.0,81,640,480,2.7,13.5173,0.5,0.0,1.1117
9855148784500478-SOON,True,30.004,73,640,480,2.433,11.8168,0.375,0.0,0.3238
8916774360115496-FINS,True,29.974,105,640,480,3.503,11.9839,0.5,0.125,5.8303
774643014335272-BINOCULARS,True,30.0,69,640,480,2.3,10.5665,0.375,0.375,0.1483
7232130288023519-HARMONICA,True,30.0,87,640,480,2.9,13.0725,0.625,0.375,4.057
9174856064075789-SIT,True,30.004,70,640,480,2.333,19.9591,0.625,0.5,2.6561
3707142118611746-MEA CULPA,True,29.968,76,640,480,2.536,13.5598,0.5,0.375,1.6213
5751192926488522-POTATO,True,30.0,99,640,480,3.3,13.0062,0.375,0.25,2.0966
5650868043704504-NINE,True,29.968,57,640,480,1.902,15.1163,0.5,0.0,1.1428
38149155339177043-MEAN 1,True,29.967,73,640,480,2.436,12.6929,0.375,0.375,0.6071
5232855079818777-WASH 1,True,30.004,85,640,480,2.833,13.8027,0.625,0.5,2.1133
8025431070005722-ADVERTISE,True,30.005,64,640,480,2.133,12.9953,0.625,0.125,2.9209
08694365369994972-WELCOME,True,29.995,59,640,480,1.967,9.3968,0.5,0.0,2.2819
019727237235516837-OCTOPUS,True,30.583,66,640,480,2.158,19.7486,0.625,0.375,2.7737
3810281455305067-SLINGSHOT,True,30.392,83,640,480,2.731,9.8317,0.375,0.375,0.7283
3461616334585582-CAT,True,30.397,50,640,480,1.645,4.3552,0.875,0.0,1.4951
35219813299833724-EYES AWAKE,True,29.67,83,640,480,2.797,10.2862,0.375,0.375,1.6706
35179633539022714-ARCHEOLOGY,True,29.919,85,640,480,2.841,14.0254,0.5,0.375,2.423
8096128850912345-VASE,True,30.875,67,640,480,2.17,15.3151,0.375,0.375,4.6073
19555143420060128-DESERT,True,31.293,67,640,480,2.141,13.7929,0.625,0.375,5.5283
010432200517740853-ALL DAY,True,30.806,77,640,480,2.5,10.7691,0.25,0.0,1.0997
44574021400878805-HOLD TOGETHER,True,28.31,67,640,480,2.367,9.8036,0.375,0.25,3.8529
9660722441175273-KNOW,True,29.917,47,640,480,1.571,7.7459,0.5,0.0,0.7153
8514466788298789-STORY 2,True,30.875,67,640,480,2.17,12.1458,0.375,0.25,2.4485
2644534224610522-MOTORCYCLE,True,30.117,65,640,480,2.158,9.2722,0.375,0.375,0.6557
08091812466088366-SENIOR CITIZEN,True,29.972,85,640,480,2.836,12.881,0.375,0.0,1.552
41980765299643896-LINE,True,29.974,58,640,480,1.935,19.832,0.25,0.125,3.6587
9743425494824138-SWORD,True,28.979,68,640,480,2.347,9.5365,0.375,0.0,2.9553
6597986411171235-SKIN,True,29.677,47,640,480,1.584,5.2981,0.5,0.0,1.6755
16258110248572089-STRESS,True,30.809,71,640,480,2.305,5.7752,0.625,0.0,3.992
3553839371878009-LUNCH,True,28.422,84,640,480,2.955,7.1101,0.25,0.0,0.1967
5680509348047644-WASH 1,True,29.966,70,640,480,2.336,9.1091,0.5,0.0,2.0338
40405734671318805-BUT,True,29.784,55,640,480,1.847,8.6064,0.375,0.25,1.1525
6943777071046873-PLATFORM,True,30.454,74,640,480,2.43,12.9861,0.25,0.125,5.0348
18890991904023569-BRICK,True,30.004,85,640,480,2.833,14.2097,0.375,0.375,0.3289
707849793047042-TOP,True,30.0,63,640,480,2.1,14.2665,0.5,0.5,1.3054
658547069240617-SWALLOW,True,29.3,55,640,480,1.877,3.5904,0.125,0.0,
8344447734565208-OWN,True,30.464,58,640,480,1.904,5.7413,0.375,0.375,0.723
9853094630259003-A LITTLE BIT,True,28.137,51,640,480,1.813,3.3088,0.625,0.0,1.5826
5589083628708851-SURGERY,True,30.396,70,640,480,2.303,5.2779,0.375,0.25,1.4448
6984219857516545-DINNER 2,True,28.353,53,640,480,1.869,4.4793,0.5,0.0,2.4652
9549894242903887-CAMCORDER,True,27.89,70,640,480,2.51,10.6598,0.5,0.0,2.0821
2988419768251245-ENVELOPE,True,25.0,73,640,480,2.92,11.0398,0.25,0.125,1.4912
21823547164671253-DORMITORY,True,25.0,53,640,480,2.12,6.9091,0.5,0.0,1.2927
23421385935048922-STAY,True,25.0,76,640,480,3.04,11.2196,0.25,0.25,3.4963
45570169792125337-CHIMNEY,True,25.0,77,640,480,3.08,18.465,0.125,0.0,
6763688669120533-HOLD 2,True,25.0,75,640,480,3.0,9.8234,0.125,0.0,
24716742512501555-FORK 4,True,25.0,73,640,480,2.92,10.207,0.375,0.25,3.7625
6359168168399791-STACK,True,25.0,74,640,480,2.96,11.5843,0.375,0.375,1.69
30580085699561765-MIND TURNED,True,25.0,78,640,480,3.12,13.4945,0.375,0.125,4.2579
4052172247333312-MEAT,True,25.0,77,640,480,3.08,9.1948,0.375,0.25,2.4788
3074137796806018-LICK 2,True,25.0,73,640,480,2.92,13.3417,0.125,0.0,
059544061711185536-BOW 2,True,25.0,58,640,480,2.32,11.796,0.25,0.0,0.1434
6380007697228789-BANANA 4,True,25.0,82,640,480,3.28,8.2843,0.375,0.25,1.1015
9692887591234911-RIDE 1,True,25.0,71,640,480,2.84,10.0393,0.25,0.125,2.8559
6816940223298953-TEACH,True,25.0,78,640,480,3.12,11.9892,0.25,0.25,0.2447
7528199913527911-GRANDFATHER,True,25.0,67,640,480,2.68,8.2313,0.375,0.0,2.1355
27053453929701443-SELF,True,25.0,70,640,480,2.8,11.1672,0.0,0.0,
1297137006151603-BEARD,True,25.0,73,640,480,2.92,13.4508,0.125,0.0,
699504082678422-GESTURE,True,25.0,73,640,480,2.92,12.0826,0.5,0.25,6.9425
3221478565629188-PEANUT BUTTER,True,25.0,67,640,480,2.68,13.5005,0.0,0.0,
3667496042411382-US,True,25.0,59,640,480,2.36,7.2829,0.375,0.0,2.3199
9526180645276527-MAPLE,True,25.0,74,640,480,2.96,8.2765,0.375,0.0,1.5306
8075636170068727-MEGAPHONE,True,25.0,77,640,480,3.08,10.9378,0.25,0.125,0.9199
5025175662912476-FIT,True,25.0,40,640,480,1.6,8.1512,0.125,0.125,
3772519822120497-BAT 1,True,25.0,81,640,480,3.24,9.8955,0.375,0.25,0.6599
7314175455278578-CITY 2,True,25.0,81,640,480,3.24,12.2366,0.375,0.25,3.5702
5586203147728446-FOLD,True,15.171,48,640,480,3.164,10.5765,0.375,0.125,6.3369
9846579401543398-OPTION,True,25.0,72,640,480,2.88,10.4362,0.375,0.25,3.1521
22162621053334486-SAXOPHONE,True,25.0,68,640,480,2.72,12.9553,0.25,0.25,0.3796
5754567070291534-EXPERIENCED,True,29.916,124,640,480,4.145,5.3137,0.25,0.0,0.54
7338422160028957-TOUCH,True,30.002,133,640,480,4.433,7.0984,0.5,0.125,2.4343
2951366960825246-COOL 5,True,29.919,163,640,480,5.448,8.2986,0.375,0.25,3.8908
5739517401420167-SOMERSAULT 2,True,30.003,94,640,480,3.133,15.4774,0.5,0.125,1.7906
5233007014342965-FOREIGNER 2,True,29.997,104,640,480,3.467,15.1635,0.375,0.125,3.9694
2784088169530947-SQUEEZE,True,29.997,89,640,480,2.967,10.2518,0.125,0.0,
8051591014458779-YUCKY,True,30.0,96,640,480,3.2,10.2602,0.375,0.0,1.1247
33862989862667203-SMART,True,29.997,92,640,480,3.067,12.2818,0.375,0.0,0.6865
5922184346134158-STUMBLE,True,30.003,97,640,480,3.233,15.877,0.0,0.0,
6878225845673043-GOD,True,29.996,68,640,480,2.267,10.4239,0.375,0.0,5.4058
27440062785659736-SNEAK ADVENTURE,True,29.997,110,640,480,3.667,14.2212,0.5,0.25,4.0354
25342203817340914-CEMETERY,True,29.997,98,640,480,3.267,14.1062,0.375,0.25,2.1717
2403200169934374-FRUIT,True,30.0,66,640,480,2.2,7.3148,0.5,0.0,0.9718
664062330171346-BULLSHIT,True,30.0,78,640,480,2.6,7.4479,0.25,0.0,0.3575
08144085517709909-CONTACT,True,30.0,99,640,480,3.3,12.2253,0.375,0.375,0.8348
688679913120271-BUDGET,True,30.0,75,640,480,2.5,14.5464,0.375,0.0,1.8381
38338333055385543-KISS,True,30.004,82,640,480,2.733,11.0843,0.25,0.0,0.9097
5350834216995568-SCOLD,True,30.005,61,640,480,2.033,8.3098,0.0,0.0,
852430932507646-MELT,True,30.004,85,640,480,2.833,11.7223,0.25,0.0,2.5084
047472429761362234-BEAT,True,29.997,86,640,480,2.867,12.9167,0.375,0.25,1.8033
4278679986788423-TOAST,True,30.003,91,640,480,3.033,13.7059,0.375,0.25,0.9943
11796615994529458-CUT 1,True,30.004,82,640,480,2.733,10.7846,0.0,0.0,
6826258161065177-JUICE 2,True,30.004,79,640,480,2.633,6.0444,0.125,0.0,
1539889041911875-NIECE,True,29.997,86,640,480,2.867,5.9182,0.125,0.0,
5271337915127323-BETWEEN,True,29.996,77,640,480,2.567,10.1459,0.375,0.125,4.9382
43906920357718193-FUNNY,True,30.0,84,640,480,2.8,6.1719,0.375,0.0,0.2249
25295405922217484-SSHH,True,30.008,40,640,480,1.333,8.153,0.5,0.0,0.2435
9125765686624716-WINDMILL 2,True,29.996,80,640,480,2.667,12.2721,0.5,0.125,1.8491
024323154983688866-FINS,True,29.997,101,640,480,3.367,16.8522,0.5,0.0,0.714
2976572701080633-TOY 3,True,30.003,91,640,480,3.033,7.5143,0.375,0.0,0.7349
1557496585220337-CONFIDENT,True,29.996,77,640,480,2.567,15.086,0.375,0.125,2.0349
5361592700937574-SUSPEND,True,29.996,74,640,480,2.467,14.4777,0.25,0.25,0.3167
7269716313708894-GUITAR,True,30.376,100,640,480,3.292,7.2556,0.5,0.125,6.7029
6132938796324525-SPAIN,True,29.922,100,640,480,3.342,6.8341,0.25,0.0,0.4672
6946908145086745-WITCH,True,30.177,109,640,480,3.612,7.0236,0.5,0.375,2.4108
21805340389552041-ONE,True,30.44,74,640,480,2.431,4.8179,0.375,0.0,0.423
13649581059317928-WRING,True,29.997,119,640,480,3.967,12.9418,0.375,0.375,0.7318
6996725403158537-PROMISE,True,30.485,81,640,480,2.657,10.5535,0.375,0.0,1.2974
28936570496303693-CURTAIN,True,29.917,87,640,480,2.908,17.2669,0.5,0.0,17.8948
9632849776833439-SWEATPANTS,True,30.003,88,640,480,2.933,15.594,0.375,0.375,0.8839
11663723478466692-PAPER,True,30.269,83,640,480,2.742,13.6963,0.375,0.125,1.7702
025750019893586273-CIGAR,True,29.97,79,640,480,2.636,7.5442,0.5,0.0,2.7007
2769869558821827-GOOSEBUMPS,True,29.837,97,640,480,3.251,11.5721,0.375,0.0,0.9292
4694459057886864-PSYCHOLOGIST,True,29.919,85,640,480,2.841,10.3096,0.25,0.25,0.268
23189453067526755-CAMPING,True,30.438,95,640,480,3.121,12.3553,0.375,0.25,2.5893
1686358584355776-BIOLOGY,True,30.33,101,640,480,3.33,13.0732,0.625,0.25,7.0392
8426184502813288-LIVING ROOM,True,30.414,66,640,480,2.17,11.5372,0.375,0.25,1.7217
04148362333157696-RAZOR,True,30.355,107,640,480,3.525,14.0421,0.375,0.0,0.5185
1541688885627015-SHOVEL,True,29.968,95,640,480,3.17,13.7968,0.375,0.125,4.1525
4628193900204982-FAMILY,True,29.921,83,640,480,2.774,12.2382,0.375,0.375,1.0997
7821106037118901-PILL,True,29.965,78,640,480,2.603,7.2596,0.75,0.0,5.1097
41219248540666786-PLAYGROUND,True,29.972,96,640,480,3.203,13.0848,0.625,0.25,8.5078
2856172151834002-SPAGHETTI,True,30.476,80,640,480,2.625,10.6373,0.375,0.125,6.0994
2375926766805545-SURGEON,True,30.499,99,640,480,3.246,10.9358,0.625,0.25,4.7401
983866031425525-HOTEL,True,29.973,99,640,480,3.303,11.2698,0.375,0.375,0.4267
3260021777465052-UPSET,True,29.97,79,640,480,2.636,6.9889,0.25,0.0,1.2564
4484137705537934-WOLF,True,29.972,74,640,480,2.469,8.3768,0.5,0.0,1.7128
08581765593382995-AND,True,30.419,80,640,480,2.63,10.3785,0.5,0.0,4.9022
48663065192488286-GONE,True,29.997,110,640,480,3.667,9.2616,0.375,0.0,2.3922
8715834463781462-CLOUD 4,True,29.971,82,640,480,2.736,22.4731,0.375,0.0,5.4312
9919162985874896-THINGS,True,30.0,63,640,480,2.1,13.5017,0.25,0.0,1.1373
8910337639697272-DRAW,True,29.966,70,640,480,2.336,17.7065,0.375,0.375,1.009
02089045608184814-RESEARCH 2,True,30.006,52,640,480,1.733,9.8751,0.5,0.375,1.5976
8618976665727696-GOOD,True,29.977,64,640,480,2.135,12.1576,0.375,0.0,0.8125
4179194955314036-UPSET 1,True,29.967,54,640,480,1.802,12.3369,0.25,0.0,0.1621
7516760417598645-HERE,True,29.967,46,640,480,1.535,7.8888,0.375,0.0,7.3987
7514958791255617-HEAR 2,True,30.0,69,640,480,2.3,12.7736,0.5,0.0,1.4287
2363946724780117-BATHROOM,True,29.973,55,640,480,1.835,5.5194,0.375,0.0,0.609
8954385001170695-MONEY 2,True,29.915,49,640,480,1.638,7.9675,0.5,0.0,1.9909
6239479578306266-MUST,True,29.995,56,640,480,1.867,9.4971,0.375,0.0,1.261
9127680318757301-CATEPILLAR,True,29.922,69,640,480,2.306,12.8662,0.5,0.0,1.8277
1486827487330742-DIVORCE,True,30.0,51,640,480,1.7,15.3156,0.375,0.375,0.9804
3078108961994581-BANANA,True,30.005,64,640,480,2.133,8.4035,0.375,0.125,2.7483
3890024773524303-FROM,True,29.967,54,640,480,1.802,11.6235,0.375,0.375,0.2567
9106334650498322-PEG 2,True,29.919,59,640,480,1.972,16.5347,0.5,0.0,1.0437
3986527119882757-OPERATE MACHINE,True,29.973,55,640,480,1.835,9.96,0.25,0.125,1.0795
2556909729887695-CROSS 2,True,29.921,57,640,480,1.905,14.7233,0.5,0.125,2.7154
9863333527681413-BIND,True,30.005,61,640,480,2.033,21.1045,0.5,0.375,5.7826
17578216510347966-NIGHT 2,True,29.973,55,640,480,1.835,13.8789,0.5,0.125,1.1761
5142856534999343-LIVE,True,29.967,54,640,480,1.802,10.0399,0.5,0.25,4.9176
5961846166759068-QUEEN,True,30.005,58,640,480,1.933,16.4636,0.25,0.0,0.2851
024897946104871505-SHAVE 4,True,30.0,75,640,480,2.5,14.064,0.5,0.0,2.5728
051943333783201595-SHAME,True,30.0,51,640,480,1.7,17.9275,0.375,0.25,2.1681
2841573416884082-PARENTS,True,29.977,64,640,480,2.135,14.3331,0.375,0.0,0.5337
4501369047747459-GRAY,True,29.973,55,640,480,1.835,15.1316,0.5,0.375,2.7489
8539817083950729-KISS FIST,True,30.0,57,640,480,1.9,9.6046,0.5,0.0,0.7946
851295603065974-BRAIDS,True,29.926,65,640,480,2.172,15.8387,0.25,0.125,3.7143
030382519275116593-GLOVE,True,29.963,48,640,480,1.602,16.3937,0.5,0.375,3.8142
2613483374354193-CHEAT 1,True,29.992,38,640,480,1.267,14.5889,0.5,0.125,2.5148
3252030670454542-HAPPEN,True,30.0,66,640,480,2.2,9.7836,0.25,0.25,0.8043
44964320032500793-WINK,True,29.851,18,640,480,0.603,7.0059,0.5,0.0,1.1969
22096800930230853-TAKE PILL,True,29.995,59,640,480,1.967,5.0712,0.375,0.0,0.973
13670023646306428-PLAN,True,36.231,5,640,480,0.138,0.783,0.0,0.0,
329077968430902-MICROSCOPE 3,True,29.993,44,640,480,1.467,10.2659,0.625,0.25,3.6157
9779830169420081-RECENT 2,True,29.965,43,640,480,1.435,5.6993,0.625,0.0,2.4782
6595545521331994-DROWN 4,True,29.984,37,640,480,1.234,16.6958,0.75,0.125,10.2591
6350533209462139-BEG,True,30.008,37,640,480,1.233,5.313,0.25,0.0,1.3213
6314699471076366-RHINO 3,True,29.851,30,640,480,1.005,13.9845,0.625,0.0,1.9619
032199626229625355-INTERVIEW,True,30.0,39,640,480,1.3,8.0071,0.25,0.25,0.3138
4847783295177295-BULLSHIT,True,29.971,41,640,480,1.368,7.9807,0.25,0.0,1.1115
7813551932676803-CASTLE 4,True,29.994,47,640,480,1.567,16.5383,0.75,0.125,9.3782
7916911196504697-CROCODILE,True,30.0,30,640,480,1.0,8.416,0.25,0.125,0.5829
8769697933584131-SEAL,True,29.93,34,640,480,1.136,10.8828,0.5,0.25,2.5928
5809228474046126-GLOVES 2,True,30.0,42,640,480,1.4,13.9932,0.375,0.375,0.6959
17500941424357896-MENTION,True,29.971,41,640,480,1.368,7.1631,0.25,0.0,0.3867
7883149705967814-PEAS 1,True,30.0,78,640,480,2.6,28.8255,0.25,0.25,0.3353
9016572992958496-SLIPPER,True,30.0,48,640,480,1.6,6.4555,0.25,0.0,1.7733
14955544431282153-STEP,True,30.0,27,640,480,0.9,6.2596,0.25,0.125,1.2118
874219888165608-GONE,True,29.973,44,640,480,1.468,18.883,0.375,0.0,4.903
5414347966687401-GIVE,True,30.0,45,640,480,1.5,7.2898,0.5,0.0,3.4019
8861945363093837-DRIVE,True,30.007,46,640,480,1.533,9.1196,0.375,0.375,1.7248
8784779987144364-LEARN LESSON,True,30.006,49,640,480,1.633,11.7962,0.5,0.0,3.2067
1376153948003629-WAR,True,30.0,42,640,480,1.4,14.4093,0.5,0.375,1.7663
9583244272122073-TIE UP_1,True,30.008,40,640,480,1.333,10.1416,1.0,0.5,5.7725
7316117821107353-FIX,True,30.0,33,640,480,1.1,7.0269,0.375,0.125,2.0227
24482889897013416-SHOULD,True,29.921,83,640,480,2.774,8.9549,0.375,0.0,1.061
28075513256747153-COMPLAIN,True,30.0,75,640,480,2.5,9.3099,0.5,0.0,0.6465
7300374909571312-TWINS 2,True,30.517,82,640,480,2.687,8.6698,0.5,0.0,2.1042
22339821928230474-LIPREAD,True,30.004,85,640,480,2.833,10.0701,0.375,0.0,0.5502
35453002868935335-WANT,True,29.972,85,640,480,2.836,10.4365,0.25,0.25,0.6687
801881959346038-DRIP,True,29.966,89,640,480,2.97,13.569,0.5,0.0,4.259
4959112726356285-DEFLATE,True,30.003,88,640,480,2.933,15.1961,0.25,0.25,1.2918
25819043365766126-WHITE,True,30.004,85,640,480,2.833,9.4007,0.375,0.0,0.711
23716182400796115-IMAGINE 2,True,29.919,85,640,480,2.841,26.2989,0.5,0.125,3.5867
5745447946200066-ZIPPER,True,29.97,109,640,480,3.637,13.0226,0.5,0.25,4.6325
7907164374520792-PUMPKIN,True,30.004,82,640,480,2.733,12.7436,0.5,0.25,3.3272
7562211123461775-GOODY GOODY_SHOE_OPPOSITE,True,30.0,105,640,480,3.5,10.6532,0.375,0.0,0.8884
24565159688139726-SHOVEL 2,True,29.92,97,640,480,3.242,13.2732,0.5,0.375,6.7764
8476556944963114-LEARN LESSON,True,30.0,81,640,480,2.7,11.4475,0.375,0.0,1.0357
6321261628710224-EARRING,True,29.997,86,640,480,2.867,12.7796,0.375,0.375,0.8388
6315359849863915-FOLD 2,True,29.968,84,640,480,2.803,12.2332,0.5,0.25,2.2348
19837414249369867-MEXICAN 2,True,29.969,106,640,480,3.537,5.296,0.375,0.0,0.6948
07122475596334255-STUPID 2,True,29.996,71,640,480,2.367,8.3423,0.25,0.0,0.1618
24987375037364457-CLASH,True,29.841,92,640,480,3.083,13.3961,0.375,0.25,2.4078
5185900259146874-GREET 2,True,29.838,103,640,480,3.452,13.1529,0.375,0.0,0.768
10893572964272669-FENCE,True,29.997,86,640,480,2.867,12.5131,0.375,0.375,0.51
7529315993704004-SHAKE 2,True,29.97,90,640,480,3.003,11.7405,0.375,0.375,0.9692
17557107972668984-THROW,True,29.996,80,640,480,2.667,10.5711,0.375,0.0,1.5869
6516440506718324-ARGUE,True,30.003,97,640,480,3.233,13.6044,0.5,0.5,1.5481
08943176805099551-FAINT,True,29.997,86,640,480,2.867,14.6573,0.5,0.25,4.4646
38944618159202227-PUBLIC,True,29.973,88,640,480,2.936,11.7784,0.25,0.125,2.2156
27997886070919753-CHERRY,True,29.971,93,640,480,3.103,14.2699,0.375,0.375,1.5705
27610587173529866-CAMCORDER,True,29.919,78,640,480,2.607,14.8587,1.0,0.375,5.6908
07263724798158067-OK,True,30.0,87,640,480,2.9,5.7849,0.25,0.0,0.3745
5741595928657854-CATEPILLAR,True,29.915,84,640,480,2.808,7.2949,0.375,0.0,1.6801
8798347617281868-DRUG,True,29.97,79,640,480,2.636,5.9616,0.375,0.0,1.4043
4954934997721179-DEDICATE 1,True,30.003,94,640,480,3.133,8.7611,0.375,0.25,3.68
17863384977805907-INTENTIONAL,True,29.996,80,640,480,2.667,10.5577,0.5,0.25,3.7053
0918681566359909-COUCH 1,True,29.975,72,640,480,2.402,7.2517,0.375,0.25,0.9166
3691812206957721-HIS,True,29.969,87,640,480,2.903,7.8756,0.375,0.0,0.8764
5791886678990987-NECKLACE 2,True,30.0,87,640,480,2.9,8.3543,0.25,0.25,0.2286
5040135043820821-FRINGE,True,29.918,73,640,480,2.44,13.3567,0.375,0.375,1.9211
5881133915386045-STRAIGHT,True,29.971,82,640,480,2.736,5.1729,0.25,0.0,0.9586
14486467848103057-HEAD,True,29.974,80,640,480,2.669,6.9595,0.375,0.0,1.206
17395467594443925-ASSIST,True,29.968,76,640,480,2.536,7.9157,0.25,0.25,0.1508
011760337448920799-DELEGATE,True,30.314,79,640,480,2.606,5.8615,0.25,0.0,0.4446
48540607008190073-PINCH,True,29.924,79,640,480,2.64,7.3631,0.375,0.0,0.4608
11676508689979648-BASEBALL CAP,True,29.967,108,640,480,3.604,12.7367,0.375,0.125,2.4162
4416671657767606-TRANSGENDER,True,29.97,90,640,480,3.003,5.4946,0.375,0.0,0.2944
4149842585494192-AUTISM,True,29.916,89,640,480,2.975,6.8022,0.375,0.0,3.2147
8983882573815225-CURLY HAIR,True,30.004,82,640,480,2.733,9.5029,0.375,0.375,1.4308
05274277385875825-PAGE,True,29.97,109,640,480,3.637,20.1325,0.25,0.25,0.4153
22980047894924005-ROW,True,30.0,105,640,480,3.5,20.6723,0.125,0.0,
46851973820760406-HURRY,True,29.916,89,640,480,2.975,8.0287,0.375,0.25,4.2293
3790665114648748-CHILD,True,29.975,83,640,480,2.769,6.2327,0.25,0.0,0.4907
6204917158835743-THIS-IT,True,30.399,86,640,480,2.829,5.69,0.25,0.0,1.2507
285009674417388-CHEEK,True,29.972,85,640,480,2.836,5.7203,0.375,0.0,1.0458
6454413791940905-WADE,True,29.974,105,640,480,3.503,21.8582,0.375,0.25,2.9557
9979074205020877-FLAG 2,True,29.974,80,640,480,2.669,9.1842,0.25,0.25,0.3716
8609484892057226-PASS OUT,True,29.972,74,640,480,2.469,6.108,0.25,0.0,0.309
8055738811755428-ROLL,True,30.003,97,640,480,3.233,7.9273,0.125,0.125,
7522733686088139-CONDUCT 3,True,29.915,84,640,480,2.808,13.8713,0.5,0.0,0.8759
5300105912697515-SNOWBOARD,True,29.996,83,640,480,2.767,11.486,0.25,0.0,0.2433
07633341897365775-ARM 2,True,29.918,73,640,480,2.44,17.1735,0.375,0.0,1.3919
5240119414964028-GUN,True,29.925,48,640,480,1.604,10.8756,0.5,0.0,1.0332
6519376771182877-TAKE CARE,True,29.996,83,640,480,2.767,30.8187,0.125,0.0,
9274712811907311-CHRISTMAS 2,True,30.004,82,640,480,2.733,10.3401,0.25,0.0,0.6541
5828744081737898-HOT COMPETITION,True,30.0,72,640,480,2.4,15.6054,0.375,0.25,0.8114
41173718406987536-ROUGH,True,29.978,67,640,480,2.235,22.5118,0.5,0.25,4.9864
9707979892503713-PET,True,30.0,75,640,480,2.5,17.5533,0.5,0.5,0.4814
909744160097419-STRAWBERRY 4,True,29.926,65,640,480,2.172,9.8874,0.375,0.0,1.4001
805539638418231-SHARK 2,True,29.84,82,640,480,2.748,25.6811,0.5,0.0,4.5121
816562513264363-MEXICAN 2,True,29.851,54,640,480,1.809,14.6139,0.375,0.0,0.3505
6933082288931305-PET 2,True,29.996,68,640,480,2.267,18.4342,0.375,0.25,2.0435
5623747348948838-CORKSCREW,True,30.0,90,640,480,3.0,14.766,0.375,0.375,1.1152
03576929796159822-PARACHUTE 2,True,30.0,87,640,480,2.9,25.6262,0.375,0.375,3.0447
5468797197403967-SUCK,True,29.974,69,640,480,2.302,9.4991,0.25,0.0,0.2016
14991994807763365-WANT 2,True,30.0,78,640,480,2.6,18.3241,0.375,0.375,0.628
5592587158720241-HEAVY,True,29.924,79,640,480,2.64,18.921,0.5,0.25,6.9058
07953850215657421-DOLL,True,29.974,58,640,480,1.935,12.2999,0.25,0.0,0.5772
2699433875314887-FAN,True,30.0,75,640,480,2.5,19.1805,0.375,0.375,0.2757
36921482672854067-SCOOP,True,29.929,98,640,480,3.274,26.7027,0.375,0.25,4.943
35602501719585966-NECKLACE 4,True,29.996,83,640,480,2.767,16.2157,0.25,0.25,1.3734
0736334414323001-WANT,True,30.511,71,640,480,2.327,30.4401,0.375,0.25,2.8036
3794839118389779-SURE,True,29.993,44,640,480,1.467,6.8818,0.375,0.0,0.4028
7809450194110517-BOXING,True,29.924,79,640,480,2.64,21.0456,0.375,0.25,2.4842
99991643961242-ENTER,True,29.963,48,640,480,1.602,22.573,0.5,0.25,2.8311
9387720840122951-PICK 2,True,30.0,81,640,480,2.7,17.4992,0.5,0.0,3.8638
5087208567483212-BED 2,True,29.967,92,640,480,3.07,12.5036,0.25,0.0,0.2593
1653849129928131-HOUR,True,30.493,63,640,480,2.066,12.8321,0.25,0.0,0.6334
60747246290653-HOTEL,True,29.976,75,640,480,2.502,10.1529,0.5,0.375,0.7811
6072522325444725-PROGRAM,True,30.5,75,640,480,2.459,17.5585,0.5,0.125,3.8128
28791918942913153-HOSPITAL,True,30.567,49,640,480,1.603,7.7498,0.5,0.25,2.1111
5152555138873871-RELAX,True,29.997,92,640,480,3.067,22.0038,0.5,0.25,1.3524
7121020621449585-NOT YET,True,30.303,69,640,480,2.277,12.0128,0.5,0.0,3.422
005769659701755803-HOOD,True,29.995,62,640,480,2.067,11.9201,0.25,0.25,0.5452
1255607463856745-COMB 2,True,30.167,81,640,480,2.685,9.8875,0.375,0.0,1.1525
4108374953228524-ASSIST,True,30.682,49,640,480,1.597,13.5332,0.5,0.375,3.3966
12640693977123374-WHAT FOR 3,True,30.633,59,640,480,1.926,7.3932,0.5,0.0,1.1873
3328601746648887-JUNIOR,True,29.844,69,640,480,2.312,8.6657,0.5,0.25,2.7599
9980534066008455-DRIP,True,30.418,80,640,480,2.63,10.5467,0.25,0.0,0.7875
8144507474855118-GAY,True,29.995,56,640,480,1.867,7.7753,0.5,0.0,0.9053
8818692246347306-TIME TO_TIME,True,29.975,72,640,480,2.402,15.7259,0.25,0.0,1.6906
14972443306910987-SAILBOAT,True,30.269,110,640,480,3.634,15.0268,0.5,0.375,3.6375
9176096487640504-DRESSER,True,29.977,53,640,480,1.768,16.116,0.5,0.25,8.4165
8129039218162171-FRIENDS NO_MORE_1,True,30.605,46,640,480,1.503,8.9987,0.0,0.0,
6866629955836938-SLED 2,True,30.487,70,640,480,2.296,9.2672,0.5,0.375,5.5432
5442805404389628-PLAIN,True,29.915,56,640,480,1.872,11.8796,0.25,0.0,1.8781
5981004851899525-TRIPLE,True,29.966,70,640,480,2.336,10.5669,0.375,0.375,1.1281
7441792940149969-ACCENT,True,30.548,68,640,480,2.226,10.2273,0.5,0.0,1.2281
6834910213736938-FOUR,True,30.607,70,640,480,2.287,9.348,0.5,0.0,0.8794
5748285380978266-WHITE,True,30.571,69,640,480,2.257,12.563,0.375,0.0,0.8389
09174610448819931-REMOVE,True,29.973,66,640,480,2.202,11.7083,0.375,0.0,4.7786
058999595010684525-STAND,True,30.112,86,640,480,2.856,22.8397,0.5,0.25,4.5212
7553645418515984-QUEEN,True,29.923,74,640,480,2.473,13.1329,0.125,0.0,
839212640735971-FORK 3,True,29.826,73,640,480,2.448,11.271,0.5,0.0,2.3981
06103272779446778-TO A_GOAL,True,30.33,66,640,480,2.176,28.2014,0.375,0.25,2.4459
11657460636087569-BACK OUT,True,30.006,52,640,480,1.733,14.763,0.5,0.125,6.7418
00968363951887996-BLACKBIRD,True,29.996,68,640,480,2.267,18.4001,0.375,0.0,2.8198
09875475127812638-VAMPIRE,True,30.639,67,640,480,2.187,9.483,0.375,0.0,1.1421
41336773179443553-SQUIRREL,True,30.0,51,640,480,1.7,10.1876,0.5,0.25,1.8936
7828985429104123-THERAPY,True,30.004,67,640,480,2.233,12.1146,0.375,0.0,1.1365
047235574670296376-NEGATIVE,True,30.0,72,640,480,2.4,14.973,0.5,0.25,2.2518
27132753275576826-BUTTER,True,29.995,56,640,480,1.867,18.8733,0.375,0.25,2.029
3941506181751844-INTUITIVE,True,29.997,86,640,480,2.867,15.5014,0.375,0.0,0.8299
5478703794235356-GRANDFATHER,True,30.006,52,640,480,1.733,15.864,0.375,0.0,1.3781
29704943869452016-5 DOLLARS,True,29.973,44,640,480,1.468,16.0038,0.5,0.125,7.2427
15753838199844616-SNORKEL,True,30.0,54,640,480,1.8,10.214,0.5,0.0,0.6805
2317095680191732-CRANKY,True,29.974,69,640,480,2.302,9.5758,0.375,0.0,0.8659
3226681636511832-BAT 1,True,30.005,61,640,480,2.033,10.5673,0.375,0.375,0.4068
9069768452013343-CUP,True,29.994,50,640,480,1.667,15.2719,0.375,0.25,1.3225
27827419291378597-SYSTEM,True,29.979,42,640,480,1.401,16.5168,0.625,0.125,12.5547
3218922032497944-FRAME,True,29.994,47,640,480,1.567,22.0977,0.375,0.0,6.4609
6678333514547103-RUN,True,29.994,50,640,480,1.667,9.2105,0.5,0.25,2.962
2596651129021579-LOCKER,True,30.0,87,640,480,2.9,14.3185,0.5,0.375,2.2409
176638679135259-SALT,True,30.0,42,640,480,1.4,16.6097,0.25,0.25,0.3367
506681769364016-WHISTLE,True,30.007,43,640,480,1.433,10.0283,0.375,0.0,0.7922
4262602892542837-WHEEL,True,29.996,77,640,480,2.567,17.1933,0.25,0.125,3.6781
11609820861260678-GREAT,True,29.928,46,640,480,1.537,24.4174,0.625,0.5,4.004
4065631392847162-CURL 2,True,29.973,88,640,480,2.936,14.9433,0.25,0.0,0.1097
9450953555335202-LOOK FOR,True,30.005,55,640,480,1.833,11.207,0.375,0.0,1.5408
6821341497024629-TOY 3,True,29.995,59,640,480,1.967,11.6657,0.375,0.375,0.3611
06943596435697019-SHARP 2,True,29.994,53,640,480,1.767,16.4817,0.5,0.375,3.0439
8909498308332211-ROUGH,True,29.974,80,640,480,2.669,15.8308,0.375,0.125,2.5154
2798196533224553-PARK,True,29.994,47,640,480,1.567,18.3715,0.375,0.0,1.9156
7261947630331318-CONFUSED 2,True,29.997,95,640,480,3.167,9.3142,0.125,0.125,
3317999021135587-WHALE,True,30.0,78,640,480,2.6,14.717,0.125,0.0,
0737606061047138-FORK 4,True,30.004,67,640,480,2.233,8.7503,0.125,0.0,
1975707963298099-INTELLIGENT,True,29.997,110,640,480,3.667,11.9173,0.125,0.0,
39732214770379026-EVENT,True,30.003,115,640,480,3.833,6.2642,0.125,0.125,
4031271538153476-FRINGE,True,30.004,85,640,480,2.833,11.8469,0.125,0.0,
7774461863936801-LEMON 2,True,30.004,76,640,480,2.533,5.266,0.0,0.0,
906863324262768-OOH,True,30.0,66,640,480,2.2,6.4543,0.0,0.0,
8426325091539166-LOOK BACK,True,30.0,63,640,480,2.1,9.3554,0.25,0.0,1.0125
393358906917596-WET,True,30.0,60,640,480,2.0,7.1563,0.0,0.0,
7490351593392472-BORED 2,True,30.004,79,640,480,2.633,9.1035,0.25,0.0,0.0492
6979230117295063-EXPERIENCED,True,29.996,77,640,480,2.567,7.1893,0.25,0.0,0.178
8570864956852386-BELIEVE,True,29.995,65,640,480,2.167,10.5266,0.125,0.0,
35128043524759334-STORY 2,True,30.303,80,640,480,2.64,8.3732,0.0,0.0,
35128051881399136-SHOULDER 2,True,30.005,64,640,480,2.133,8.4692,0.125,0.0,
9330448975243035-DIVE,True,29.996,80,640,480,2.667,9.923,0.375,0.0,9.3045
25607543181339754-EIGHT,True,29.995,65,640,480,2.167,7.1173,0.25,0.125,0.9487
3492528032474007-ACQUIRE,True,30.0,66,640,480,2.2,10.5824,0.125,0.125,
13932747491897324-NOT UNDERSTAND,True,30.003,88,640,480,2.933,11.2615,0.125,0.125,
2716308980795006-CHEEK,True,29.997,98,640,480,3.267,9.3608,0.25,0.0,0.0711
18216346929203842-DUE,True,30.0,51,640,480,1.7,8.1385,0.25,0.125,1.3621
717983049133144-SYSTEM,True,30.0,78,640,480,2.6,10.8135,0.25,0.0,0.9137
30879866054162264-RAISIN,True,30.004,73,640,480,2.433,12.6531,0.25,0.125,0.9062
3245865454392025-EMPEROR,True,30.004,67,640,480,2.233,9.7514,0.125,0.0,
2340241990298375-THEATRE,True,29.996,68,640,480,2.267,7.7046,0.125,0.0,
19762578655236762-TRACTOR,True,29.996,80,640,480,2.667,9.6817,0.25,0.125,4.3946
5481020321682286-SHOOTING,True,29.996,80,640,480,2.667,12.4224,0.25,0.25,1.7202
009935710795037966-DONT CARE,True,30.004,85,640,480,2.833,7.0488,0.125,0.0,
5010277506765106-THROW 2,True,30.0,47,640,480,1.567,11.3576,0.25,0.0,1.0481
5496218468598357-THIRD 2,True,30.0,53,640,480,1.767,5.9932,0.25,0.0,0.0733
13508495109299656-TIME TO_TIME,True,30.0,66,640,480,2.2,7.5557,0.375,0.0,1.0301
7941809161745765-PINEAPPLE 3,True,30.0,55,640,480,1.833,6.6442,0.375,0.0,3.1212
7779340907944723-BACKYARD,True,30.0,54,640,480,1.8,10.7992,0.375,0.0,2.4484
26034382896433184-DEATH,True,30.0,45,640,480,1.5,7.0167,0.375,0.125,5.1321
010524094853455734-FUNCTION,True,30.0,50,640,480,1.667,13.4899,0.375,0.25,1.3287
10742868261760363-FAR,True,30.0,76,640,480,2.533,9.0387,0.375,0.125,3.3396
8118255695101648-REPLACE,True,30.0,78,640,480,2.6,7.6538,0.125,0.0,
7423185776105756-OVERWHELMED,True,30.0,86,640,480,2.867,10.4778,0.25,0.125,2.1181
5127366345735016-CATCH BASEBALL,True,30.0,87,640,480,2.9,17.09,0.5,0.25,5.0793
587855363585368-CHEAP,True,30.0,70,640,480,2.333,12.1327,0.25,0.125,0.9164
5649500289608069-AUNT,True,30.0,42,640,480,1.4,7.2931,0.25,0.0,0.2575
45494105303329446-GULLIBLE,True,30.0,42,640,480,1.4,9.0842,0.25,0.125,0.7665
3560362845851712-EVIDENCE,True,30.0,180,640,480,6.0,6.2412,0.0,0.0,
9521376433888893-TINY,True,30.0,54,640,480,1.8,6.0358,0.375,0.0,0.8867
16453891474644244-COUNTRY,True,30.0,58,640,480,1.933,9.6095,0.5,0.25,1.331
2677320449271332-BUILDING,True,30.0,44,640,480,1.467,12.9188,0.375,0.25,3.6574
04531232133700658-BOIL,True,30.0,41,640,480,1.367,8.057,0.375,0.25,2.2276
29008898923773474-FOOL,True,30.0,60,640,480,2.0,10.851,0.25,0.25,0.1941
059297171340684685-TYPE 2,True,30.0,47,640,480,1.567,11.081,0.375,0.125,2.3686
4230517548202062-TINY,True,30.0,42,640,480,1.4,9.0203,0.25,0.0,0.2528
4313899152640328-DOLL,True,30.0,69,640,480,2.3,4.7919,0.25,0.0,0.0692
31040648882762367-INTERPRET,True,30.0,58,640,480,1.933,8.9306,0.375,0.375,0.4867
2404786212034853-SOMERSAULT 2,True,30.0,54,640,480,1.8,12.786,0.375,0.125,1.4148
9187249050641424-WONDER,True,30.0,53,640,480,1.767,7.019,0.25,0.0,0.5104
6611543337662256-STOPWATCH,True,30.0,48,640,480,1.6,6.5479,0.375,0.0,1.1913
9055893563639139-ANIMAL,True,30.0,49,640,480,1.633,7.6938,0.25,0.25,0.1781
1061222091228593-POSITIVE,True,29.926,65,640,480,2.172,13.4829,0.5,0.375,1.606
30631094827175676-PUBLIC,True,29.924,55,640,480,1.838,12.3422,0.625,0.5,2.9105
5428285583666379-FILL OUT,True,29.916,75,640,480,2.507,12.4787,0.375,0.25,2.4991
654918035865115-REMIND,True,29.924,55,640,480,1.838,9.7787,0.5,0.5,0.3081
8701500917368665-SANDWICH 4,True,29.916,75,640,480,2.507,8.8866,0.625,0.125,3.8806
5485517768380099-RESPECT,True,29.922,69,640,480,2.306,11.5252,0.375,0.375,0.9657
018267844648954812-INFECTION,True,29.924,67,640,480,2.239,7.7441,0.375,0.0,0.646
5779414003559247-HOWL,True,29.92,97,640,480,3.242,8.4894,0.25,0.0,2.4718
2546649452021257-FIREMAN 2,True,29.927,53,640,480,1.771,8.6357,0.5,0.0,0.4296
19200164932132258-PERSPECTIVE,True,29.918,73,640,480,2.44,12.9209,0.375,0.25,2.7224
3329640333539472-FORMER,True,14.991,34,640,480,2.268,12.7441,0.625,0.0,6.4155
5193493546558337-BOW 4,True,29.916,75,640,480,2.507,6.9436,0.5,0.0,0.419
779270116068951-SMOKE,True,29.919,137,640,480,4.579,14.6262,0.0,0.0,
3361636904356675-CONFLICT,True,14.916,24,640,480,1.609,11.1854,0.5,0.375,3.4578
34003540415247-BOTHER,True,29.92,71,640,480,2.373,11.499,0.375,0.375,0.6742
2860874683723693-DIP 2,True,29.916,75,640,480,2.507,10.3184,0.5,0.375,4.0956
8051227351884445-FRIENDS NO_MORE_1,True,14.991,34,640,480,2.268,6.8897,0.375,0.0,1.2739
8692811075073006-SNAP STICK,True,29.92,97,640,480,3.242,9.0638,0.375,0.375,0.8856
005486008937211517-KISS 3,True,29.919,85,640,480,2.841,7.9172,0.25,0.125,1.5308
758767557802164-STRANGLE,True,29.917,61,640,480,2.039,16.7977,0.375,0.25,1.8942
6249265333085945-DONT NEED,True,29.916,75,640,480,2.507,10.1861,0.375,0.0,2.1073
44882715272655305-SHOOT,True,14.918,31,640,480,2.078,12.7537,0.5,0.125,3.7706
10957746383709255-MEDITATE 3,True,29.92,71,640,480,2.373,10.4884,0.5,0.375,3.6701
6673307168136524-BRICK,True,29.921,57,640,480,1.905,12.6488,0.5,0.5,0.8595
13495894286304289-GET OFF,True,29.916,75,640,480,2.507,11.0166,0.5,0.25,4.0634
3550392767477606-COME HERE,True,29.924,55,640,480,1.838,6.9541,0.625,0.0,1.452
7512768954786226-REMEMBER 2,True,29.922,81,640,480,2.707,15.1541,0.375,0.0,0.4867
01747536629977131-HIT 2,True,29.927,53,640,480,1.771,12.0903,0.5,0.25,2.4074
23211372703953126-QUALITY,True,30.004,67,640,480,2.233,10.1503,0.375,0.0,0.5538
039912185883166806-GIRAFFE,True,30.344,94,640,480,3.098,20.3065,0.5,0.25,5.3043
07560434947963057-DECIDE,True,30.003,100,640,480,3.333,16.9276,0.375,0.125,5.603
8346890378933758-TYPE,True,29.995,65,640,480,2.167,8.3937,0.5,0.375,2.039
43850886882252116-RING,True,30.003,115,640,480,3.833,18.9596,0.375,0.375,0.7411
9020241855207596-TEXT,True,29.915,49,640,480,1.638,7.8344,0.375,0.375,1.21
345583791808616-BUILDING,True,30.326,92,640,480,3.034,19.7436,0.5,0.375,2.9512
2773918184617812-HISTORY,True,29.917,61,640,480,2.039,9.3783,0.5,0.0,1.522
7892565684904602-BASEBALL,True,29.974,91,640,480,3.036,16.3205,0.5,0.25,2.7946
9470610987308501-SWEAR IN,True,29.921,57,640,480,1.905,15.3597,0.5,0.0,1.6194
8755135402821113-JUDGE,True,30.294,106,640,480,3.499,15.0866,0.375,0.25,6.4932
8952118356894752-NETWORK,True,30.005,61,640,480,2.033,10.9118,0.375,0.0,1.9431
9366544131853969-SPIDER,True,30.351,67,640,480,2.208,8.1717,0.125,0.0,
4011222472705527-FINANCE,True,30.355,61,640,480,2.01,7.3088,0.25,0.0,0.9433
15210514391491414-TOY 3,True,29.994,50,640,480,1.667,11.5163,0.375,0.25,2.0236
37214725621113587-AFTER,True,30.0,57,640,480,1.9,11.723,0.375,0.0,2.2283
3255443246485876-ALL OF_SUDDEN,True,30.005,58,640,480,1.933,8.8848,0.375,0.0,0.8941
6522978607836498-SOCCER 2,True,29.917,101,640,480,3.376,16.7826,0.375,0.375,0.6518
9040051793524237-ANALYZE,True,29.995,62,640,480,2.067,12.4143,0.25,0.125,1.638
1393491593629712-WRITE ON_WALL,True,29.922,100,640,480,3.342,12.2969,0.25,0.0,2.8586
4905356638303713-SUBTRACT,True,30.358,78,640,480,2.569,28.1729,0.5,0.375,2.7605
757280056166729-BLINDS 1,True,30.0,114,640,480,3.8,18.0823,0.5,0.25,6.5309
5524838166656827-UPSET 1,True,29.995,62,640,480,2.067,9.0985,0.375,0.0,1.8029
4383640919613434-HAMMER,True,29.834,81,640,480,2.715,13.1429,0.375,0.0,0.1225
9421543652220579-SLINGSHOT,True,29.843,59,640,480,1.977,13.1947,0.5,0.125,3.4344
20889177562039807-HONEY 1,True,29.925,60,640,480,2.005,10.3863,0.5,0.0,0.4274
6877292269537021-CHANCE,True,30.003,91,640,480,3.033,15.04,0.25,0.25,1.3254
742342157322158-SIGN,True,30.393,81,640,480,2.665,22.3275,0.5,0.375,4.3349
2669958341475147-TOOTHBRUSH,True,30.003,97,640,480,3.233,22.7759,0.375,0.0,0.7742
8658917739965404-HOLY,True,30.004,79,640,480,2.633,13.4981,0.375,0.25,6.7927
5434373870685856-SARCASTIC,True,30.0,87,640,480,2.9,19.8228,0.5,0.0,4.8833
7765696801587338-PANTS 2,True,29.997,101,640,480,3.367,13.3554,0.5,0.0,7.4908
7856949677720131-BETTER,True,29.995,65,640,480,2.167,9.5917,0.375,0.0,2.9599
7243206978076484-FEEL,True,29.917,87,640,480,2.908,10.5484,0.5,0.0,2.4343
11410437838123944-TOWEL,True,30.003,109,640,480,3.633,16.0248,0.5,0.125,13.9361
12975537483137067-EXPERT,True,29.969,106,640,480,3.537,17.5853,0.375,0.375,0.7678
4590326601471184-OPERATE MACHINE,True,29.915,84,640,480,2.808,22.2649,0.5,0.25,3.0111
5504349554292862-CHOP,True,29.975,83,640,480,2.769,10.9142,0.5,0.0,6.6609
6525872000407231-GIVE,True,30.315,72,640,480,2.375,9.8009,0.125,0.0,
8625931236128983-TRIANGLE,True,29.92,97,640,480,3.242,15.0283,1.0,0.375,7.574
26554711285709987-PET 2,True,29.915,91,640,480,3.042,17.9712,0.375,0.375,0.3347
3382560479288117-GLOW,True,29.915,77,640,480,2.574,19.3836,0.5,0.125,4.572
37101452545488844-STIMULATE,True,29.973,99,640,480,3.303,17.5491,0.375,0.375,0.7917
15507246363531402-TRUTH,True,29.976,75,640,480,2.502,16.4225,0.5,0.375,2.4027
5968075883322883-DRUM,True,30.0,96,640,480,3.2,15.1332,0.375,0.0,6.0474
727498759215023-CAR BATTERY,True,29.918,80,640,480,2.674,17.1335,0.25,0.125,4.0384
9023537490328555-LION,True,29.967,100,640,480,3.337,18.9707,0.375,0.0,4.4707
9605403754890867-PUNCH FACE,True,29.971,115,640,480,3.837,15.7738,0.25,0.0,0.9286
050737758048283066-CHEESE,True,30.003,94,640,480,3.133,14.8835,0.125,0.0,
48573729120857245-CUT 1,True,29.975,72,640,480,2.402,11.3098,0.375,0.0,2.3807
03939301224865832-ARMY,True,29.974,116,640,480,3.87,13.6549,0.375,0.0,0.9505
07278924081909288-SLIP,True,30.0,81,640,480,2.7,14.2611,0.375,0.125,3.9386
3069924527137442-STETHOSCOPE 4,True,29.996,80,640,480,2.667,19.1293,0.625,0.125,9.8968
9267756174185333-USE,True,29.971,93,640,480,3.103,13.0972,0.875,0.25,6.6066
5465824135998696-CRUMPLE,True,29.922,81,640,480,2.707,11.6789,0.375,0.25,0.9339
13137434883346333-GOODY GOODY,True,30.002,130,640,480,4.333,12.6481,0.25,0.0,0.4593
9344502427310482-ERASE 4,True,29.092,75,960,540,2.578,11.3534,0.375,0.0,2.7533
37845700568862717-WORSE,True,30.0,93,960,540,3.1,11.0837,0.375,0.125,4.2679
7468467023479382-BITE ON NECK,True,30.004,82,960,540,2.733,9.7861,0.25,0.0,0.0906
08490097279805808-ACCENT,True,29.996,80,960,540,2.667,7.7319,0.625,0.0,1.9638
2739545184180101-TUBE TOP,True,30.003,106,960,540,3.533,13.6916,0.375,0.25,2.4487
22151412384834845-STAPLER,True,30.0,102,960,540,3.4,9.8934,0.25,0.0,0.1857
5538288174206061-DIFFERENT,True,30.0,78,960,540,2.6,11.8059,0.375,0.375,1.2411
2483902459491516-JUGGLER,True,30.004,82,960,540,2.733,10.8817,0.375,0.375,2.4895
10967909428786782-SANDWICH 2,True,30.428,89,960,540,2.925,11.7408,0.375,0.0,1.2477
5795217194277364-CURL,True,30.116,103,960,540,3.42,14.3253,0.5,0.0,2.3483
013670101276912927-STRAIN 2,True,26.479,82,960,540,3.097,12.027,0.5,0.125,5.0525
7866967514545402-VISIT,True,55.0,182,960,540,3.309,10.4701,0.5,0.5,1.1472
05872954283088094-STOPWATCH,True,30.47,66,960,540,2.166,8.7976,0.5,0.0,1.4651
1257229740442749-ONE,True,29.995,65,960,540,2.167,8.6769,0.375,0.0,0.5151
7607090615698329-AGENCY,True,30.003,97,960,540,3.233,10.5064,0.375,0.375,1.0154
9191190263080842-INSIDE,True,30.466,80,960,540,2.626,14.4409,0.5,0.375,2.3349
1430667747091987-BANDAID,True,29.997,89,960,540,2.967,10.1744,0.5,0.5,0.6805
1596543216308992-PLANT,True,30.467,84,960,540,2.757,21.896,0.375,0.25,1.1429
10878458349393139-WITCH 2,True,28.401,92,960,540,3.239,11.5136,0.5,0.375,2.4249
30595440731440093-PINEAPPLE 3,True,30.197,78,960,540,2.583,12.1657,0.625,0.0,7.0853
8968694159235124-SAUCE,True,30.54,78,960,540,2.554,16.0413,0.5,0.5,2.658
53978014924093-PLOW,True,30.409,104,960,540,3.42,12.9969,0.5,0.375,5.5075
4173382688138636-PAGEANT,True,26.93,84,960,540,3.119,12.3607,0.25,0.0,3.2498
5227746277679197-LUNCH,True,30.0,90,960,540,3.0,11.288,0.5,0.0,2.2698
7572158547174597-HAD ENOUGH,True,30.004,79,960,540,2.633,11.3002,0.375,0.0,1.9064
2950155137984676-AUNT,True,29.995,59,960,540,1.967,9.961,0.625,0.0,3.8368
8253844758485249-FORK 4,True,28.843,95,960,540,3.294,10.8498,0.375,0.375,1.5984
7252710785099001-EMPTY,True,29.996,71,960,540,2.367,10.1206,0.375,0.25,0.4881
37298881254315974-MOUSE,True,29.998,179,640,480,5.967,8.8131,0.25,0.0,0.2937
5668554006802771-PROOF,True,30.391,173,640,480,5.692,12.9101,0.25,0.125,1.215
8721833911036878-SUBTRACT,True,30.366,136,640,480,4.479,12.6145,0.375,0.125,2.3873
2224891269486613-HELMET,True,30.366,201,640,480,6.619,11.2081,0.5,0.375,2.6019
45528286458817235-HOLD ACCOUNTABLE,True,30.0,147,640,480,4.9,6.7863,0.25,0.0,0.3164
12086989993131292-CASTLE 2,True,30.002,163,640,480,5.433,12.0324,0.25,0.125,3.0904
6084947240531422-FURNITURE,True,29.838,144,640,480,4.826,9.8722,0.25,0.0,0.5866
2700658056363756-FUZZY,True,30.002,175,640,480,5.833,12.2223,0.375,0.25,0.9788
050364485120873326-YES,True,29.916,265,640,480,8.858,20.5333,0.25,0.0,0.8846
7470769375854367-CAMPING,True,29.998,170,640,480,5.667,9.6453,0.625,0.25,10.099
37264589996632025-SWIM 2,True,29.97,158,640,480,5.272,19.3111,0.375,0.25,2.3991
018856090817386928-LAST WEEK,True,29.916,185,640,480,6.184,26.1731,0.25,0.25,1.6536
19862147081286285-STRESS,True,29.998,173,640,480,5.767,9.2422,0.25,0.125,1.0008
1380864475175092-LEAVE,True,29.97,128,640,480,4.271,12.7808,0.25,0.125,1.8961
6700164273736211-DEPRESS,True,30.16,160,640,480,5.305,16.6163,0.5,0.375,7.1964
8112046137026094-WASH HANDS,True,29.917,176,640,480,5.883,7.4359,0.5,0.125,3.3797
487230059518593-GENERATION,True,29.919,151,640,480,5.047,23.2463,0.5,0.125,8.1984
9148705103234003-CURTSEY 1,True,29.92,173,640,480,5.782,24.9695,0.5,0.5,1.2837
23325243527362427-SCULPTURE,True,30.002,154,640,480,5.133,11.2292,0.25,0.25,0.2851
5731680073234551-SIT,True,29.998,179,640,480,5.967,10.6617,0.5,0.25,4.33
2215504926132208-DEDICATE 2,True,29.918,193,640,480,6.451,28.1568,0.375,0.25,2.4169
27348331626333633-LIGHTS ON,True,30.0,201,640,480,6.7,17.2137,0.625,0.0,4.7899
739283887361468-LIVING ROOM,True,30.002,178,640,480,5.933,10.9756,0.5,0.25,1.4578
31905724451245576-WIDE,True,30.002,157,640,480,5.233,12.5922,0.375,0.375,1.3676
36163787483265875-FISHING 2,True,30.149,167,640,480,5.539,11.3538,0.5,0.375,2.1379
5823440181027557-CHEERLEADER,True,29.998,143,640,480,4.767,13.5172,0.375,0.25,2.2248
9652092264345256-MOP,True,29.916,218,640,480,7.287,15.1923,0.5,0.375,3.683
1450341846445946-WILL,True,29.969,155,640,480,5.172,8.4689,0.25,0.0,2.1276
18638607717808386-THINK OBSESS,True,29.924,98,640,480,3.275,24.5031,0.5,0.25,4.9906
34766944211365813-NEXT TO,True,30.003,91,640,480,3.033,18.7891,0.5,0.125,4.2153
8283977272549146-US,True,29.921,83,640,480,2.774,12.3426,0.375,0.0,1.9229
7827167414330105-SCAN,True,30.003,88,640,480,2.933,27.1768,0.5,0.25,2.6253
9232966419158455-FORM,True,29.917,87,640,480,2.908,29.0693,0.375,0.25,3.1047
24767290279241916-WHEEL,True,30.003,106,640,480,3.533,21.1352,0.375,0.375,2.5891
08921898720730481-WASH FACE_2,True,30.343,96,640,480,3.164,17.0774,0.5,0.375,3.6064
047595395336926805-TICKLE,True,30.0,75,640,480,2.5,17.5526,0.25,0.25,0.3861
12182154918733556-NECKLACE 2,True,29.835,85,640,480,2.849,19.4665,0.5,0.375,4.1789
3032066598240126-MODEL 2,True,30.379,101,640,480,3.325,16.5123,0.375,0.25,1.4426
7578829439834385-DRAG,True,29.916,82,640,480,2.741,17.5162,0.25,0.125,0.7578
6689516415039916-DINING ROOM,True,30.003,91,640,480,3.033,20.2624,0.5,0.125,5.0918
5150129874642921-HOODIE 1,True,29.918,80,640,480,2.674,26.3661,0.5,0.125,5.0004
9183489260287057-GRADUATE SCHOOL,True,29.921,83,640,480,2.774,17.0366,0.375,0.125,2.7117
7591468319033796-STUCK,True,30.0,93,640,480,3.1,8.0933,0.375,0.0,0.859
9957174056735818-ICE,True,30.0,90,640,480,3.0,11.0537,0.375,0.0,0.8624
3807392403933183-DECORATE 2,True,29.997,95,640,480,3.167,21.7169,0.5,0.25,5.0341
8914399445795747-REFRIGERATOR,True,29.916,96,640,480,3.209,20.7884,0.5,0.5,0.5432
9409335332982465-CHEW 2,True,30.003,112,640,480,3.733,13.936,0.5,0.0,1.293
09255709495802078-PLOW 2,True,29.921,76,640,480,2.54,18.1119,0.375,0.125,1.4662
8320036795386736-SNOWSUIT,True,29.997,104,640,480,3.467,27.0056,0.5,0.5,1.7054
9987577953873454-VLOG,True,29.922,81,640,480,2.707,21.2905,0.375,0.375,1.0406
6699399373187926-PLUG 2,True,30.0,84,640,480,2.8,21.1049,0.5,0.375,3.211
2967927583161576-CAPE,True,29.836,91,640,480,3.05,21.5127,0.5,0.5,2.3555
560166013298945-CALM,True,29.92,109,640,480,3.643,18.2167,0.25,0.125,3.8413
372047697852099-BURY 1,True,30.004,85,640,480,2.833,24.272,0.375,0.25,2.2113
06756947281854742-KICK,True,30.315,106,640,480,3.497,23.3345,0.25,0.0,0.3788
32856875079358927-BOTH,True,29.92,71,640,480,2.373,18.9969,0.5,0.0,3.4196
4350915588511477-ANGEL,True,30.004,79,640,480,2.633,16.6421,0.5,0.25,12.5568
5184056351148685-GLASS 2,True,29.845,75,640,480,2.513,17.2542,0.375,0.0,3.8834
05517506531728045-QUARTER,True,29.301,88,640,480,3.003,19.1441,0.625,0.0,5.2905
8815602855619156-CANDLE,True,29.972,74,640,480,2.469,17.8758,0.375,0.375,0.4647
2692293506290748-AUNT,True,29.996,83,640,480,2.767,12.5768,0.375,0.0,0.3744
2659315132690123-THIEF 2,True,29.919,52,640,480,1.738,17.7001,0.5,0.375,2.9333
12406400434709686-DRAG,True,29.917,87,640,480,2.908,22.2282,0.5,0.125,4.4352
1873480487563428-SHY,True,29.134,69,640,480,2.368,15.9839,0.625,0.125,2.817
5606056445428191-YAWN 3,True,29.996,83,640,480,2.767,18.3655,0.625,0.25,4.9405
00017673589179367788-OPINION 1,True,30.0,96,640,480,3.2,19.1567,0.375,0.0,0.9875
696940195955664-HAIR 2,True,29.918,127,640,480,4.245,14.0357,0.375,0.0,2.4862
541748559500123-FIRED,True,29.632,72,640,480,2.43,13.6025,0.375,0.125,2.9465
7614628544042368-ENGINEER,True,30.451,93,640,480,3.054,15.9334,0.25,0.25,0.3437
29950528019321676-MEDITATE 3,True,29.917,71,640,480,2.373,13.1358,0.5,0.25,4.6655
7208324617605038-STAR,True,29.996,74,640,480,2.467,19.0413,0.625,0.5,4.7548
31420820801211313-HAIRCUT,True,30.0,112,640,480,3.733,16.5091,0.25,0.125,2.2585
997954721971535-GUITAR,True,30.0,111,640,480,3.7,17.3344,0.5,0.125,2.9567
5146453858504663-HITCHHIKE,True,29.638,78,640,480,2.632,14.0918,0.5,0.0,3.1861
9704008172172962-PEN,True,30.004,76,640,480,2.533,16.4344,0.5,0.375,1.909
5936998846934827-DAY,True,29.974,58,640,480,1.935,19.0732,0.375,0.0,2.7644
9303413047721956-BLINK,True,29.838,107,640,480,3.586,21.327,0.375,0.375,1.8171
231622906532283-RESPECT,True,30.48,52,640,480,1.706,13.6313,0.625,0.125,5.7664
8630644173768907-WHAT FOR,True,29.757,66,640,480,2.218,10.3685,0.5,0.0,0.5404
22359151638273378-SURGEON,True,29.997,95,640,480,3.167,17.7224,0.5,0.25,5.9202
4408860384381912-HAD ENOUGH,True,30.0,63,640,480,2.1,13.9287,0.5,0.0,1.4133
0713137684139642-POLICEMAN 2,True,29.97,75,640,480,2.502,18.0037,0.5,0.0,0.5288
806007991311084-UMBRELLA,True,30.004,79,640,480,2.633,17.2267,0.625,0.375,4.1125
7640003074948891-BOWTIE,True,30.0,72,640,480,2.4,17.7267,0.5,0.5,0.536
2898575205735108-NUT,True,30.565,60,640,480,1.963,9.042,0.25,0.0,0.1219
8907590297918404-LESSON,True,30.004,67,640,480,2.233,10.8523,0.375,0.125,3.1389
2838122836795578-SUSPENDERS 2,True,29.973,55,640,480,1.835,10.6664,0.125,0.0,
763533172470803-MY,True,29.996,74,640,480,2.467,10.7442,0.25,0.0,0.0422
944625109900574-CLOUD,True,30.004,85,640,480,2.833,16.9218,0.625,0.125,3.8173
7641377252718362-FRIENDLY,True,30.0,54,640,480,1.8,13.3582,0.375,0.25,3.2331
1950169438794669-POWER,True,29.997,98,640,480,3.267,34.0389,0.125,0.0,
3496459990981846-SARCASTIC,True,30.004,82,640,480,2.733,10.3105,0.25,0.125,3.2055
8914696973773033-PREFER,True,29.996,77,640,480,2.567,7.7358,0.25,0.0,1.1865
9503407328753102-WINDMILL 2,True,30.0,63,640,480,2.1,11.1145,0.375,0.125,3.6449
7940687292855915-BOAT,True,29.995,65,640,480,2.167,9.0414,0.125,0.0,
7274963623472752-BUSY,True,30.005,58,640,480,1.933,9.5025,0.375,0.0,0.6339
7812619709131703-STRIPE,True,30.392,72,640,480,2.369,14.9038,0.125,0.0,
09828950745075504-WIFE,True,30.005,61,640,480,2.033,8.7694,0.25,0.125,0.9241
9119089584743578-WATER SKI,True,29.996,83,640,480,2.767,31.4474,0.25,0.0,4.0712
07550237967516482-NAME,True,30.487,60,640,480,1.968,9.675,0.375,0.375,0.5458
9559670026678313-ZIPPER,True,30.0,66,640,480,2.2,10.7513,0.125,0.0,
9202711012693181-SLEEP,True,30.269,81,640,480,2.676,10.07,0.25,0.0,0.4884
4401481526745743-KID,True,29.995,59,640,480,1.967,8.1973,0.375,0.0,0.2389
7669129569150939-BEANIE,True,30.496,67,640,480,2.197,18.8447,0.375,0.125,1.7341
28473618954601276-HUMOR,True,29.918,80,640,480,2.674,12.8642,0.5,0.0,1.1513
5395339411835125-NEWSPAPER,True,30.565,60,640,480,1.963,8.7116,0.375,0.0,2.758
5787844095877386-FALL 2,True,29.994,53,640,480,1.767,7.0717,0.375,0.0,1.8118
43064645973867144-BORED 2,True,30.0,87,640,480,2.9,38.0568,0.375,0.0,4.2391
1517359740656592-CATAPULT,True,29.996,83,640,480,2.767,13.262,0.375,0.0,3.0078
9022647882602894-EXCUSE,True,30.005,64,640,480,2.133,8.6834,0.375,0.25,3.2169
45681021228600605-LIFT 2,True,29.973,77,640,480,2.569,16.2402,0.375,0.0,3.3392
5946445520317383-SET UP,True,30.386,77,640,480,2.534,9.8276,0.375,0.125,2.6386
4508341798030795-WEAR,True,30.513,51,640,480,1.671,15.7983,0.375,0.125,3.3604
25122941989560554-PEACH,True,30.005,55,640,480,1.833,10.2446,0.5,0.0,1.9179
9858325161708861-HAPPY,True,29.996,74,640,480,2.467,13.5326,0.375,0.0,0.4876
052260060033033406-SHORT DISTANCE,True,29.915,56,640,480,1.872,11.3582,0.375,0.0,0.7814
37276206216745744-COME OUT,True,29.995,65,640,480,2.167,19.8651,0.375,0.375,0.8263
6696729548384996-SCARED,True,30.005,55,640,480,1.833,10.5377,0.5,0.25,3.9929
5315681575640829-GRAPES 2,True,29.995,65,640,480,2.167,12.5224,0.5,0.5,1.109
7724235446142758-TAKE PILL,True,30.793,71,640,480,2.306,5.8103,0.125,0.0,
11253304596671598-WIFE,True,29.994,53,640,480,1.767,14.7859,0.5,0.125,3.1126
09734878070308994-PINK,True,29.976,50,640,480,1.668,9.4001,0.25,0.0,0.4126
08723629719960146-MEXICAN 2,True,30.005,55,640,480,1.833,8.6881,0.25,0.0,0.0953
9615892409510356-CAMCORDER,True,29.971,63,640,480,2.102,11.5608,0.5,0.25,2.288
11173376429977999-JACKET 2,True,29.924,67,640,480,2.239,9.896,0.25,0.125,2.8357
20032450550143444-CAPTURE,True,29.994,53,640,480,1.767,14.0998,0.5,0.125,4.453
8809577301056204-TUBE,True,30.0,60,640,480,2.0,16.4417,0.375,0.375,0.4347
8686832123486647-SUIT,True,30.861,76,640,480,2.463,12.5272,0.375,0.125,5.4854
37353150802687796-DEDICATE 2,True,29.997,92,640,480,3.067,26.592,0.75,0.375,3.4474
9202276549000159-MOUSE,True,29.994,50,640,480,1.667,12.7179,0.5,0.0,1.885
5730224927631586-PSYCHOLOGY,True,29.995,62,640,480,2.067,12.6465,0.375,0.0,1.0371
43660769524074494-TURKEY,True,30.005,61,640,480,2.033,18.5987,0.5,0.0,1.7811
26457211156373295-FADE,True,30.005,61,640,480,2.033,15.5403,0.375,0.125,6.3469
8358916356218851-VERB,True,30.006,52,640,480,1.733,9.9333,0.375,0.0,0.8441
09714329486323847-NO,True,29.963,40,640,480,1.335,11.9676,0.375,0.0,1.0074
21287998395941665-DRY,True,30.004,76,640,480,2.533,12.3561,0.25,0.0,1.0898
1499127026337388-PARACHUTE 3,True,29.926,65,640,480,2.172,16.2484,0.375,0.125,1.9432
3240164926826339-LEAVE ALONE,True,30.007,46,640,480,1.533,14.7031,1.0,0.25,5.0875
988917436163661-GAMBLE,True,30.005,58,640,480,1.933,9.1506,0.375,0.0,2.4889
9484684824521701-BOW,True,30.0,75,640,480,2.5,37.0677,0.125,0.0,
20072447667273896-FIFTH,True,16.667,70,640,480,4.2,9.0868,0.25,0.0,0.4239
27103389535111955-DRINK 2,True,16.667,80,640,480,4.8,14.5179,0.125,0.0,
4381525865125082-WILL,True,16.667,55,640,480,3.3,9.7723,0.375,0.0,0.8917
3073298450723829-STETHOSCOPE 3,True,16.667,93,640,480,5.58,17.7021,0.5,0.25,4.1338
7931661907085596-SO,True,16.667,52,640,480,3.12,4.7315,0.125,0.0,
9997755331158287-GET IN_BED,True,16.667,58,640,480,3.48,17.9566,0.375,0.375,0.7363
9840276388705085-MOUTH,True,16.667,46,640,480,2.76,11.463,0.375,0.0,1.4525
36266006490335845-OVER,True,16.667,49,640,480,2.94,10.7133,0.375,0.125,1.6597
5931370711991422-MASSAGE,True,16.667,69,640,480,4.14,14.9908,0.375,0.375,1.4479
950812287551968-AUTISM,True,16.667,69,640,480,4.14,23.0566,0.375,0.125,4.9727
3882694619137228-FAN,True,16.667,72,640,480,4.32,9.3225,0.375,0.125,2.554
17845066103140805-TRIANGLE,True,16.667,59,640,480,3.54,11.4799,0.5,0.5,1.1481
475276350175186-DYE,True,16.667,51,640,480,3.06,13.5811,0.5,0.25,11.4925
09353167989999389-SANDWICH 2,True,16.667,61,640,480,3.66,12.0076,0.375,0.0,1.3258
33848562795713755-ERASE 5,True,16.667,72,640,480,4.32,20.632,0.375,0.25,1.4146
12301657845922032-BRAIDS,True,16.667,73,640,480,4.38,18.5031,0.25,0.25,1.7098
6335100605902133-HANDS,True,16.667,61,640,480,3.66,16.004,0.25,0.125,0.5647
37886354312700066-MAILMAN,True,16.667,80,640,480,4.8,10.0102,0.25,0.0,2.6261
5873797561084939-SCARF 4,True,16.667,62,640,480,3.72,16.3192,0.375,0.0,2.9146
44864710765134386-ROAD,True,16.667,78,640,480,4.68,14.7896,0.25,0.125,0.569
16745478139443915-POLICEMAN 2,True,16.667,59,640,480,3.54,14.2442,0.375,0.0,0.1265
21371864723567402-TOOTHBRUSH-CA,True,16.667,84,640,480,5.04,5.0437,0.25,0.0,0.1255
7112618786564238-SPLASH-CA,True,16.667,76,640,480,4.56,13.1847,0.25,0.25,1.2595
2619284696045212-8 HOUR,True,16.667,60,640,480,3.6,20.6788,0.5,0.375,3.1722
09145147438730139-SHOULDER 2,True,16.667,67,640,480,4.02,11.5874,0.375,0.0,0.6691
9769961961457541-DRY,True,16.667,37,640,480,2.22,7.113,0.75,0.0,3.704
9802753357268721-THEY,True,16.667,47,640,480,2.82,7.6647,0.375,0.0,4.2892
6380028861423857-BOTH,True,16.667,65,640,480,3.9,19.954,0.25,0.0,0.6976
9190825531319848-LOYAL,True,29.997,119,640,480,3.967,9.3701,0.375,0.0,0.9862
9162869371858511-SILVER,True,29.998,125,640,480,4.167,7.2958,0.375,0.0,2.9788
9078273779600274-HAIR,True,29.998,125,640,480,4.167,9.957,0.375,0.0,1.2377
38731487247930807-THEY,True,30.0,138,640,480,4.6,12.2205,0.375,0.0,1.0938
744085755815288-COOL,True,30.0,129,640,480,4.3,9.3953,0.25,0.0,0.3175
7221236148216204-CAPTION,True,30.002,133,640,480,4.433,11.3225,0.375,0.25,1.4445
2041637296504244-FORK 3,True,30.0,123,640,480,4.1,9.9809,0.375,0.25,1.9845
9640764607502863-CLOCK 2,True,29.998,131,640,480,4.367,13.7872,0.375,0.125,3.8637
1493429103533752-LISTEN,True,29.97,172,640,480,5.739,16.3341,0.125,0.0,
5764316574897619-POPCORN,True,30.002,127,640,480,4.233,8.7756,0.375,0.375,1.1189
5946779511503464-CREAM,True,29.997,104,640,480,3.467,9.3689,0.5,0.25,3.8157
9273333376529236-NOTHING,True,30.002,160,640,480,5.333,10.7928,0.375,0.25,3.2567
674051280092625-ACCENT,True,30.0,174,640,480,5.8,13.1042,0.25,0.0,0.1562
14107936727280213-MY,True,30.002,124,640,480,4.133,8.0077,0.25,0.0,1.1127
8708977267616693-IMPRESS,True,30.0,108,640,480,3.6,9.6959,0.25,0.25,1.3741
582530237600686-STACK 2,True,30.002,172,640,480,5.733,17.4168,0.375,0.25,3.3763
30407183385042-CHEW 3,True,29.998,137,640,480,4.567,16.0362,0.5,0.5,1.2172
2833230118635093-LOOK BACK,True,29.969,163,640,480,5.439,12.2718,0.125,0.0,
21863319205081932-INNOCENT,True,29.997,104,640,480,3.467,9.2898,0.25,0.25,1.7103
330062612654491-SHEEP,True,29.998,131,640,480,4.367,8.5673,0.375,0.0,2.374
17395163507734912-PARENTS,True,30.0,177,640,480,5.9,11.49,0.25,0.0,3.1875
88497293720018-STRONG,True,30.0,129,640,480,4.3,11.4577,0.375,0.25,2.9483
24442962392359258-SCHOOL,True,30.002,127,640,480,4.233,8.251,0.125,0.0,
16870669316247833-THANK YOU,True,30.0,117,640,480,3.9,8.4961,0.25,0.0,2.9238
651423502031681-BLUR,True,30.0,126,640,480,4.2,11.6276,0.375,0.25,2.8829
32681982705136003-CROSS HEART,True,30.003,118,640,480,3.933,8.1818,0.375,0.0,2.3718
6826511820169445-PRIDE,True,30.002,142,640,480,4.733,12.1494,0.375,0.0,3.4225
5426301216016656-BACKYARD,True,30.0,135,640,480,4.5,10.3383,0.375,0.0,1.945
6802013998699374-WARN,True,29.838,107,640,480,3.586,14.4939,0.25,0.0,0.7786
6045778841848166-HOLIDAY,True,29.998,125,640,480,4.167,11.7764,0.25,0.25,1.0036
4916288732826961-EMPEROR,True,30.0,135,640,480,4.5,11.7363,0.125,0.0,
7959391441418424-RING,True,29.922,126,640,480,4.211,19.0477,0.375,0.0,2.4351
8886786484140352-BIRTH,True,29.97,181,640,480,6.039,12.766,0.25,0.125,1.2449
74408615022445-ENGINEER,True,29.968,130,640,480,4.338,17.0326,0.375,0.375,3.7157
5518966801659471-FLIP SWITCH,True,29.842,98,640,480,3.284,15.7758,0.375,0.0,3.4971
19717125244640954-BITE ON NECK,True,29.497,132,640,480,4.475,29.7711,0.125,0.0,
8295120858461442-SENTENCE,True,29.918,106,640,480,3.543,12.6396,0.375,0.375,1.0405
5856207685229631-HORRIBLE,True,29.97,114,640,480,3.804,12.4703,0.375,0.375,2.0601
8383737923390566-PEN,True,29.92,97,640,480,3.242,9.7232,0.375,0.25,2.4634
639491564888611-BUSINESS,True,29.833,121,640,480,4.056,12.9407,0.25,0.125,1.0119
3501114521914035-SHIELD,True,29.919,111,640,480,3.71,15.3417,0.375,0.0,1.2935
0179216982597179-REALLY,True,29.917,82,640,480,2.741,6.8986,0.25,0.0,0.7305
8696594886501936-DRYER,True,29.967,108,640,480,3.604,11.8688,0.5,0.0,5.1946
0909056403412476-MOVE,True,29.974,94,640,480,3.136,15.2992,0.375,0.125,2.7372
20095685301135524-MUSTACHE,True,30.0,108,640,480,3.6,10.2236,0.375,0.25,2.0448
22542058100647333-MUSIC,True,29.917,123,640,480,4.111,12.8486,0.375,0.0,1.5743
7034505248866334-HAMBURGER,True,29.973,121,640,480,4.037,11.0451,0.375,0.125,1.907
4442176056213012-ACT,True,29.916,96,640,480,3.209,11.7097,0.375,0.25,1.5949
9163747512650042-SHARPEN 2,True,59.94,231,640,480,3.854,21.3901,0.5,0.125,6.0104
3264895447576619-TYPE,True,29.964,145,640,480,4.839,27.1094,0.25,0.25,1.0052
3747268223377356-ART,True,59.94,252,640,480,4.204,13.395,0.25,0.0,0.2395
36721619673427-LATER,True,29.996,77,640,480,2.567,10.066,0.375,0.0,2.2063
9241123360684247-HELMET 2,True,59.94,202,640,480,3.37,11.8099,0.375,0.25,2.6042
7885377545712717-INTEREST,True,29.969,117,640,480,3.904,13.3443,0.375,0.375,1.4528
9416708401380642-CONTINUE,True,30.0,104,640,480,3.467,13.8241,0.375,0.25,2.2054
5070650488093082-PLOW,True,29.921,128,640,480,4.278,14.9323,0.375,0.125,6.2866
07681342997376661-EYE TURN,True,29.92,97,640,480,3.242,15.9067,0.5,0.5,5.4708
35728857036118145-SAFE,True,29.97,79,640,480,2.636,7.9751,0.375,0.25,1.2197
4614534315577101-NOW,True,30.0,102,640,480,3.4,6.3404,0.5,0.25,4.2342
12606031724124622-POLICEMAN,True,30.0,87,640,480,2.9,6.5858,0.375,0.0,0.1703
39878139372685606-EXPERIMENT,True,29.997,101,640,480,3.367,8.2974,0.75,0.25,3.9978
703831493724637-EARTH,True,29.915,91,640,480,3.042,12.128,0.375,0.25,2.0247
6096795736324836-MUST,True,30.0,72,640,480,2.4,7.6648,0.375,0.0,0.8362
746884857630183-DICTIONARY,True,30.003,100,640,480,3.333,8.3485,0.5,0.375,2.8756
4885294701538685-GOING THROUGH_A_HARD_TIME,True,29.997,89,640,480,2.967,13.9488,0.5,0.5,1.9061
06509153784135058-CHEAT 1,True,29.967,81,640,480,2.703,7.4188,0.5,0.375,3.753
05452686760821068-TEXT,True,29.976,86,640,480,2.869,5.9769,0.5,0.375,3.6723
21345201266496527-BOOTS,True,30.003,91,640,480,3.033,6.9098,0.375,0.25,3.3461
2580996150082284-BEHAVIOR,True,29.922,81,640,480,2.707,7.8383,0.5,0.5,3.2565
5985361886447882-WHITE PERSON,True,29.972,74,640,480,2.469,9.3662,0.5,0.0,2.8779
8053447797575675-POUR 2,True,30.0,87,640,480,2.9,9.7207,0.375,0.0,0.898
9710533280846911-SEND,True,30.004,70,640,480,2.333,5.0052,0.5,0.0,1.9618
009252570300134266-FOREIGNER,True,29.969,106,640,480,3.537,9.0677,0.5,0.375,4.8516
823110623400116-WANT,True,29.923,112,640,480,3.743,23.7997,0.25,0.125,4.19
5564949705093372-RADIO,True,29.974,69,640,480,2.302,5.8929,0.625,0.0,4.3697
7651660691924158-RUSH,True,29.975,83,640,480,2.769,7.1541,0.375,0.375,1.0718
25204780191133236-LIVE,True,30.235,95,640,480,3.142,6.8032,0.375,0.375,1.8973
496888220083215-FORK 3,True,29.923,105,640,480,3.509,11.7043,0.375,0.25,2.8037
02417596973931868-FRISK,True,30.002,124,640,480,4.133,8.7597,1.0,0.375,6.5581
5872467669891628-RAIN,True,29.997,89,640,480,2.967,11.3958,0.5,0.375,5.1052
7535449770372906-THANK YOU,True,29.997,92,640,480,3.067,5.694,0.25,0.0,1.3657
8300296493288641-JACKET 4,True,29.974,116,640,480,3.87,10.8482,0.5,0.375,3.2219
7170327719525225-INSPIRE,True,29.997,101,640,480,3.367,9.2061,0.375,0.25,6.9811
49931904838459795-SINCE,True,29.996,83,640,480,2.767,31.231,0.5,0.5,1.6537
8491923630160707-PRICE,True,25.0,119,640,480,4.76,20.9298,0.25,0.25,0.2635
9734355985344116-FRECKLES,True,25.0,97,640,480,3.88,10.491,0.375,0.25,2.3402
40587436280803746-STOMACH,True,29.974,91,640,480,3.036,9.9891,0.0,0.0,
7890015206813448-VIOLIN,True,29.92,142,640,480,4.746,13.2078,0.25,0.0,0.2891
25802117645943423-HELLO,True,29.967,100,640,480,3.337,11.2147,0.25,0.0,0.1153
16319399751609986-5 DOLLARS,True,30.003,106,640,480,3.533,8.3547,0.125,0.0,
6473611679417244-FRAUD,True,29.919,125,640,480,4.178,13.3295,0.125,0.0,
4954862894641283-HOLD TOGETHER,True,30.004,67,960,540,2.233,6.317,0.375,0.25,3.1486
33397002745583126-SOUTH,True,30.574,75,960,540,2.453,6.3397,0.375,0.0,0.9708
2734257436398633-DIAPER,True,30.421,101,960,540,3.32,10.6249,0.375,0.25,8.2958
5725425588178272-SPECIAL,True,30.701,42,960,540,1.368,10.9517,0.375,0.375,1.1853
7636955763773909-WRING,True,30.0,81,960,540,2.7,11.7292,0.375,0.375,0.5472
05695606807895759-ACCOMPLISH,True,29.997,86,960,540,2.867,8.0563,0.25,0.25,0.8307
5408830817600472-CALL 2,True,30.868,43,960,540,1.393,7.7247,0.25,0.25,0.7834
17309586344618877-VIDEOPHONE,True,30.419,95,960,540,3.123,11.0923,0.375,0.0,1.6192
7978966409741841-PROXIMALIZATION,True,30.732,52,960,540,1.692,10.6497,0.5,0.375,1.9747
9991005724389694-RETIRE,True,30.687,46,960,540,1.499,8.0809,0.375,0.375,1.1394
6663708012671183-COLD,True,30.0,39,960,540,1.3,6.2673,0.375,0.25,2.595
5630292120705906-TURKEY,True,30.467,84,960,540,2.757,5.3826,0.375,0.0,1.9541
7771974331423925-PEAS 2,True,30.565,74,960,540,2.421,6.5951,0.5,0.5,1.8242
609569691552732-BLOW CANDLE_2,True,30.563,32,960,540,1.047,5.2241,0.375,0.0,0.3931
25878375376675744-GLUE 1,True,30.586,49,960,540,1.602,7.1912,0.5,0.375,3.7474
5479591188349886-DEDICATE 2,True,30.819,47,960,540,1.525,7.2672,0.5,0.375,4.2703
4033702656472984-FINGER,True,31.147,38,960,540,1.22,7.9933,0.375,0.0,0.6273
3817227123636109-STRESS,True,30.511,71,960,540,2.327,5.0576,0.0,0.0,
24987533018892472-CANCELLATION,True,30.873,41,960,540,1.328,7.9314,0.625,0.25,4.269
04775838309812985-BUS,True,30.007,46,960,540,1.533,6.0157,0.375,0.0,0.4879
11257232622740987-SOFA,True,30.812,44,960,540,1.428,8.024,0.75,0.125,6.215
16815794343609958-BALD,True,30.0,90,960,540,3.0,11.0209,0.375,0.0,2.4352
6132597016107686-BOWTIE,True,29.996,80,960,540,2.667,7.6476,0.25,0.25,0.1762
9695555294102203-CAREFUL,True,30.769,46,960,540,1.495,5.7309,0.375,0.125,1.9664
9859158369118783-ELEVATOR,True,30.37,96,960,540,3.161,10.9491,0.375,0.0,2.5413
12988528828085255-FLUTE,True,30.608,79,960,540,2.581,7.9963,0.375,0.375,2.8402
6077814039488578-CHARACTER,True,30.401,94,960,540,3.092,9.2243,0.25,0.25,0.6032
052702652975922915-ALIGN,True,30.0,48,960,540,1.6,15.0039,0.375,0.125,5.3888
18793028836248604-BULLSHIT,True,29.996,80,640,480,2.667,8.3555,0.375,0.0,1.3204
15043865087852604-FED UP,True,29.972,74,640,480,2.469,5.5753,0.375,0.0,0.7319
09975897706725734-SLICE,True,30.003,88,640,480,2.933,8.7329,0.375,0.0,1.046
11089375050930084-PASS,True,30.0,69,640,480,2.3,8.8168,0.25,0.25,0.6003
7562077282774307-FASHION,True,30.003,97,640,480,3.233,32.4916,0.5,0.0,9.6134
753813922780795-CALCULATOR,True,29.968,84,640,480,2.803,15.6736,0.375,0.375,0.4507
17195855615886702-SCULPT,True,29.996,83,640,480,2.767,11.5581,0.375,0.25,0.9034
46918670233616866-MINIMUM,True,29.997,86,640,480,2.867,11.143,0.5,0.375,2.0343
09947880888502714-WHISPER,True,30.311,114,640,480,3.761,14.2643,0.375,0.125,1.762
8178271536533821-SOPHOMORE,True,30.004,82,640,480,2.733,26.5765,0.5,0.375,1.8068
6701575476354089-FANTASY,True,30.33,66,640,480,2.176,19.7593,0.5,0.375,3.1003
922987513731234-PRIORITY,True,29.996,71,640,480,2.367,14.5358,0.5,0.125,2.8922
8335502012159159-FRUIT,True,30.505,64,640,480,2.098,5.9608,0.5,0.0,0.4963
2935343968735329-LIKE,True,29.923,62,640,480,2.072,5.753,0.375,0.0,0.9513
9081054201663847-FURNITURE,True,29.924,67,640,480,2.239,6.6114,0.375,0.25,2.1345
1860612395462249-SURE,True,30.521,55,640,480,1.802,4.5144,0.5,0.0,1.5625
7382460351716511-ARRIVE,True,29.967,81,640,480,2.703,10.0706,0.375,0.25,3.15
563153197682775-TOGETHER,True,29.972,85,640,480,2.836,8.4142,0.25,0.25,0.2821
991249196158916-LOCKER,True,30.005,61,640,480,2.033,7.2664,0.375,0.0,0.3756
381603803230792-TOY 3,True,30.709,88,640,480,2.866,11.8378,0.25,0.25,0.1273
13923543055899334-HANDS,True,30.0,54,640,480,1.8,16.4449,0.25,0.25,0.6779
668834896300053-WRISTWATCH 3,True,29.996,74,640,480,2.467,18.8067,0.5,0.0,1.6828
7049486497272253-CIRCLE,True,29.923,62,640,480,2.072,12.2619,0.125,0.0,
2538090255412251-TWO OF_US,True,30.373,92,640,480,3.029,4.395,0.375,0.0,0.2076
7515537092527524-LOBSTER 2,True,29.974,69,640,480,2.302,8.1269,0.375,0.25,2.4108
4034293946540164-RULER,True,29.916,82,640,480,2.741,8.5055,0.375,0.375,0.5855
7646621786777874-WATERDROP,True,29.921,114,640,480,3.81,15.0197,0.25,0.0,0.5794
5231461868423759-RELIEF,True,29.972,74,640,480,2.469,10.5954,0.5,0.0,1.1874
9383785162459717-PET 2,True,29.026,103,640,480,3.549,12.1552,0.25,0.0,4.2378
9971842464887584-CHEAT 2,True,29.661,129,640,480,4.349,11.3105,0.125,0.0,
07677923853061919-CHEW 2_MOUTH,True,29.713,116,640,480,3.904,9.2703,0.25,0.125,1.0452
8246379548921741-SIGN LANGUAGE,True,29.894,111,640,480,3.713,12.2685,0.25,0.125,2.6045
1155659769676356-BLOW CANDLE_1,True,29.246,168,640,480,5.744,8.478,0.25,0.0,0.4218
2155045647013336-WANT,True,30.007,114,640,480,3.799,8.9111,0.375,0.0,10.0045
7880576174636196-ARRIVE,True,29.891,121,640,480,4.048,12.3337,0.25,0.0,3.3225
34952771770204594-FRENCH,True,29.817,108,640,480,3.622,10.0843,0.25,0.0,0.4186
8243103392208047-PARACHUTE 2,True,29.67,118,640,480,3.977,13.9287,0.25,0.0,3.5933
417959141690339-NURSE,True,29.089,123,640,480,4.228,10.929,0.125,0.125,
6247620625980512-GUN,True,29.867,108,640,480,3.616,6.9436,0.125,0.0,
4820386899802842-GLOVES 4,True,29.106,133,640,480,4.57,14.3126,0.375,0.0,5.3872
680969676407533-YEAH,True,30.163,105,640,480,3.481,6.6256,0.125,0.0,
8232025417450308-SWEATER 3,True,29.086,110,640,480,3.782,7.2893,0.125,0.125,
5036416015440501-DOLPHIN 2,True,28.945,106,640,480,3.662,11.2575,0.25,0.0,0.687
30198323651905024-TV,True,29.885,115,640,480,3.848,6.0755,0.125,0.0,
9374851420106798-CROSS 3,True,29.877,115,640,480,3.849,9.75,0.25,0.0,1.2221
26468837300724535-LINE,True,29.896,116,640,480,3.88,10.3849,0.375,0.25,3.2135
636454238836496-WHAT FOR 3,True,29.603,118,640,480,3.986,5.8968,0.25,0.0,0.7788
1121203339848611-DOG 3,True,29.16,141,640,480,4.835,9.2315,0.25,0.0,0.8746
2120391418867087-DUCK 2,True,29.91,127,640,480,4.246,7.5608,0.375,0.0,1.3157
6228149183873317-LEAF 2,True,29.941,143,640,480,4.776,8.3619,0.25,0.0,0.6627
5962124960214392-FINALLY,True,29.917,113,640,480,3.777,6.7166,0.25,0.125,2.6215
15446609739485972-DART,True,29.062,121,640,480,4.164,10.589,0.375,0.0,2.3569
7512417128553919-CANADA,True,29.149,126,640,480,4.323,13.6145,0.25,0.0,1.1057
6494706655585136-CLOCK,True,29.981,144,640,480,4.803,14.0135,0.25,0.125,1.6432
2636353493952026-RUN FAUCET,True,29.664,121,640,480,4.079,9.0942,0.25,0.0,1.8373
1157236965732582-CHEW 3,True,29.774,152,640,480,5.105,9.507,0.25,0.0,0.3992
9976902462568114-STRAIN 1,True,31.26,151,640,480,4.83,15.1258,0.375,0.125,2.2429
5529327143293021-SHARPEN 1,True,62.5,226,640,480,3.616,11.2252,0.375,0.375,0.6008
021939327153324584-HOW,True,31.288,89,640,480,2.845,10.1485,0.375,0.375,0.9373
7224794356191944-NUT 2,True,31.115,87,640,480,2.796,8.2486,0.375,0.0,3.0561
8956498621741975-ENOUGH,True,31.027,96,640,480,3.094,10.6659,0.25,0.25,0.4284
0002600716749214804-VOMIT,True,31.291,126,640,480,4.027,9.5863,0.125,0.0,
428654908524865-BABY 2,True,31.273,113,640,480,3.613,12.4013,0.5,0.5,6.1071
3197143275512784-BLINDS 2,True,31.299,107,640,480,3.419,26.0668,0.375,0.25,3.2528
1855007642976274-RHINO 3,True,62.5,197,640,480,3.152,7.9027,0.375,0.0,1.6307
0039102073224548395-KNIGHT 3,True,31.291,119,640,480,3.803,12.7844,0.375,0.125,2.2401
9355514719707188-HELICOPTER,True,30.899,102,640,480,3.301,14.1048,0.375,0.375,1.0172
09022684017311744-SKUNK,True,31.328,103,640,480,3.288,17.8468,0.125,0.0,
08873177858861414-WALK-TIGHTROPE-CL,True,31.25,168,640,480,5.376,14.049,0.5,0.5,1.5445
699706148016493-TEACH,True,31.364,99,640,480,3.156,10.1548,0.25,0.25,0.1056
3037369286672158-SAIL 2,True,62.5,216,640,480,3.456,11.9019,0.25,0.0,1.6319
582467512336287-8 HOUR,True,31.272,137,640,480,4.381,10.957,0.375,0.375,0.6617
8949971034293978-KICK,True,31.3,128,640,480,4.089,17.2005,0.375,0.125,6.3521
17322728087787298-NEEDLE,True,31.261,136,640,480,4.35,11.3537,0.25,0.0,2.876
15538032490862563-SHOCKED,True,31.346,111,640,480,3.541,9.6128,0.25,0.25,1.5711
5121938237753831-DUCK,True,31.325,90,640,480,2.873,11.451,0.5,0.0,3.6148
9502956975879617-DOWNLOAD,True,62.5,201,640,480,3.216,9.1518,0.375,0.0,1.7969
9978106876097432-DECIDE 2,True,30.837,119,640,480,3.859,7.5766,0.25,0.25,0.5084
9263802470826215-PEG 3,True,31.337,122,640,480,3.893,13.5291,0.375,0.375,2.251
5357960741782899-SINCE,True,31.128,88,640,480,2.827,10.2163,0.375,0.375,1.9362
46997855785181764-PENNY,True,31.376,84,640,480,2.677,8.8853,0.375,0.0,0.9473
52090552114496-SHARPEN 3,True,62.5,266,640,480,4.256,12.6722,0.25,0.25,1.002
38431420653235215-CHEER,True,31.27,158,640,480,5.053,10.1751,0.125,0.125,
10603992896642866-METAL,True,31.274,92,640,480,2.942,10.486,0.375,0.125,2.7705
5010987691531066-ARRIVE,True,29.916,225,640,480,7.521,18.4964,0.0,0.0,
8682292643334819-DEDICATE 1,True,29.971,268,640,480,8.942,11.8244,0.25,0.125,0.9821
7265533909120991-THIRD,True,29.971,252,640,480,8.408,11.9143,0.25,0.0,0.3974
5070742913300796-DOLPHIN 2,True,30.138,227,640,480,7.532,14.6271,0.25,0.0,1.4479
34339690863866057-SHORT PERSON,True,29.999,335,640,480,11.167,10.9711,0.125,0.0,
7540645130532506-GOODY GOODY,True,30.122,253,640,480,8.399,10.3299,0.5,0.0,0.1177
8515925536918127-SHAKE,True,29.999,278,640,480,9.267,16.3567,0.5,0.125,4.0725
31442256788375733-TRASH,True,30.124,296,640,480,9.826,27.3071,0.25,0.0,1.3071
3048894822134831-RUN FAUCET,True,30.155,242,640,480,8.025,19.281,0.25,0.0,0.4981
5843989467729442-DEER,True,29.999,257,640,480,8.567,18.8841,0.375,0.375,1.0756
9564337508135821-SPREAD 1,True,29.999,224,640,480,7.467,18.5565,0.25,0.125,1.3314
41282936517113966-DEFEAT,True,30.0,253,640,480,8.433,20.3557,0.125,0.0,
6313889644327697-ISLAND,True,29.916,511,640,480,17.081,22.3178,0.125,0.0,
5673235029946362-ALRIGHT,True,30.0,471,640,480,15.7,16.9827,0.375,0.0,1.3563
5241537220175312-SHORTS,True,30.125,257,640,480,8.531,13.6874,0.25,0.25,0.2559
8236466213724152-FIREMAN 2,True,29.971,235,640,480,7.841,12.8922,0.5,0.0,0.9209
5186016958980995-DONKEY,True,29.971,145,640,480,4.838,16.3986,0.5,0.375,2.8666
9116897977316643-IF,True,30.0,483,640,480,16.1,14.5397,0.375,0.0,1.097
8391935060115663-DIP 3,True,29.916,246,640,480,8.223,17.814,0.0,0.0,
39053677749051974-DESERT,True,30.0,318,640,480,10.6,12.6629,0.25,0.125,0.4776
6255697193088565-WADE,True,30.115,278,640,480,9.231,19.4118,0.25,0.125,1.6098
9291101663880403-FOLLOW 3,True,30.0,270,640,480,9.0,16.7067,0.375,0.0,0.693
2772104093277128-PLIERS,True,30.0,267,640,480,8.9,26.0369,0.375,0.0,0.4518
9100430227499803-WISE,True,29.999,233,640,480,7.767,14.0048,0.5,0.0,0.5504
7680797390430718-FILL OUT,True,29.999,275,640,480,9.167,21.7346,0.375,0.125,3.6846
9475658580958672-HOMEWORK,True,30.001,271,640,480,9.033,10.228,0.25,0.0,0.9182
48845369592543153-GARLIC,True,29.999,245,640,480,8.167,25.7249,0.375,0.0,0.6905
7240387018860608-ERASE 2,True,30.0,291,640,480,9.7,13.4591,0.0,0.0,
0575717984434605-TURKEY,True,27.393,95,640,480,3.468,12.8605,0.375,0.0,0.4022
7594759997530014-HOLD,True,29.909,83,640,480,2.775,5.8043,0.375,0.375,0.391
82979256329312-AND,True,28.913,83,640,480,2.871,6.6092,0.25,0.0,1.4236
9560351458182348-EXPERIMENT,True,31.056,107,640,480,3.445,11.4088,0.375,0.375,1.206
42254856641617433-LIGHTER,True,30.893,103,640,480,3.334,5.2825,0.25,0.0,0.0978
9855721969050792-FRINGE,True,31.104,133,640,480,4.276,10.8026,0.375,0.0,2.4736
46810575724228576-PIPE 3,True,24.662,107,640,480,4.339,8.2537,0.375,0.0,2.0313
28415075610750007-SHARK 2,True,28.391,118,640,480,4.156,22.2571,0.375,0.125,4.6585
09787478510762249-HIT 2,True,30.904,100,640,480,3.236,8.6547,0.375,0.375,1.4821
6500857784369816-SMILE 2,True,28.837,100,640,480,3.468,11.2337,0.25,0.25,0.3285
5784894882348921-GUESS 2,True,25.533,97,640,480,3.799,4.7119,0.25,0.0,0.7922
14150356074507697-THIRD 2,True,31.053,94,640,480,3.027,4.7644,0.375,0.0,1.9233
3461444849734634-BALD,True,25.956,97,640,480,3.737,14.7111,0.375,0.0,0.7863
06573495192273482-WALLET,True,31.095,90,640,480,2.894,5.624,0.375,0.25,2.0944
350096531353697-COMMUNICATION,True,28.306,111,640,480,3.921,8.1592,0.375,0.375,0.521
07320199918903447-ERASER,True,30.979,108,640,480,3.486,7.384,0.375,0.375,0.6843
7716548381055142-FORK 4,True,31.14,102,640,480,3.276,9.7112,0.375,0.125,3.4221
010330168492314051-HAPPEN,True,29.986,92,640,480,3.068,7.9199,0.25,0.25,1.823
45010446788664904-BOWLING,True,26.3,92,640,480,3.498,12.8026,0.375,0.0,1.8503
6276702054916361-SMELL,True,24.355,87,640,480,3.572,7.1048,0.375,0.0,0.9584
9949947964398094-OFF,True,30.901,89,640,480,2.88,10.1564,0.25,0.0,1.2299
8190527829480256-FLOWER,True,30.932,90,640,480,2.91,4.9314,0.375,0.0,1.0072
44119564320594895-MENTION,True,29.765,104,640,480,3.494,6.2266,0.25,0.125,2.5517
7647507802538407-ALPHABET,True,30.951,101,640,480,3.263,6.5064,0.375,0.0,0.5408
0778449593938817-RECENT,True,28.1,77,640,480,2.74,5.3217,0.375,0.0,0.5062
16491256224329076-OPINION 2,True,26.315,100,640,480,3.8,16.0633,0.5,0.0,3.7653
07044127904603914-SIGN LANGUAGE,True,31.064,109,640,480,3.509,8.8952,0.25,0.25,0.524
9756142048713576-TRY,True,31.05,109,640,480,3.51,8.7999,0.375,0.25,3.0478
9471965009322212-OUR,True,29.995,56,640,480,1.867,6.4516,0.5,0.0,2.4234
31090954261767045-KNIGHT,True,30.004,82,640,480,2.733,6.7393,0.375,0.0,1.6906
03582115602621383-SIDE,True,30.004,76,640,480,2.533,7.8597,0.125,0.0,
9054232678027778-STACK 2,True,30.0,90,640,480,3.0,15.3876,0.5,0.375,4.2951
012937064027581213-IMPRESS,True,30.004,79,640,480,2.633,11.3304,0.375,0.25,1.8082
44991972883508224-LAPTOP,True,29.997,98,640,480,3.267,7.8262,0.375,0.0,1.7017
428555497647509-KNIGHT 3,True,30.006,49,640,480,1.633,9.7787,0.25,0.0,0.439
3889173100151466-BARK,True,30.004,85,640,480,2.833,11.3597,0.375,0.375,1.9797
6329931932403075-MOUTH,True,29.993,44,640,480,1.467,6.7388,0.75,0.0,2.1544
09338679156821961-BANK,True,30.0,84,640,480,2.8,9.2076,0.25,0.0,0.0919
6467017394102157-CHEW 1,True,30.0,78,640,480,2.6,6.376,0.375,0.125,1.0859
4312724660062097-SODA,True,29.997,89,640,480,2.967,8.5828,0.375,0.125,2.8479
5286366909810902-EVALUATE,True,30.0,69,640,480,2.3,7.1035,0.375,0.25,1.8625
10096015350294096-DOWNLOAD,True,30.004,79,640,480,2.633,15.1341,0.5,0.375,4.7578
9233898800498062-CAMERAMAN,True,30.0,141,640,480,4.7,11.0818,0.375,0.125,3.3619
16767693645705095-PSYCHOLOGIST,True,30.003,88,640,480,2.933,9.1549,0.375,0.25,1.5059
5351994136435385-DROWN,True,30.0,84,640,480,2.8,12.9364,0.25,0.125,1.8676
19005324133505397-PIZZA,True,29.997,86,640,480,2.867,11.3693,0.375,0.25,3.7029
7085356782985193-SUSHI,True,30.004,73,640,480,2.433,5.2748,0.375,0.25,2.5142
5239255064113602-POINT INDEX,True,30.007,46,640,480,1.533,9.6563,0.5,0.0,1.8432
9118611593112866-MEXICAN 2,True,29.996,71,640,480,2.367,5.281,0.625,0.0,1.5713
32244369390325667-APPLE,True,29.996,77,640,480,2.567,5.2302,0.25,0.0,0.5605
06337167445330216-DONKEY,True,30.0,87,640,480,2.9,17.4336,0.375,0.375,0.2968
0009373732089863474-EVERYTHING,True,30.003,103,640,480,3.433,10.3342,0.25,0.0,2.5668
5942818264083232-EDIT 2,True,29.997,92,640,480,3.067,18.4864,0.375,0.25,2.0293
09441931342239074-BETWEEN,True,29.996,68,640,480,2.267,6.5789,0.25,0.0,0.3962
22000378713429924-ATLANTA,True,29.996,80,640,480,2.667,6.7722,0.375,0.0,1.9827
05294711958209275-SPACESHIP,True,29.996,80,640,480,2.667,16.2873,0.625,0.0,2.3177
5376788419769192-SUPERVISE,True,30.003,100,640,480,3.333,22.3814,0.375,0.125,1.4216
9423553632022446-CLEAN,True,14.989,53,640,480,3.536,18.3993,0.375,0.375,0.6283
867262478689317-ARM 2,True,30.0,93,640,480,3.1,16.6987,0.5,0.125,2.0034
687597506528375-EVERYDAY,True,15.009,35,640,480,2.332,8.92,0.5,0.0,0.7718
035669371662083504-LICK 1,True,15.009,35,640,480,2.332,10.2374,0.5,0.125,4.6863
9300235867514746-EMPEROR,True,15.004,34,640,480,2.266,13.3888,0.25,0.0,0.8091
31713120541185313-DOOR,True,30.005,64,640,480,2.133,16.8435,0.375,0.375,1.5108
6636871834492388-SHAVE 5,True,15.003,46,640,480,3.066,15.0895,0.5,0.375,2.7382
03389355459981047-VACATION,True,14.919,34,640,480,2.279,10.5497,0.25,0.25,0.0758
8429045063336982-SHORT DISTANCE,True,15.0,21,640,480,1.4,12.2514,0.5,0.0,1.3329
8101505316310005-CLOSE DOOR,True,14.991,34,640,480,2.268,22.5089,0.25,0.25,0.5747
21756431783227015-RELAX 2,True,14.988,71,640,480,4.737,16.7255,0.5,0.5,1.2322
6345202046608052-LINGUISTICS,True,14.993,43,640,480,2.868,16.2584,0.375,0.375,1.4282
667396657882922-BAND AID,True,30.0,96,640,480,3.2,20.8284,0.5,0.375,3.0429
42555224679580994-TOW 1,True,30.003,106,640,480,3.533,16.6495,0.5,0.375,4.4574
5948455246671771-POUR,True,30.005,58,640,480,1.933,14.951,0.625,0.0,2.8788
245740728785516-ADOPT,True,29.995,62,640,480,2.067,10.4501,0.375,0.375,1.1451
7974891092059726-FUNNY,True,30.0,63,640,480,2.1,7.9164,0.375,0.0,0.2207
5676257640917461-POSSUM,True,29.997,101,640,480,3.367,15.7349,0.5,0.375,3.2695
47712955688188896-DAMN,True,29.995,59,640,480,1.967,14.1813,0.625,0.0,6.6023
4387079024232483-CRASH PLANE,True,29.997,104,640,480,3.467,21.4937,0.5,0.125,1.8915
9223686251798706-OPPORTUNITY,True,14.989,42,640,480,2.802,12.7082,0.25,0.25,0.3349
874537940433896-STATE,True,14.993,50,640,480,3.335,15.9873,0.5,0.0,1.3913
4146570776733145-COMMITTEE,True,29.994,50,640,480,1.667,12.4916,0.625,0.0,3.7576
046104879896933015-FRENCHFRIES,True,14.918,29,640,480,1.944,12.9129,0.875,0.0,5.0646
30001896636555325-SCREWDRIVER 3,True,30.0,96,640,480,3.2,18.6787,0.5,0.375,4.7928
7771489268934204-CIRCUSWHEEL,True,30.002,124,640,480,4.133,21.3153,0.5,0.5,1.1119
8240048277919259-SHOT,True,14.991,34,640,480,2.268,11.0836,0.5,0.0,2.9891
6939804871630404-DANGER,True,29.997,92,640,480,3.067,12.1129,0.25,0.0,0.2956
713149447367305-SCARF 2,True,29.916,150,640,480,5.014,39.0119,0.25,0.0,1.2335
22270061627420823-PERSPECTIVE,True,29.97,109,640,480,3.637,15.8576,0.25,0.125,1.0965
3145764404147309-CRACK,True,29.966,89,640,480,2.97,14.8517,0.375,0.375,1.2312
9472210156205194-BAR,True,30.004,82,640,480,2.733,7.4582,0.5,0.0,3.3718
3597317233873729-STOCKINGS,True,29.835,114,640,480,3.821,12.2232,0.375,0.125,7.0156
6162494351392802-SNOB,True,29.926,65,640,480,2.172,8.4999,0.25,0.0,0.7
5360935407801806-PHONE,True,30.003,88,640,480,2.933,5.3376,0.375,0.0,1.1128
14328866497226067-KANGAROO 3,True,29.917,94,640,480,3.142,12.6393,0.375,0.25,3.505
7485291873395523-PENCIL,True,30.003,97,640,480,3.233,9.3723,0.25,0.25,0.9031
03330585886062121-WRONG,True,29.996,83,640,480,2.767,5.5539,0.25,0.0,0.0499
6366427660322116-PARACHUTE 2,True,30.003,118,640,480,3.933,11.3817,0.375,0.25,3.2336
19448180321463715-DESIGN,True,29.967,92,640,480,3.07,18.9721,0.5,0.25,4.2407
9324123921553229-STRING,True,30.003,91,640,480,3.033,10.8553,0.375,0.25,1.8783
9454605710580559-MUSCLE,True,29.916,103,640,480,3.443,9.7705,0.25,0.0,0.9552
29178497724138497-NONE,True,29.916,103,640,480,3.443,14.651,0.375,0.25,3.2471
603629399645689-NECKLACE 3,True,29.922,69,640,480,2.306,7.819,0.5,0.0,2.3558
2591177165349323-ENVELOPE 5,True,30.379,114,640,480,3.753,12.0168,0.375,0.25,3.8919
4953111756288-GOLF,True,29.916,103,640,480,3.443,11.6747,0.25,0.25,2.1266
07717302241379231-LECTURE,True,29.997,92,640,480,3.067,8.0107,0.375,0.0,0.7011
8828565299201225-CHIN 2,True,29.996,68,640,480,2.267,9.9937,0.375,0.0,0.8359
3730941307383533-ROLLERBLADING,True,29.997,107,640,480,3.567,11.6595,0.625,0.625,2.072
8322538982085503-SUSPENDERS 2,True,29.921,102,640,480,3.409,11.2377,0.25,0.125,3.6712
8710294613452771-CHINA,True,29.917,115,640,480,3.844,7.5,0.125,0.0,
7785704564266311-ENEMY,True,29.838,107,640,480,3.586,13.1358,0.25,0.25,1.2479
2938382140665936-FREE,True,29.996,80,640,480,2.667,13.9685,0.375,0.25,3.1935
5914600667576899-PERFECT,True,30.0,123,640,480,4.1,28.6318,0.25,0.0,1.5166
26945637183070703-ROOMMATE,True,30.337,91,640,480,3.0,13.585,0.375,0.375,0.387
6657630771535601-BROTHER,True,29.996,68,640,480,2.267,18.6562,0.25,0.125,2.2648
8025890745607995-PEACH 2,True,30.004,79,640,480,2.633,8.1501,0.375,0.0,0.1339
03655867714699834-GOD,True,30.0,84,640,480,2.8,9.8691,0.125,0.0,
3584444832213878-HOODIE 1,True,30.004,76,640,480,2.533,9.3494,0.5,0.25,6.3672
5613897088333932-DONT WANT,True,30.0,69,640,480,2.3,7.6994,0.375,0.25,3.1083
8535923518304356-CROCODILE,True,30.0,72,640,480,2.4,20.6192,0.25,0.0,0.4269
7522460591520035-ISOLATED,True,29.996,74,640,480,2.467,7.0829,0.375,0.0,1.0946
3942015574547937-PAY,True,30.0,63,640,480,2.1,11.3955,0.25,0.125,1.6025
1751500985690635-WAR,True,30.004,79,640,480,2.633,16.6506,0.5,0.25,3.6873
7871691270296015-ALL OVER,True,30.0,72,640,480,2.4,15.1413,0.375,0.0,4.0361
11350981814423666-OPINION 2,True,29.995,65,640,480,2.167,9.6853,0.375,0.0,1.3832
5791625388129429-KNITTING 3,True,30.004,67,640,480,2.233,14.3258,0.5,0.5,0.3303
4105268525597696-BABYSITTER,True,30.0,93,640,480,3.1,16.1235,0.375,0.125,6.3689
0693061280585272-PERCEIVE,True,29.997,89,640,480,2.967,8.9047,0.375,0.25,2.2769
45715303365426396-OPERATE MACHINE,True,29.995,59,640,480,1.967,12.7832,0.375,0.25,2.1308
8140986324904689-POPE,True,29.996,80,640,480,2.667,11.271,0.5,0.25,3.5592
6274329989657883-SOFTBALL,True,29.995,65,640,480,2.167,5.7665,0.375,0.375,0.1649
09947766426698057-ARTICLE,True,29.997,92,640,480,3.067,16.953,0.5,0.25,3.9913
2875039244396185-LOYAL,True,30.0,72,640,480,2.4,10.633,0.5,0.0,2.3869
7716987223343876-FOOTBALL,True,30.004,85,640,480,2.833,13.3613,0.25,0.25,0.322
12566198434416243-WIFE,True,29.996,71,640,480,2.367,10.7984,0.375,0.0,3.1645
933274327707148-LICK 2,True,30.004,70,640,480,2.333,11.4711,0.375,0.25,2.2294
7242088293538-SCREAM,True,30.005,58,640,480,1.933,10.1118,0.5,0.0,4.0225
95375935352444-GLOW,True,29.997,92,640,480,3.067,8.7073,0.25,0.125,2.0303
6937202654647265-TOILET,True,29.996,77,640,480,2.567,4.3852,0.375,0.0,0.7475
5184266598150171-FREE,True,30.005,64,640,480,2.133,8.7546,0.375,0.375,0.5571
9578020989132343-HAT 2,True,30.004,67,640,480,2.233,14.3019,0.375,0.125,5.24
11615442196098535-BEND,True,30.0,69,640,480,2.3,15.3898,0.375,0.25,2.3509
18526417494054925-WADE 2,True,30.004,73,640,480,2.433,10.7914,0.375,0.375,1.0964
8549662816535366-TRAVEL,True,30.004,85,640,480,2.833,4.9655,0.25,0.0,0.5995
682496537857324-COPY,True,30.004,76,640,480,2.533,10.2928,0.375,0.375,1.1272
02176540635998192-WHISTLE 3,True,30.0,78,640,480,2.6,6.877,0.25,0.0,1.0028
5780077570584161-UNCLE,True,30.0,72,640,480,2.4,6.3079,0.25,0.0,0.415
6454430437032328-PROFOUNDLY DEAF,True,29.995,62,640,480,2.067,5.5202,0.375,0.0,0.5282
09618295078058359-EACH,True,30.004,76,640,480,2.533,4.8841,0.375,0.125,4.6626
6624265900258184-EGYPT,True,30.005,64,640,480,2.133,4.9253,0.375,0.0,1.5485
1674849629898727-FALL 2,True,29.996,83,640,480,2.767,2.848,0.125,0.0,
6013827702613608-CLOWN,True,30.004,76,640,480,2.533,7.455,0.25,0.0,0.4794
2837285526744675-SHORT DISTANCE,True,15.005,31,640,480,2.066,7.6642,0.25,0.0,0.8712
5044566387995728-UNCERTAIN,True,29.996,83,640,480,2.767,4.7761,0.375,0.375,1.3529
6150173366410261-CAN,True,15.006,36,640,480,2.399,5.1731,0.25,0.25,0.6141
4707088319691042-SSHH,True,29.996,68,640,480,2.267,3.947,0.25,0.0,0.1644
7087143226635837-ROAST,True,30.0,150,640,480,5.0,10.8973,0.5,0.25,13.4164
9387899703290132-FAT,True,30.004,70,640,480,2.333,3.5488,0.25,0.25,0.4948
3746786836387572-SLICE 2,True,30.004,67,640,480,2.233,3.11,0.375,0.125,1.9479
9347250739037953-PROBLEM 2,True,30.005,61,640,480,2.033,3.3632,0.375,0.375,0.8193
9966131573349557-CHEER,True,30.004,70,640,480,2.333,10.0931,0.25,0.25,0.1839
3169825479062436-UPSET,True,30.0,105,640,480,3.5,6.4758,0.25,0.0,1.7619
18131003275004232-SHORT WORD,True,30.005,55,640,480,1.833,3.2838,0.375,0.375,0.4453
40337914073510306-SCROLL DOWN,True,30.004,70,640,480,2.333,4.1678,0.25,0.0,1.6867
23611010127689558-CAR BATTERY,True,30.004,73,640,480,2.433,5.5126,0.25,0.125,3.4205
4448758119695737-RELIGION,True,30.005,58,640,480,1.933,4.0755,0.25,0.0,1.8893
8863228905537739-MODEL 2,True,29.996,77,640,480,2.567,6.3028,0.375,0.125,1.1119
8399306959149948-METAL,True,29.996,74,640,480,2.467,5.8295,0.375,0.0,0.9404
4973753336823712-REMOVE,True,30.0,72,640,480,2.4,3.8762,0.25,0.25,1.1951
8556276585939666-LEND,True,29.996,71,640,480,2.367,4.4787,0.375,0.125,3.2664
6241851355359722-seedSIDEBURNS,True,29.969,147,640,480,4.905,16.3198,0.25,0.25,0.9951
4494941416293381-seedGLUE 1,True,30.576,112,640,480,3.663,5.6307,0.375,0.375,0.6797
92911828333062-seedCATCH 3,True,30.288,128,640,480,4.226,4.1789,0.125,0.0,
6409175794470368-seedMARRY,True,29.916,143,640,480,4.78,10.3556,0.125,0.125,
9580372890443305-seedELEGANCE,True,30.245,144,640,480,4.761,9.5249,0.25,0.0,2.5376
935624750887212-seedGATE CLOSE,True,30.589,97,640,480,3.171,8.4571,0.375,0.375,1.5455
6672426067888029-seedNOT MIND,True,30.002,163,640,480,5.433,16.4507,0.25,0.0,3.8663
9230851663107729-seedHOOD,True,30.261,111,640,480,3.668,5.1699,0.5,0.375,5.1242
9759029284162826-seedPUSH,True,31.063,138,640,480,4.443,5.1417,0.125,0.125,
9821307245988498-seedPECK,True,31.185,122,640,480,3.912,7.7452,0.875,0.375,9.1131
7874979779434099-seedSAME 2,True,29.92,149,640,480,4.98,8.6025,0.25,0.125,1.8912
5617325649329079-seedARM 3,True,30.303,100,640,480,3.3,7.1917,0.375,0.25,1.5189
9027268642604178-seedBAKE 2,True,30.002,166,640,480,5.533,11.21,0.25,0.25,1.0046
8061962144771699-seedA-LINE BOB,True,31.043,107,640,480,3.447,8.6181,0.375,0.375,1.6297
43981604479361835-seedGUESS,True,30.294,107,640,480,3.532,4.461,0.25,0.0,1.7318
9240620788956599-seedREFRIGERATOR,True,31.008,131,640,480,4.225,6.243,0.625,0.375,8.4217
16053445151570034-seedINVEST,True,29.968,171,640,480,5.706,12.7868,0.25,0.125,0.9859
2924541338556792-seedPRESS IN_MIND,True,29.969,125,640,480,4.171,15.6028,0.375,0.0,7.6231
0729275115837229-seedGRADUATE,True,29.918,167,640,480,5.582,10.8596,0.125,0.0,
5869346216503564-seedCHANCE,True,29.972,170,640,480,5.672,9.3608,0.125,0.125,
7832427403306295-seedAVERAGE,True,31.172,129,640,480,4.138,4.592,0.25,0.125,1.136
2798433924675019-seedHIGHLIGHTER,True,30.335,114,640,480,3.758,5.3762,0.375,0.125,1.8778
29528598683287455-seedRELEASE,True,29.921,128,640,480,4.278,14.3352,0.25,0.125,0.7806
3471783198230618-seedCHEAT 1,True,29.918,212,640,480,7.086,24.7572,0.25,0.125,5.6707
8278927819869593-seedNEUTRAL,True,30.181,150,640,480,4.97,7.2916,0.125,0.0,
09041654334586147-seedFRENCH,True,30.567,119,640,480,3.893,4.4712,0.25,0.0,0.3246
55237444147507-seedCONFUSED,True,30.317,127,640,480,4.189,4.7281,0.375,0.375,1.5138
8638215005623915-seedVOCABULARY,True,30.622,119,640,480,3.886,6.7869,0.375,0.375,0.7787
6545285895586526-DINOSAUR 2,True,30.0,72,640,480,2.4,23.3354,0.5,0.125,5.5065
17251078637883666-CONCEPT,True,30.0,45,640,480,1.5,12.6415,0.375,0.0,0.3281
9686631419959442-SANTA,True,29.922,50,640,480,1.671,9.4244,0.375,0.25,1.8613
9448235586041172-NECKLACE 4,True,29.918,66,640,480,2.206,17.6048,0.375,0.375,1.4005
9129719528736404-GOODY GOODY,True,29.979,56,640,480,1.868,21.7246,0.5,0.0,1.1457
12410712146450331-INSURANCE,True,29.839,37,640,480,1.24,10.2059,0.5,0.0,0.3365
30576816106028337-GLASS 2,True,29.924,67,640,480,2.239,13.3613,0.5,0.375,2.4155
43821652957058466-ORAL,True,29.844,65,640,480,2.178,8.4086,0.5,0.0,0.7284
5399787732772412-COOL,True,25.0,47,640,480,1.88,11.9301,0.5,0.0,0.4415
3081075913873015-MEDITATE 2,True,29.918,73,640,480,2.44,9.3896,0.25,0.125,4.6125
6034625259296462-DOWN,True,29.926,65,640,480,2.172,12.1138,0.5,0.0,6.1139
47235343668442575-PAY OFF_BILLS,True,29.974,58,640,480,1.935,12.1647,0.5,0.25,4.5888
525010092916903-SAME 2,True,29.843,61,640,480,2.044,16.8199,0.375,0.25,3.2066
42212672612020974-AUTISM 2,True,25.0,48,640,480,1.92,12.6717,0.375,0.25,1.6003
06192996262281536-SHARP 2,True,29.976,50,640,480,1.668,9.1195,0.375,0.25,1.6505
6217086059779711-MAGNET 3,True,29.969,49,640,480,1.635,16.9113,0.75,0.125,5.8677
4803225680024923-SQUARE IDIOT,True,30.0,51,640,480,1.7,8.9785,0.375,0.0,0.9484
04030453325446337-CRAWL 2,True,30.0,63,640,480,2.1,19.4095,0.5,0.25,6.5565
46070187737730706-LIGHTER,True,29.975,36,640,480,1.201,9.0489,0.375,0.0,0.5744
31590114974812056-BARK 2,True,29.92,71,640,480,2.373,9.354,0.625,0.5,5.2363
31432674657776283-SING,True,29.995,62,640,480,2.067,10.908,0.5,0.0,2.3222
8818081853196704-CALL,True,29.915,42,640,480,1.404,7.5238,0.375,0.0,2.2721
9345074035304357-BEANS,True,29.921,57,640,480,1.905,14.2167,0.5,0.25,4.5243
23184664744539596-IMPORTANT,True,29.977,64,640,480,2.135,19.1414,0.25,0.25,1.1368
6956239348425071-HOT,True,29.982,34,640,480,1.134,6.0708,0.25,0.0,1.848
8875542213598027-CHARGE,True,30.0,63,640,480,2.1,12.6107,0.375,0.125,2.1616
57337857006252-BASKETBALL,True,29.993,44,640,480,1.467,13.6585,0.375,0.0,1.2361
5612062415680501-DEAL CARDS,True,29.97,60,640,480,2.002,7.6089,0.125,0.125,
46872059376636366-CAN,True,30.395,71,640,480,2.336,14.4348,0.125,0.125,
46853468509504537-BAKE 1,True,30.378,99,640,480,3.259,14.8969,0.375,0.0,1.8746
9701285835763032-ANSWER,True,13.333,52,640,480,3.9,9.8309,0.25,0.0,1.1725
772867424380135-ROAR,True,13.333,34,640,480,2.55,7.6602,0.25,0.0,0.5315
09242717124055-ERASE,True,30.377,99,640,480,3.259,13.2828,0.375,0.0,1.5913
2206970891939921-PANCAKE,True,15.008,38,640,480,2.532,12.6195,0.125,0.0,
28111560426713766-SAW 2,True,30.339,100,640,480,3.296,24.0813,0.5,0.25,1.4033
7634950601910355-MONDAY,True,30.003,88,640,480,2.933,12.4332,0.5,0.0,4.4716
8879593090443645-COOL,True,30.274,65,640,480,2.147,12.8835,0.5,0.0,1.5295
11249646142966907-CANCELLATION,True,30.322,96,640,480,3.166,13.2412,0.25,0.0,1.6835
25452629111360814-HEARING,True,30.366,74,640,480,2.437,8.3479,0.5,0.0,1.2987
7966126206277044-GONE,True,30.2,89,640,480,2.947,14.9815,0.75,0.0,5.7749
7521065366538306-BLOW,True,29.996,71,640,480,2.367,16.0506,0.5,0.5,1.8347
8963793717239534-RED,True,30.349,100,640,480,3.295,17.5891,0.25,0.0,0.4846
72757382323778-MCDONALDS,True,30.005,58,640,480,1.933,11.9076,0.125,0.0,
06268304654457024-QUIET,True,29.995,62,640,480,2.067,9.701,0.375,0.125,2.8979
941439998918389-JACKET 3,True,29.972,85,640,480,2.836,23.3461,0.375,0.25,6.7957
7473363153984902-DINOSAUR,True,30.169,89,640,480,2.95,15.1762,0.375,0.0,4.6458
32927782949773055-WELL,True,30.426,82,640,480,2.695,19.287,0.25,0.25,0.7249
07190579430721389-HITCHHIKE,True,17.142,42,640,480,2.45,18.6032,0.25,0.0,0.3202
17659395377249743-CHAIR,True,26.94,152,640,480,5.642,30.1965,0.25,0.25,0.5509
8910177559614034-APART,True,29.973,88,640,480,2.936,16.8773,0.125,0.0,
37889025706680046-SLIDE 2,True,30.0,90,640,480,3.0,17.6062,0.5,0.125,1.1861
17996767705308603-LIPSTICK,True,29.996,71,640,480,2.367,8.5294,0.375,0.0,1.2258
17512772041011715-MOCK,True,30.34,97,640,480,3.197,10.119,0.25,0.25,0.3487
41662220243914705-NEW,True,29.997,107,640,480,3.567,9.474,0.375,0.0,4.315
16973271441039817-WOLF,True,30.271,87,640,480,2.874,9.5327,0.375,0.0,1.6839
0638032411056142-WOMAN,True,30.452,74,640,480,2.43,4.7575,0.0,0.0,
8028016927072017-BRA 3,True,30.0,90,960,540,3.0,8.62,0.5,0.0,3.606
446587380027766-GRAPES 2,True,30.312,94,960,540,3.101,21.7975,0.625,0.625,1.3785
24362898130141986-DUCK,True,30.006,52,960,540,1.733,8.0014,0.5,0.0,0.3411
8085575898898538-WASH 3,True,29.997,98,960,540,3.267,26.5649,0.625,0.5,6.8703
5235985845837987-BRA 2,True,29.997,92,960,540,3.067,10.2612,0.375,0.0,3.7654
06056577522694706-REST ALL_DAY,True,30.004,70,960,540,2.333,12.7539,0.5,0.0,0.8146
388089591353721-FOREVER,True,30.651,64,960,540,2.088,11.2619,0.625,0.0,2.0573
8101729040960248-MICROSCOPE 3,True,30.591,74,960,540,2.419,9.9703,0.5,0.375,0.8966
5498802608265096-GRAMMAR,True,29.995,62,960,540,2.067,15.3792,0.5,0.5,0.7387
6435870891034039-CARROT 2,True,30.004,67,960,540,2.233,9.9354,0.625,0.0,3.2132
08408059125780443-CRY 4,True,30.0,60,960,540,2.0,7.3388,0.75,0.0,0.8978
9680722716555599-PENNY,True,30.0,57,960,540,1.9,9.8335,0.5,0.0,1.8508
3067629855363059-CLOSE EYES,True,30.0,66,960,540,2.2,15.7354,0.625,0.625,2.3104
6447861747943417-ROCKING CHAIR 2,True,30.603,74,960,540,2.418,17.4708,0.625,0.625,0.7998
021563088386113316-BOOTS,True,30.0,72,960,540,2.4,19.1689,0.75,0.625,9.007
7380427999191097-HALF HOUR,True,30.0,90,960,540,3.0,12.4346,0.375,0.25,0.7656
6579262515664734-WEIGH,True,29.996,83,960,540,2.767,7.9851,0.5,0.5,1.2097
07094542864791942-SHARPEN 1,True,29.996,77,960,540,2.567,12.0796,0.5,0.5,0.6992
3493244013209136-TEACH 2,True,29.967,81,960,540,2.703,14.1729,0.5,0.5,1.1107
8370733641565598-HOW,True,30.0,78,960,540,2.6,11.6366,0.375,0.25,3.5123
4093273889476343-BISON,True,30.004,73,960,540,2.433,24.198,0.625,0.625,2.4546
403895128040205-DIVIDE,True,29.977,64,960,540,2.135,9.1111,0.5,0.5,3.3786
06401585297247392-BALL,True,30.003,94,960,540,3.133,10.8336,0.5,0.5,1.0087
2823794466134719-KNIGHT 2,True,29.996,71,960,540,2.367,11.1961,0.5,0.0,3.2517
41448646806758704-BACK,True,30.829,55,960,540,1.784,10.1469,0.625,0.0,3.2184
4001378278154195-PHYSICS,True,30.0,69,960,540,2.3,18.9321,0.625,0.625,0.8804
579159472410089-PIZZA CUTTER,True,30.402,93,960,540,3.059,15.6976,0.625,0.625,1.5751
5298502182829976-SKUNK,True,30.709,55,960,540,1.791,25.0035,0.5,0.0,4.0731
6886634508506817-ROBOT,True,30.002,157,640,480,5.233,27.9174,0.5,0.0,20.4794
9407578919530861-MAKE BELIEVE,True,30.003,88,640,480,2.933,13.3716,0.375,0.0,1.3186
26060946278971486-CUTE 1,True,29.922,100,640,480,3.342,9.2084,0.375,0.0,0.3452
35867317948219957-PINEAPPLE,True,29.997,116,640,480,3.867,18.3011,0.5,0.375,2.5238
0352695201193336-PEPSI,True,29.971,104,640,480,3.47,12.0841,0.25,0.0,1.381
029222318140726733-SHOUT 2,True,29.996,80,640,480,2.667,14.9249,0.125,0.0,
6808582661766822-OFTEN,True,30.003,100,640,480,3.333,12.5728,0.375,0.375,0.649
30759692284144236-SIREN,True,30.0,111,640,480,3.7,21.965,0.375,0.25,3.216
7626466956618692-FAINT,True,29.92,116,640,480,3.877,28.2293,0.375,0.0,7.4263
5154326034616739-POLICEMAN,True,30.002,121,640,480,4.033,9.7826,0.25,0.0,0.0798
01502565597484895-FLIP,True,30.312,97,640,480,3.2,7.7989,0.375,0.0,2.7219
7473108605818439-SINGLE,True,29.997,104,640,480,3.467,8.0436,0.375,0.0,1.6592
5515681081506727-SICK,True,29.974,94,640,480,3.136,13.1354,0.25,0.25,0.0124
6502992831454479-BULL,True,29.922,100,640,480,3.342,10.985,0.5,0.0,4.2766
3128555900687866-SHRIMP,True,29.974,91,640,480,3.036,8.7759,0.375,0.0,3.3076
2750035175797547-MY,True,30.0,90,640,480,3.0,7.3594,0.5,0.0,3.2987
34625809561800525-UNAWARE,True,29.971,112,640,480,3.737,15.0983,0.375,0.0,2.0326
5759660875076875-PAINTBRUSH,True,29.918,106,640,480,3.543,15.2489,0.375,0.375,0.357
6422051297319356-ADDRESS,True,30.003,118,640,480,3.933,17.35,0.5,0.375,5.7851
7861185887976607-PERSON,True,29.971,123,640,480,4.104,12.3017,0.25,0.25,1.1226
2632070246864535-TRAFFIC,True,30.38,138,640,480,4.542,15.2257,0.625,0.0,10.61
3105258368546291-REQUEST,True,30.003,97,640,480,3.233,10.4009,0.375,0.0,2.5255
91068661504467-TRIP 2,True,30.003,97,640,480,3.233,15.6037,0.5,0.375,3.4939
1139444824516711-LAMP,True,30.417,99,640,480,3.255,24.5653,0.25,0.0,0.9067
9876463030465903-PROBLEM 2,True,30.367,105,640,480,3.458,15.2311,0.375,0.375,0.14
4207853041856162-FOR,True,30.329,97,640,480,3.198,13.3371,0.125,0.0,
17443784771536852-CANNON,True,29.973,113,640,480,3.77,17.9491,0.375,0.25,0.7849
16699107223038823-HABIT,True,30.0,117,640,480,3.9,23.9188,0.625,0.25,6.6856
